[{"team": "Alabama Crimson Tide", "score": 89, "home": true, "stats": {"Mark Sears": {"GP": 36.0, "MIN": 33.5, "PTS": 21.5, "REB": 4.1, "AST": 4.1, "STL": 1.7, "BLK": 0.1, "TO": 2.5, "FG%": 50.4, "FT%": 85.9, "3P%": 43.4}, "Aaron Estrada": {"GP": 36.0, "MIN": 30.8, "PTS": 13.4, "REB": 5.5, "AST": 4.7, "STL": 1.6, "BLK": 0.2, "TO": 2.3, "FG%": 44.9, "FT%": 84.7, "3P%": 30.3}, "Grant Nelson": {"GP": 36.0, "MIN": 25.5, "PTS": 11.7, "REB": 5.6, "AST": 1.6, "STL": 0.6, "BLK": 1.6, "TO": 1.4, "FG%": 49.1, "FT%": 80.8, "3P%": 27.4}, "Rylan Griffen": {"GP": 35.0, "MIN": 26.3, "PTS": 11.3, "REB": 3.5, "AST": 1.9, "STL": 0.5, "BLK": 0.2, "TO": 1.4, "FG%": 45.6, "FT%": 82.1, "3P%": 39.1}, "Latrell Wrightsell Jr.": {"GP": 30.0, "MIN": 23.5, "PTS": 9.0, "REB": 3.0, "AST": 1.4, "STL": 1.1, "BLK": 0.0, "TO": 0.6, "FG%": 44.7, "FT%": 100.0, "3P%": 44.3}, "Nick Pringle": {"GP": 33.0, "MIN": 18.3, "PTS": 7.0, "REB": 5.3, "AST": 0.7, "STL": 0.3, "BLK": 0.7, "TO": 1.0, "FG%": 63.2, "FT%": 54.7, "3P%": 0.0}, "Sam Walters": {"GP": 36.0, "MIN": 12.5, "PTS": 5.6, "REB": 2.4, "AST": 0.4, "STL": 0.2, "BLK": 0.3, "TO": 0.5, "FG%": 42.7, "FT%": 82.5, "3P%": 39.4}, "Jarin Stevenson": {"GP": 36.0, "MIN": 16.8, "PTS": 5.4, "REB": 2.7, "AST": 0.4, "STL": 0.2, "BLK": 0.3, "TO": 0.9, "FG%": 41.8, "FT%": 68.9, "3P%": 31.7}, "Davin Cosby Jr.": {"GP": 22.0, "MIN": 7.8, "PTS": 3.6, "REB": 0.9, "AST": 0.5, "STL": 0.3, "BLK": 0.0, "TO": 0.4, "FG%": 36.6, "FT%": 71.4, "3P%": 34.4}, "Mohamed Wague": {"GP": 33.0, "MIN": 8.5, "PTS": 3.1, "REB": 2.5, "AST": 0.5, "STL": 0.5, "BLK": 0.5, "TO": 0.7, "FG%": 62.7, "FT%": 75.0, "3P%": 50.0}, "Mouhamed Dioubate": {"GP": 32.0, "MIN": 7.8, "PTS": 3.0, "REB": 2.4, "AST": 0.4, "STL": 0.3, "BLK": 0.5, "TO": 0.4, "FG%": 48.6, "FT%": 47.1, "3P%": 9.1}, "Kai Spears": {"GP": 11.0, "MIN": 1.5, "PTS": 1.2, "REB": 0.3, "AST": 0.2, "STL": 0.0, "BLK": 0.0, "TO": 0.2, "FG%": 40.0, "FT%": 100.0, "3P%": 50.0}, "Max Scharnowski": {"GP": 12.0, "MIN": 1.6, "PTS": 0.6, "REB": 0.3, "AST": 0.1, "STL": 0.0, "BLK": 0.1, "TO": 0.1, "FG%": 100.0, "FT%": 100.0, "3P%": 0.0}}}, {"team": "Clemson Tigers", "score": 82, "home": false, "stats": {"PJ Hall": {"GP": 36.0, "MIN": 28.9, "PTS": 18.3, "REB": 6.4, "AST": 1.4, "STL": 0.8, "BLK": 1.4, "TO": 1.9, "FG%": 48.8, "FT%": 77.9, "3P%": 31.5}, "Joseph Girard III": {"GP": 36.0, "MIN": 32.9, "PTS": 15.1, "REB": 3.2, "AST": 2.9, "STL": 0.6, "BLK": 0.1, "TO": 1.5, "FG%": 43.0, "FT%": 93.5, "3P%": 41.3}, "Chase Hunter": {"GP": 36.0, "MIN": 32.8, "PTS": 12.9, "REB": 2.6, "AST": 3.2, "STL": 0.7, "BLK": 0.3, "TO": 1.8, "FG%": 42.4, "FT%": 85.0, "3P%": 31.1}, "Ian Schieffelin": {"GP": 36.0, "MIN": 27.4, "PTS": 10.1, "REB": 9.4, "AST": 2.2, "STL": 0.6, "BLK": 0.5, "TO": 1.3, "FG%": 56.4, "FT%": 73.1, "3P%": 46.9}, "RJ Godfrey": {"GP": 36.0, "MIN": 15.6, "PTS": 6.1, "REB": 3.4, "AST": 0.8, "STL": 0.5, "BLK": 0.6, "TO": 0.9, "FG%": 59.4, "FT%": 62.7, "3P%": 42.9}, "Chauncey Wiggins": {"GP": 36.0, "MIN": 17.7, "PTS": 5.4, "REB": 2.1, "AST": 0.9, "STL": 0.2, "BLK": 0.3, "TO": 0.7, "FG%": 44.2, "FT%": 71.4, "3P%": 34.9}, "Alex Hemenway": {"GP": 5.0, "MIN": 16.0, "PTS": 5.2, "REB": 0.6, "AST": 1.4, "STL": 0.4, "BLK": 0.2, "TO": 0.8, "FG%": 38.1, "FT%": 50.0, "3P%": 42.1}, "Jack Clark": {"GP": 25.0, "MIN": 23.5, "PTS": 4.7, "REB": 4.9, "AST": 1.4, "STL": 0.8, "BLK": 0.5, "TO": 0.6, "FG%": 39.8, "FT%": 76.9, "3P%": 30.2}, "Josh Beadle": {"GP": 32.0, "MIN": 10.8, "PTS": 3.0, "REB": 0.9, "AST": 0.8, "STL": 0.2, "BLK": 0.0, "TO": 0.6, "FG%": 47.3, "FT%": 68.8, "3P%": 14.3}, "Dillon Hunter": {"GP": 36.0, "MIN": 14.7, "PTS": 2.3, "REB": 1.6, "AST": 1.3, "STL": 0.4, "BLK": 0.1, "TO": 0.4, "FG%": 39.3, "FT%": 42.1, "3P%": 25.7}, "Bas Leyte": {"GP": 20.0, "MIN": 4.7, "PTS": 0.8, "REB": 0.8, "AST": 0.3, "STL": 0.1, "BLK": 0.2, "TO": 0.2, "FG%": 54.5, "FT%": 40.0, "3P%": 33.3}, "Andrew Latiff": {"GP": 5.0, "MIN": 1.4, "PTS": 0.4, "REB": 0.8, "AST": 0.0, "STL": 0.0, "BLK": 0.0, "TO": 0.2, "FG%": 25.0, "FT%": 0.0, "3P%": 0.0}, "Daniel Nauseef": {"GP": 5.0, "MIN": 1.8, "PTS": 0.0, "REB": 0.6, "AST": 0.0, "STL": 0.0, "BLK": 0.0, "TO": 0.0, "FG%": 0.0, "FT%": 0.0, "3P%": 0.0}, "Matt Kelly": {"GP": 5.0, "MIN": 1.8, "PTS": 0.0, "REB": 0.0, "AST": 0.0, "STL": 0.2, "BLK": 0.0, "TO": 0.2, "FG%": 0.0, "FT%": 0.0, "3P%": 0.0}}}]