[{"team": "Alabama Crimson Tide", "score": 109, "home": true, "stats": {"Mark Sears": {"GP": 33.0, "MIN": 33.0, "PTS": 21.4, "REB": 4.0, "AST": 4.1, "STL": 1.6, "BLK": 0.1, "TO": 2.4, "FG%": 50.9, "FT%": 85.8, "3P%": 43.3}, "Aaron Estrada": {"GP": 33.0, "MIN": 30.3, "PTS": 13.5, "REB": 5.3, "AST": 4.7, "STL": 1.6, "BLK": 0.2, "TO": 2.3, "FG%": 45.8, "FT%": 85.5, "3P%": 31.7}, "Grant Nelson": {"GP": 33.0, "MIN": 25.5, "PTS": 11.7, "REB": 5.5, "AST": 1.6, "STL": 0.6, "BLK": 1.5, "TO": 1.3, "FG%": 49.2, "FT%": 81.5, "3P%": 26.7}, "Rylan Griffen": {"GP": 32.0, "MIN": 25.9, "PTS": 10.9, "REB": 3.5, "AST": 1.8, "STL": 0.5, "BLK": 0.2, "TO": 1.5, "FG%": 44.7, "FT%": 84.3, "3P%": 37.8}, "Latrell Wrightsell Jr.": {"GP": 29.0, "MIN": 23.9, "PTS": 9.3, "REB": 3.1, "AST": 1.4, "STL": 1.1, "BLK": 0.0, "TO": 0.7, "FG%": 45.1, "FT%": 100.0, "3P%": 44.9}, "Nick Pringle": {"GP": 30.0, "MIN": 17.6, "PTS": 6.9, "REB": 4.9, "AST": 0.6, "STL": 0.3, "BLK": 0.7, "TO": 0.9, "FG%": 64.2, "FT%": 53.9, "3P%": 0.0}, "Sam Walters": {"GP": 33.0, "MIN": 12.5, "PTS": 5.8, "REB": 2.5, "AST": 0.4, "STL": 0.2, "BLK": 0.2, "TO": 0.5, "FG%": 44.2, "FT%": 82.5, "3P%": 41.1}, "Jarin Stevenson": {"GP": 33.0, "MIN": 16.7, "PTS": 5.3, "REB": 2.6, "AST": 0.5, "STL": 0.2, "BLK": 0.3, "TO": 1.0, "FG%": 40.8, "FT%": 72.1, "3P%": 30.3}, "Davin Cosby Jr.": {"GP": 22.0, "MIN": 7.8, "PTS": 3.6, "REB": 0.9, "AST": 0.5, "STL": 0.3, "BLK": 0.0, "TO": 0.4, "FG%": 36.6, "FT%": 71.4, "3P%": 34.4}, "Mohamed Wague": {"GP": 30.0, "MIN": 9.1, "PTS": 3.4, "REB": 2.7, "AST": 0.6, "STL": 0.6, "BLK": 0.5, "TO": 0.8, "FG%": 63.8, "FT%": 75.0, "3P%": 50.0}, "Mouhamed Dioubate": {"GP": 29.0, "MIN": 7.8, "PTS": 3.0, "REB": 2.4, "AST": 0.4, "STL": 0.3, "BLK": 0.5, "TO": 0.4, "FG%": 49.2, "FT%": 43.8, "3P%": 9.1}, "Kai Spears": {"GP": 11.0, "MIN": 1.5, "PTS": 1.2, "REB": 0.3, "AST": 0.2, "STL": 0.0, "BLK": 0.0, "TO": 0.2, "FG%": 40.0, "FT%": 100.0, "3P%": 50.0}, "Max Scharnowski": {"GP": 12.0, "MIN": 1.6, "PTS": 0.6, "REB": 0.3, "AST": 0.1, "STL": 0.0, "BLK": 0.1, "TO": 0.1, "FG%": 100.0, "FT%": 100.0, "3P%": 0.0}}}, {"team": "Charleston Cougars", "score": 96, "home": false, "stats": {"Reyne Smith": {"GP": 35.0, "MIN": 25.9, "PTS": 12.8, "REB": 2.1, "AST": 1.7, "STL": 0.5, "BLK": 0.1, "TO": 0.7, "FG%": 41.0, "FT%": 85.5, "3P%": 39.4}, "Ante Brzovic": {"GP": 35.0, "MIN": 22.6, "PTS": 12.1, "REB": 6.3, "AST": 2.4, "STL": 0.4, "BLK": 0.4, "TO": 1.7, "FG%": 46.7, "FT%": 65.3, "3P%": 22.1}, "Ben Burnham": {"GP": 35.0, "MIN": 22.2, "PTS": 11.9, "REB": 4.5, "AST": 0.9, "STL": 0.9, "BLK": 0.5, "TO": 1.0, "FG%": 46.4, "FT%": 69.5, "3P%": 36.8}, "Kobe Rodgers": {"GP": 31.0, "MIN": 21.7, "PTS": 9.7, "REB": 4.6, "AST": 2.2, "STL": 1.3, "BLK": 0.2, "TO": 1.5, "FG%": 50.0, "FT%": 79.8, "3P%": 45.0}, "Frankie Policelli": {"GP": 35.0, "MIN": 21.3, "PTS": 9.5, "REB": 5.1, "AST": 0.7, "STL": 0.4, "BLK": 0.3, "TO": 0.7, "FG%": 37.5, "FT%": 83.8, "3P%": 34.3}, "Bryce Butler": {"GP": 35.0, "MIN": 21.0, "PTS": 8.3, "REB": 3.8, "AST": 1.3, "STL": 0.5, "BLK": 0.3, "TO": 1.2, "FG%": 51.1, "FT%": 66.2, "3P%": 44.7}, "James Scott": {"GP": 35.0, "MIN": 16.1, "PTS": 5.0, "REB": 3.4, "AST": 0.6, "STL": 0.6, "BLK": 1.3, "TO": 0.5, "FG%": 79.2, "FT%": 44.0, "3P%": 0.0}, "Jordan Crawford": {"GP": 32.0, "MIN": 11.7, "PTS": 4.7, "REB": 0.8, "AST": 0.6, "STL": 0.3, "BLK": 0.0, "TO": 0.3, "FG%": 37.3, "FT%": 76.0, "3P%": 33.0}, "CJ Fulton": {"GP": 35.0, "MIN": 24.0, "PTS": 4.1, "REB": 3.1, "AST": 4.1, "STL": 1.0, "BLK": 0.0, "TO": 1.0, "FG%": 40.2, "FT%": 68.4, "3P%": 33.7}, "Khalil London": {"GP": 34.0, "MIN": 10.4, "PTS": 3.0, "REB": 1.4, "AST": 0.6, "STL": 0.3, "BLK": 0.0, "TO": 0.6, "FG%": 30.4, "FT%": 84.0, "3P%": 27.9}, "Mayar Wol": {"GP": 22.0, "MIN": 5.2, "PTS": 1.1, "REB": 1.5, "AST": 0.2, "STL": 0.3, "BLK": 0.0, "TO": 0.4, "FG%": 19.1, "FT%": 100.0, "3P%": 11.1}, "Spencer Legg": {"GP": 7.0, "MIN": 1.3, "PTS": 0.9, "REB": 0.3, "AST": 0.0, "STL": 0.0, "BLK": 0.0, "TO": 0.0, "FG%": 20.0, "FT%": 75.0, "3P%": 50.0}, "Evan Kilminster": {"GP": 19.0, "MIN": 5.8, "PTS": 0.7, "REB": 0.7, "AST": 0.8, "STL": 0.2, "BLK": 0.0, "TO": 0.6, "FG%": 25.0, "FT%": 0.0, "3P%": 23.1}, "Adam Comer": {"GP": 7.0, "MIN": 1.4, "PTS": 0.4, "REB": 0.4, "AST": 0.0, "STL": 0.0, "BLK": 0.0, "TO": 0.0, "FG%": 33.3, "FT%": 50.0, "3P%": 0.0}, "Jack Miller": {"GP": 7.0, "MIN": 1.3, "PTS": 0.0, "REB": 0.3, "AST": 0.0, "STL": 0.0, "BLK": 0.0, "TO": 0.0, "FG%": 0.0, "FT%": 0.0, "3P%": 0.0}, "Dylan Ritter": {"GP": 6.0, "MIN": 1.3, "PTS": 0.0, "REB": 0.2, "AST": 0.0, "STL": 0.0, "BLK": 0.0, "TO": 0.0, "FG%": 0.0, "FT%": 0.0, "3P%": 0.0}}}]