[{"team": "Alabama Crimson Tide", "score": 72, "home": true, "stats": {"Mark Sears": {"GP": 34.0, "MIN": 33.1, "PTS": 21.5, "REB": 4.2, "AST": 4.2, "STL": 1.7, "BLK": 0.1, "TO": 2.5, "FG%": 50.7, "FT%": 85.8, "3P%": 43.5}, "Aaron Estrada": {"GP": 34.0, "MIN": 30.5, "PTS": 13.3, "REB": 5.4, "AST": 4.7, "STL": 1.7, "BLK": 0.2, "TO": 2.3, "FG%": 45.2, "FT%": 85.5, "3P%": 30.8}, "Grant Nelson": {"GP": 34.0, "MIN": 25.3, "PTS": 11.4, "REB": 5.4, "AST": 1.6, "STL": 0.6, "BLK": 1.5, "TO": 1.3, "FG%": 48.5, "FT%": 81.3, "3P%": 26.5}, "Rylan Griffen": {"GP": 33.0, "MIN": 26.0, "PTS": 11.0, "REB": 3.4, "AST": 1.8, "STL": 0.5, "BLK": 0.2, "TO": 1.5, "FG%": 44.9, "FT%": 83.8, "3P%": 37.6}, "Latrell Wrightsell Jr.": {"GP": 30.0, "MIN": 23.5, "PTS": 9.0, "REB": 3.0, "AST": 1.4, "STL": 1.1, "BLK": 0.0, "TO": 0.6, "FG%": 44.7, "FT%": 100.0, "3P%": 44.3}, "Nick Pringle": {"GP": 31.0, "MIN": 17.8, "PTS": 6.8, "REB": 5.0, "AST": 0.5, "STL": 0.3, "BLK": 0.7, "TO": 1.0, "FG%": 64.8, "FT%": 53.8, "3P%": 0.0}, "Sam Walters": {"GP": 34.0, "MIN": 12.5, "PTS": 5.7, "REB": 2.5, "AST": 0.4, "STL": 0.2, "BLK": 0.3, "TO": 0.5, "FG%": 43.1, "FT%": 82.5, "3P%": 40.0}, "Jarin Stevenson": {"GP": 34.0, "MIN": 16.6, "PTS": 5.2, "REB": 2.6, "AST": 0.4, "STL": 0.2, "BLK": 0.3, "TO": 1.0, "FG%": 40.7, "FT%": 70.5, "3P%": 29.7}, "Davin Cosby Jr.": {"GP": 22.0, "MIN": 7.8, "PTS": 3.6, "REB": 0.9, "AST": 0.5, "STL": 0.3, "BLK": 0.0, "TO": 0.4, "FG%": 36.6, "FT%": 71.4, "3P%": 34.4}, "Mohamed Wague": {"GP": 31.0, "MIN": 8.9, "PTS": 3.3, "REB": 2.6, "AST": 0.5, "STL": 0.6, "BLK": 0.5, "TO": 0.7, "FG%": 63.8, "FT%": 75.0, "3P%": 50.0}, "Mouhamed Dioubate": {"GP": 30.0, "MIN": 7.9, "PTS": 3.2, "REB": 2.5, "AST": 0.4, "STL": 0.3, "BLK": 0.5, "TO": 0.4, "FG%": 49.3, "FT%": 47.1, "3P%": 9.1}, "Kai Spears": {"GP": 11.0, "MIN": 1.5, "PTS": 1.2, "REB": 0.3, "AST": 0.2, "STL": 0.0, "BLK": 0.0, "TO": 0.2, "FG%": 40.0, "FT%": 100.0, "3P%": 50.0}, "Max Scharnowski": {"GP": 12.0, "MIN": 1.6, "PTS": 0.6, "REB": 0.3, "AST": 0.1, "STL": 0.0, "BLK": 0.1, "TO": 0.1, "FG%": 100.0, "FT%": 100.0, "3P%": 0.0}}}, {"team": "Grand Canyon Lopes", "score": 61, "home": false, "stats": {"Tyon Grant-Foster": {"GP": 34.0, "MIN": 33.4, "PTS": 20.1, "REB": 6.1, "AST": 1.6, "STL": 1.7, "BLK": 1.5, "TO": 2.5, "FG%": 44.6, "FT%": 74.5, "3P%": 33.1}, "Ray Harrison": {"GP": 34.0, "MIN": 32.8, "PTS": 13.5, "REB": 2.9, "AST": 3.9, "STL": 0.8, "BLK": 0.2, "TO": 2.1, "FG%": 40.6, "FT%": 83.5, "3P%": 28.7}, "Gabe McGlothan": {"GP": 34.0, "MIN": 33.0, "PTS": 12.8, "REB": 7.3, "AST": 1.1, "STL": 1.3, "BLK": 0.9, "TO": 1.6, "FG%": 47.7, "FT%": 76.7, "3P%": 39.8}, "Collin Moore": {"GP": 35.0, "MIN": 25.6, "PTS": 8.2, "REB": 2.9, "AST": 2.0, "STL": 1.8, "BLK": 0.5, "TO": 1.8, "FG%": 42.3, "FT%": 78.8, "3P%": 29.5}, "Duke Brennan": {"GP": 35.0, "MIN": 22.9, "PTS": 7.0, "REB": 6.7, "AST": 0.5, "STL": 0.7, "BLK": 0.7, "TO": 1.3, "FG%": 58.3, "FT%": 57.8, "3P%": 50.0}, "Lok Wur": {"GP": 35.0, "MIN": 15.2, "PTS": 5.7, "REB": 3.3, "AST": 0.3, "STL": 0.6, "BLK": 1.1, "TO": 0.5, "FG%": 46.2, "FT%": 76.5, "3P%": 32.1}, "Jovan Blacksher Jr.": {"GP": 26.0, "MIN": 15.4, "PTS": 4.8, "REB": 1.0, "AST": 1.5, "STL": 0.8, "BLK": 0.1, "TO": 0.7, "FG%": 41.6, "FT%": 83.3, "3P%": 41.9}, "Sydney Curry": {"GP": 29.0, "MIN": 9.1, "PTS": 3.0, "REB": 2.4, "AST": 0.2, "STL": 0.3, "BLK": 0.3, "TO": 0.5, "FG%": 71.2, "FT%": 41.9, "3P%": 0.0}, "Josh Baker": {"GP": 32.0, "MIN": 11.0, "PTS": 2.9, "REB": 1.0, "AST": 1.1, "STL": 0.4, "BLK": 0.0, "TO": 0.6, "FG%": 44.6, "FT%": 87.5, "3P%": 31.7}, "Isaiah Shaw": {"GP": 32.0, "MIN": 7.9, "PTS": 2.6, "REB": 0.9, "AST": 0.2, "STL": 0.1, "BLK": 0.2, "TO": 0.4, "FG%": 36.8, "FT%": 82.6, "3P%": 30.4}, "Derrick Michael Xzavierro": {"GP": 14.0, "MIN": 3.6, "PTS": 1.7, "REB": 2.0, "AST": 0.2, "STL": 0.0, "BLK": 0.1, "TO": 0.2, "FG%": 56.3, "FT%": 57.1, "3P%": 33.3}, "Marquese Josephs": {"GP": 14.0, "MIN": 3.0, "PTS": 1.5, "REB": 0.3, "AST": 0.3, "STL": 0.1, "BLK": 0.2, "TO": 0.2, "FG%": 77.8, "FT%": 87.5, "3P%": 0.0}, "Noah Amenhauser": {"GP": 13.0, "MIN": 2.6, "PTS": 1.2, "REB": 0.5, "AST": 0.1, "STL": 0.0, "BLK": 0.2, "TO": 0.1, "FG%": 77.8, "FT%": 33.3, "3P%": 100.0}, "Malcolm Flaggs": {"GP": 11.0, "MIN": 2.5, "PTS": 0.8, "REB": 0.1, "AST": 0.1, "STL": 0.0, "BLK": 0.0, "TO": 0.1, "FG%": 37.5, "FT%": 100.0, "3P%": 33.3}}}]