[{"team": "Arizona Wildcats", "score": 78, "home": true, "stats": {"Caleb Love": {"GP": 35.0, "MIN": 32.2, "PTS": 18.1, "REB": 4.9, "AST": 3.5, "STL": 1.1, "BLK": 0.3, "TO": 2.0, "FG%": 41.8, "FT%": 83.6, "3P%": 34.3}, "Pelle Larsson": {"GP": 35.0, "MIN": 29.8, "PTS": 12.9, "REB": 4.1, "AST": 3.7, "STL": 0.9, "BLK": 0.2, "TO": 1.9, "FG%": 52.8, "FT%": 75.0, "3P%": 44.1}, "Oumar Ballo": {"GP": 35.0, "MIN": 25.8, "PTS": 12.9, "REB": 10.0, "AST": 0.8, "STL": 0.9, "BLK": 1.3, "TO": 1.4, "FG%": 65.7, "FT%": 50.8, "3P%": 0.0}, "Keshad Johnson": {"GP": 35.0, "MIN": 27.5, "PTS": 11.7, "REB": 5.7, "AST": 1.8, "STL": 1.0, "BLK": 0.7, "TO": 1.6, "FG%": 53.4, "FT%": 71.0, "3P%": 40.0}, "Kylan Boswell": {"GP": 35.0, "MIN": 27.2, "PTS": 9.8, "REB": 2.3, "AST": 3.7, "STL": 1.4, "BLK": 0.1, "TO": 1.7, "FG%": 40.0, "FT%": 79.5, "3P%": 38.5}, "Jaden Bradley": {"GP": 35.0, "MIN": 20.1, "PTS": 6.7, "REB": 2.3, "AST": 2.0, "STL": 1.0, "BLK": 0.1, "TO": 0.9, "FG%": 46.3, "FT%": 81.7, "3P%": 45.8}, "KJ Lewis": {"GP": 35.0, "MIN": 18.4, "PTS": 6.1, "REB": 3.1, "AST": 1.9, "STL": 1.1, "BLK": 0.3, "TO": 0.9, "FG%": 47.1, "FT%": 78.6, "3P%": 32.5}, "Motiejus Krivas": {"GP": 35.0, "MIN": 12.2, "PTS": 5.5, "REB": 4.3, "AST": 0.3, "STL": 0.3, "BLK": 0.5, "TO": 0.7, "FG%": 55.0, "FT%": 77.8, "3P%": 0.0}, "Paulius Murauskas": {"GP": 23.0, "MIN": 5.1, "PTS": 2.7, "REB": 1.2, "AST": 0.1, "STL": 0.1, "BLK": 0.0, "TO": 0.3, "FG%": 43.8, "FT%": 70.0, "3P%": 51.9}, "Filip Borovicanin": {"GP": 20.0, "MIN": 5.6, "PTS": 2.3, "REB": 1.6, "AST": 0.8, "STL": 0.2, "BLK": 0.1, "TO": 0.5, "FG%": 41.0, "FT%": 86.7, "3P%": 0.0}, "Conrad Martinez": {"GP": 19.0, "MIN": 3.6, "PTS": 0.9, "REB": 0.2, "AST": 0.6, "STL": 0.4, "BLK": 0.0, "TO": 0.2, "FG%": 43.8, "FT%": 66.7, "3P%": 14.3}, "Will Menaugh": {"GP": 10.0, "MIN": 1.4, "PTS": 0.4, "REB": 0.4, "AST": 0.0, "STL": 0.0, "BLK": 0.0, "TO": 0.0, "FG%": 50.0, "FT%": 0.0, "3P%": 0.0}, "Grant Weitman": {"GP": 18.0, "MIN": 2.2, "PTS": 0.4, "REB": 0.6, "AST": 0.1, "STL": 0.3, "BLK": 0.0, "TO": 0.0, "FG%": 25.0, "FT%": 100.0, "3P%": 25.0}, "Luke Champion": {"GP": 8.0, "MIN": 1.3, "PTS": 0.4, "REB": 0.1, "AST": 0.0, "STL": 0.1, "BLK": 0.0, "TO": 0.0, "FG%": 20.0, "FT%": 0.0, "3P%": 20.0}}}, {"team": "Dayton Flyers", "score": 68, "home": false, "stats": {"DaRon Holmes II": {"GP": 33.0, "MIN": 32.4, "PTS": 20.4, "REB": 8.5, "AST": 2.6, "STL": 0.9, "BLK": 2.1, "TO": 2.2, "FG%": 54.4, "FT%": 71.3, "3P%": 38.6}, "Nate Santos": {"GP": 33.0, "MIN": 33.5, "PTS": 11.7, "REB": 6.3, "AST": 1.5, "STL": 0.7, "BLK": 0.2, "TO": 1.4, "FG%": 47.1, "FT%": 75.0, "3P%": 41.8}, "Koby Brea": {"GP": 33.0, "MIN": 29.1, "PTS": 11.1, "REB": 3.8, "AST": 1.2, "STL": 0.5, "BLK": 0.3, "TO": 0.7, "FG%": 51.2, "FT%": 87.5, "3P%": 49.8}, "Kobe Elvis": {"GP": 33.0, "MIN": 28.5, "PTS": 9.4, "REB": 2.4, "AST": 3.5, "STL": 0.6, "BLK": 0.0, "TO": 1.6, "FG%": 37.9, "FT%": 84.7, "3P%": 37.0}, "Javon Bennett": {"GP": 31.0, "MIN": 28.6, "PTS": 8.4, "REB": 2.1, "AST": 3.3, "STL": 1.2, "BLK": 0.1, "TO": 1.0, "FG%": 39.3, "FT%": 82.0, "3P%": 31.6}, "Enoch Cheeks": {"GP": 33.0, "MIN": 30.6, "PTS": 8.1, "REB": 4.7, "AST": 2.0, "STL": 1.2, "BLK": 0.6, "TO": 1.6, "FG%": 44.4, "FT%": 68.4, "3P%": 30.4}, "Isaac Jack": {"GP": 33.0, "MIN": 8.5, "PTS": 3.1, "REB": 1.6, "AST": 0.2, "STL": 0.2, "BLK": 0.4, "TO": 0.7, "FG%": 71.7, "FT%": 71.4, "3P%": 0.0}, "Zimi Nwokeji": {"GP": 14.0, "MIN": 6.4, "PTS": 2.4, "REB": 1.0, "AST": 0.1, "STL": 0.2, "BLK": 0.0, "TO": 0.7, "FG%": 60.0, "FT%": 63.6, "3P%": 50.0}, "Brady Uhl": {"GP": 12.0, "MIN": 2.7, "PTS": 1.5, "REB": 0.1, "AST": 0.3, "STL": 0.1, "BLK": 0.0, "TO": 0.1, "FG%": 42.9, "FT%": 100.0, "3P%": 50.0}, "Petras Padegimas": {"GP": 25.0, "MIN": 7.8, "PTS": 1.1, "REB": 0.7, "AST": 0.3, "STL": 0.1, "BLK": 0.2, "TO": 0.3, "FG%": 40.0, "FT%": 50.0, "3P%": 40.0}, "CJ Napier": {"GP": 5.0, "MIN": 1.6, "PTS": 1.0, "REB": 0.8, "AST": 0.0, "STL": 0.0, "BLK": 0.0, "TO": 0.0, "FG%": 66.7, "FT%": 50.0, "3P%": 0.0}, "Atticus Schuler": {"GP": 8.0, "MIN": 2.0, "PTS": 0.4, "REB": 0.3, "AST": 0.3, "STL": 0.1, "BLK": 0.0, "TO": 0.0, "FG%": 100.0, "FT%": 0.0, "3P%": 100.0}, "Malachi Smith": {"GP": 1.0, "MIN": 7.0, "PTS": 0.0, "REB": 0.0, "AST": 2.0, "STL": 0.0, "BLK": 0.0, "TO": 1.0, "FG%": 0.0, "FT%": 0.0, "3P%": 0.0}, "Evan Dickey": {"GP": 3.0, "MIN": 1.3, "PTS": 0.0, "REB": 0.3, "AST": 0.3, "STL": 0.0, "BLK": 0.0, "TO": 0.3, "FG%": 0.0, "FT%": 0.0, "3P%": 0.0}, "Will Maxwell": {"GP": 3.0, "MIN": 2.0, "PTS": 0.0, "REB": 0.3, "AST": 0.0, "STL": 0.0, "BLK": 0.0, "TO": 0.0, "FG%": 0.0, "FT%": 0.0, "3P%": 0.0}, "Makai Grant": {"GP": 5.0, "MIN": 2.0, "PTS": 0.0, "REB": 0.4, "AST": 0.2, "STL": 0.0, "BLK": 0.0, "TO": 0.0, "FG%": 0.0, "FT%": 0.0, "3P%": 0.0}}}]