[{"team": "Arizona Wildcats", "score": 85, "home": true, "stats": {"Caleb Love": {"GP": 34.0, "MIN": 32.1, "PTS": 18.1, "REB": 4.9, "AST": 3.4, "STL": 1.1, "BLK": 0.3, "TO": 2.0, "FG%": 41.8, "FT%": 84.3, "3P%": 34.2}, "Oumar Ballo": {"GP": 34.0, "MIN": 25.9, "PTS": 13.0, "REB": 10.2, "AST": 0.8, "STL": 1.0, "BLK": 1.3, "TO": 1.4, "FG%": 65.4, "FT%": 50.8, "3P%": 0.0}, "Pelle Larsson": {"GP": 34.0, "MIN": 29.6, "PTS": 12.9, "REB": 4.0, "AST": 3.6, "STL": 0.9, "BLK": 0.2, "TO": 1.9, "FG%": 52.7, "FT%": 76.1, "3P%": 43.9}, "Keshad Johnson": {"GP": 34.0, "MIN": 27.3, "PTS": 11.6, "REB": 5.7, "AST": 1.9, "STL": 1.0, "BLK": 0.8, "TO": 1.6, "FG%": 53.2, "FT%": 71.0, "3P%": 39.8}, "Kylan Boswell": {"GP": 34.0, "MIN": 27.5, "PTS": 10.1, "REB": 2.4, "AST": 3.7, "STL": 1.4, "BLK": 0.1, "TO": 1.8, "FG%": 40.4, "FT%": 78.4, "3P%": 38.9}, "Jaden Bradley": {"GP": 34.0, "MIN": 19.9, "PTS": 6.5, "REB": 2.3, "AST": 2.0, "STL": 0.9, "BLK": 0.1, "TO": 1.0, "FG%": 46.5, "FT%": 81.5, "3P%": 43.5}, "KJ Lewis": {"GP": 34.0, "MIN": 18.5, "PTS": 6.1, "REB": 3.1, "AST": 1.9, "STL": 1.1, "BLK": 0.3, "TO": 0.9, "FG%": 46.4, "FT%": 79.1, "3P%": 30.8}, "Motiejus Krivas": {"GP": 34.0, "MIN": 12.3, "PTS": 5.5, "REB": 4.3, "AST": 0.3, "STL": 0.3, "BLK": 0.5, "TO": 0.7, "FG%": 54.3, "FT%": 77.8, "3P%": 0.0}, "Paulius Murauskas": {"GP": 23.0, "MIN": 5.1, "PTS": 2.7, "REB": 1.2, "AST": 0.1, "STL": 0.1, "BLK": 0.0, "TO": 0.3, "FG%": 43.8, "FT%": 70.0, "3P%": 51.9}, "Filip Borovicanin": {"GP": 20.0, "MIN": 5.6, "PTS": 2.3, "REB": 1.6, "AST": 0.8, "STL": 0.2, "BLK": 0.1, "TO": 0.5, "FG%": 41.0, "FT%": 86.7, "3P%": 0.0}, "Conrad Martinez": {"GP": 19.0, "MIN": 3.6, "PTS": 0.9, "REB": 0.2, "AST": 0.6, "STL": 0.4, "BLK": 0.0, "TO": 0.2, "FG%": 43.8, "FT%": 66.7, "3P%": 14.3}, "Will Menaugh": {"GP": 10.0, "MIN": 1.4, "PTS": 0.4, "REB": 0.4, "AST": 0.0, "STL": 0.0, "BLK": 0.0, "TO": 0.0, "FG%": 50.0, "FT%": 0.0, "3P%": 0.0}, "Grant Weitman": {"GP": 18.0, "MIN": 2.2, "PTS": 0.4, "REB": 0.6, "AST": 0.1, "STL": 0.3, "BLK": 0.0, "TO": 0.0, "FG%": 25.0, "FT%": 100.0, "3P%": 25.0}, "Luke Champion": {"GP": 8.0, "MIN": 1.3, "PTS": 0.4, "REB": 0.1, "AST": 0.0, "STL": 0.1, "BLK": 0.0, "TO": 0.0, "FG%": 20.0, "FT%": 0.0, "3P%": 20.0}}}, {"team": "Long Beach State Beach", "score": 65, "home": false, "stats": {"Marcus Tsohonis": {"GP": 31.0, "MIN": 29.0, "PTS": 17.6, "REB": 3.2, "AST": 2.9, "STL": 1.3, "BLK": 0.2, "TO": 2.0, "FG%": 40.0, "FT%": 76.9, "3P%": 29.3}, "Jadon Jones": {"GP": 34.0, "MIN": 30.4, "PTS": 12.1, "REB": 3.3, "AST": 1.6, "STL": 1.8, "BLK": 1.0, "TO": 1.1, "FG%": 41.9, "FT%": 85.2, "3P%": 37.7}, "Aboubacar Traore": {"GP": 36.0, "MIN": 30.9, "PTS": 12.0, "REB": 8.4, "AST": 4.5, "STL": 1.5, "BLK": 1.4, "TO": 2.6, "FG%": 51.7, "FT%": 66.5, "3P%": 8.7}, "Lassina Traore": {"GP": 35.0, "MIN": 30.3, "PTS": 11.9, "REB": 10.3, "AST": 1.2, "STL": 0.8, "BLK": 0.5, "TO": 1.9, "FG%": 52.4, "FT%": 69.7, "3P%": 25.0}, "AJ George": {"GP": 36.0, "MIN": 28.0, "PTS": 10.6, "REB": 4.1, "AST": 1.5, "STL": 0.7, "BLK": 0.5, "TO": 1.5, "FG%": 53.3, "FT%": 72.1, "3P%": 34.4}, "Messiah Thompson": {"GP": 35.0, "MIN": 18.2, "PTS": 5.8, "REB": 0.9, "AST": 1.9, "STL": 0.7, "BLK": 0.0, "TO": 1.2, "FG%": 35.8, "FT%": 60.7, "3P%": 28.4}, "Amari Stroud": {"GP": 32.0, "MIN": 14.5, "PTS": 4.3, "REB": 2.9, "AST": 0.3, "STL": 0.5, "BLK": 0.3, "TO": 1.0, "FG%": 47.8, "FT%": 64.5, "3P%": 37.5}, "Isa Silva": {"GP": 36.0, "MIN": 12.5, "PTS": 2.4, "REB": 1.1, "AST": 1.2, "STL": 0.5, "BLK": 0.1, "TO": 0.7, "FG%": 34.0, "FT%": 55.0, "3P%": 25.0}, "Varick Lewis": {"GP": 31.0, "MIN": 5.8, "PTS": 2.3, "REB": 0.5, "AST": 0.1, "STL": 0.3, "BLK": 0.0, "TO": 0.3, "FG%": 31.6, "FT%": 87.5, "3P%": 23.2}, "Chayce Polynice": {"GP": 29.0, "MIN": 5.9, "PTS": 1.7, "REB": 1.0, "AST": 0.3, "STL": 0.1, "BLK": 0.3, "TO": 0.2, "FG%": 43.9, "FT%": 50.0, "3P%": 27.3}, "Jason Hart Jr.": {"GP": 24.0, "MIN": 6.7, "PTS": 1.6, "REB": 0.9, "AST": 0.7, "STL": 0.1, "BLK": 0.0, "TO": 0.5, "FG%": 33.3, "FT%": 77.8, "3P%": 16.7}, "Jeffrey Yan": {"GP": 11.0, "MIN": 2.2, "PTS": 0.7, "REB": 0.7, "AST": 0.0, "STL": 0.0, "BLK": 0.1, "TO": 0.1, "FG%": 50.0, "FT%": 50.0, "3P%": 0.0}, "Maddox Monson": {"GP": 12.0, "MIN": 2.5, "PTS": 0.6, "REB": 0.1, "AST": 0.1, "STL": 0.2, "BLK": 0.0, "TO": 0.1, "FG%": 33.3, "FT%": 0.0, "3P%": 20.0}, "Eli Djordjevic": {"GP": 5.0, "MIN": 4.8, "PTS": 0.4, "REB": 2.2, "AST": 0.2, "STL": 0.0, "BLK": 0.0, "TO": 0.0, "FG%": 14.3, "FT%": 0.0, "3P%": 0.0}}}]