[{"team": "Auburn Tigers", "score": 73, "home": true, "stats": {"Johni Broome": {"GP": 33.0, "MIN": 24.7, "PTS": 16.2, "REB": 8.3, "AST": 2.1, "STL": 0.9, "BLK": 2.2, "TO": 1.5, "FG%": 54.0, "FT%": 59.8, "3P%": 36.0}, "Jaylin Williams": {"GP": 32.0, "MIN": 24.1, "PTS": 12.6, "REB": 4.4, "AST": 2.0, "STL": 0.7, "BLK": 0.6, "TO": 1.1, "FG%": 57.7, "FT%": 83.2, "3P%": 40.2}, "Chad Baker-Mazara": {"GP": 33.0, "MIN": 22.2, "PTS": 10.3, "REB": 3.8, "AST": 2.2, "STL": 1.1, "BLK": 0.5, "TO": 1.2, "FG%": 45.2, "FT%": 88.0, "3P%": 41.6}, "Denver Jones": {"GP": 33.0, "MIN": 21.8, "PTS": 8.8, "REB": 2.0, "AST": 1.4, "STL": 0.8, "BLK": 0.1, "TO": 0.9, "FG%": 43.3, "FT%": 88.7, "3P%": 41.2}, "Aden Holloway": {"GP": 33.0, "MIN": 20.5, "PTS": 7.6, "REB": 1.5, "AST": 2.8, "STL": 0.5, "BLK": 0.0, "TO": 0.9, "FG%": 32.4, "FT%": 76.5, "3P%": 30.7}, "K.D. Johnson": {"GP": 33.0, "MIN": 17.5, "PTS": 7.2, "REB": 1.8, "AST": 1.4, "STL": 1.2, "BLK": 0.2, "TO": 0.9, "FG%": 38.5, "FT%": 77.5, "3P%": 28.6}, "Tre Donaldson": {"GP": 33.0, "MIN": 18.9, "PTS": 6.7, "REB": 2.3, "AST": 3.2, "STL": 0.8, "BLK": 0.0, "TO": 1.3, "FG%": 47.2, "FT%": 82.9, "3P%": 39.7}, "Dylan Cardwell": {"GP": 33.0, "MIN": 14.7, "PTS": 5.3, "REB": 3.7, "AST": 1.2, "STL": 0.6, "BLK": 1.5, "TO": 0.8, "FG%": 70.0, "FT%": 56.7, "3P%": 40.0}, "Chaney Johnson": {"GP": 33.0, "MIN": 15.4, "PTS": 4.7, "REB": 3.6, "AST": 0.8, "STL": 0.5, "BLK": 0.5, "TO": 0.9, "FG%": 50.4, "FT%": 73.7, "3P%": 27.6}, "Chris Moore": {"GP": 32.0, "MIN": 13.7, "PTS": 2.3, "REB": 1.7, "AST": 0.7, "STL": 0.4, "BLK": 0.3, "TO": 0.5, "FG%": 44.3, "FT%": 76.2, "3P%": 22.7}, "Lior Berman": {"GP": 28.0, "MIN": 6.5, "PTS": 1.7, "REB": 1.1, "AST": 0.3, "STL": 0.1, "BLK": 0.0, "TO": 0.2, "FG%": 44.4, "FT%": 66.7, "3P%": 35.3}, "Blake Muschalek": {"GP": 14.0, "MIN": 1.4, "PTS": 0.6, "REB": 0.1, "AST": 0.1, "STL": 0.1, "BLK": 0.0, "TO": 0.1, "FG%": 0.0, "FT%": 61.5, "3P%": 0.0}, "Addarin Scott": {"GP": 15.0, "MIN": 1.4, "PTS": 0.4, "REB": 0.4, "AST": 0.1, "STL": 0.1, "BLK": 0.2, "TO": 0.1, "FG%": 66.7, "FT%": 100.0, "3P%": 0.0}, "Jalen Harper": {"GP": 12.0, "MIN": 1.3, "PTS": 0.3, "REB": 0.0, "AST": 0.1, "STL": 0.0, "BLK": 0.0, "TO": 0.0, "FG%": 20.0, "FT%": 0.0, "3P%": 0.0}, "Carter Sobera": {"GP": 14.0, "MIN": 1.4, "PTS": 0.0, "REB": 0.4, "AST": 0.0, "STL": 0.0, "BLK": 0.0, "TO": 0.0, "FG%": 0.0, "FT%": 0.0, "3P%": 0.0}, "Presley Patterson": {"GP": 2.0, "MIN": 1.0, "PTS": 0.0, "REB": 0.5, "AST": 0.0, "STL": 0.0, "BLK": 0.0, "TO": 0.0, "FG%": 0.0, "FT%": 0.0, "3P%": 0.0}, "Haston Alexander": {"GP": 1.0, "MIN": 1.0, "PTS": 0.0, "REB": 1.0, "AST": 0.0, "STL": 0.0, "BLK": 0.0, "TO": 0.0, "FG%": 0.0, "FT%": 0.0, "3P%": 0.0}}}, {"team": "Mississippi State Bulldogs", "score": 66, "home": false, "stats": {"Josh Hubbard": {"GP": 34.0, "MIN": 27.5, "PTS": 17.1, "REB": 2.1, "AST": 1.7, "STL": 0.7, "BLK": 0.1, "TO": 1.2, "FG%": 38.7, "FT%": 85.3, "3P%": 35.8}, "Tolu Smith": {"GP": 22.0, "MIN": 28.3, "PTS": 15.2, "REB": 8.4, "AST": 1.3, "STL": 0.6, "BLK": 0.4, "TO": 2.5, "FG%": 56.4, "FT%": 58.2, "3P%": 0.0}, "Cameron Matthews": {"GP": 34.0, "MIN": 28.9, "PTS": 9.5, "REB": 6.9, "AST": 2.9, "STL": 2.0, "BLK": 0.7, "TO": 2.2, "FG%": 62.4, "FT%": 55.7, "3P%": 8.7}, "Shakeel Moore": {"GP": 32.0, "MIN": 23.4, "PTS": 8.0, "REB": 2.2, "AST": 1.8, "STL": 0.9, "BLK": 0.2, "TO": 1.1, "FG%": 47.5, "FT%": 71.4, "3P%": 36.8}, "Dashawn Davis": {"GP": 34.0, "MIN": 23.7, "PTS": 6.7, "REB": 1.8, "AST": 2.6, "STL": 1.6, "BLK": 0.1, "TO": 1.3, "FG%": 37.7, "FT%": 70.2, "3P%": 34.8}, "D.J. Jeffries": {"GP": 32.0, "MIN": 26.5, "PTS": 6.4, "REB": 5.7, "AST": 1.7, "STL": 1.1, "BLK": 0.4, "TO": 1.3, "FG%": 40.6, "FT%": 59.3, "3P%": 26.9}, "Trey Fort": {"GP": 19.0, "MIN": 11.7, "PTS": 5.2, "REB": 1.8, "AST": 0.5, "STL": 0.2, "BLK": 0.2, "TO": 0.6, "FG%": 38.2, "FT%": 64.3, "3P%": 34.9}, "Jimmy Bell Jr.": {"GP": 34.0, "MIN": 15.7, "PTS": 5.1, "REB": 5.0, "AST": 0.5, "STL": 0.4, "BLK": 0.6, "TO": 1.3, "FG%": 46.9, "FT%": 64.6, "3P%": 0.0}, "KeShawn Murphy": {"GP": 20.0, "MIN": 13.1, "PTS": 5.0, "REB": 3.2, "AST": 0.9, "STL": 0.2, "BLK": 0.4, "TO": 1.0, "FG%": 48.8, "FT%": 69.6, "3P%": 20.0}, "Shawn Jones Jr.": {"GP": 34.0, "MIN": 17.1, "PTS": 4.6, "REB": 1.9, "AST": 0.9, "STL": 0.6, "BLK": 0.4, "TO": 0.8, "FG%": 42.3, "FT%": 76.7, "3P%": 28.1}, "Andrew Taylor": {"GP": 7.0, "MIN": 10.9, "PTS": 3.9, "REB": 1.4, "AST": 1.3, "STL": 0.3, "BLK": 0.0, "TO": 0.3, "FG%": 40.0, "FT%": 100.0, "3P%": 40.0}, "Gai Chol": {"GP": 15.0, "MIN": 6.8, "PTS": 2.3, "REB": 1.5, "AST": 0.0, "STL": 0.0, "BLK": 0.1, "TO": 0.3, "FG%": 60.0, "FT%": 100.0, "3P%": 0.0}, "Jaquan Scott": {"GP": 11.0, "MIN": 5.5, "PTS": 1.2, "REB": 1.5, "AST": 0.4, "STL": 0.4, "BLK": 0.1, "TO": 0.6, "FG%": 40.0, "FT%": 20.0, "3P%": 0.0}, "Adrian Myers": {"GP": 9.0, "MIN": 3.7, "PTS": 1.1, "REB": 0.6, "AST": 0.0, "STL": 0.2, "BLK": 0.0, "TO": 0.8, "FG%": 36.4, "FT%": 0.0, "3P%": 22.2}, "Isaac Stansbury": {"GP": 7.0, "MIN": 1.0, "PTS": 0.0, "REB": 0.3, "AST": 0.1, "STL": 0.0, "BLK": 0.0, "TO": 0.4, "FG%": 0.0, "FT%": 0.0, "3P%": 0.0}}}]