[{"team": "Auburn Tigers", "score": 86, "home": true, "stats": {"Johni Broome": {"GP": 34.0, "MIN": 24.7, "PTS": 16.2, "REB": 8.4, "AST": 2.1, "STL": 0.9, "BLK": 2.3, "TO": 1.5, "FG%": 54.4, "FT%": 60.2, "3P%": 35.1}, "Jaylin Williams": {"GP": 33.0, "MIN": 24.0, "PTS": 12.4, "REB": 4.4, "AST": 1.9, "STL": 0.7, "BLK": 0.7, "TO": 1.1, "FG%": 57.0, "FT%": 83.2, "3P%": 39.8}, "Chad Baker-Mazara": {"GP": 34.0, "MIN": 22.2, "PTS": 10.3, "REB": 3.8, "AST": 2.2, "STL": 1.1, "BLK": 0.5, "TO": 1.1, "FG%": 45.2, "FT%": 87.6, "3P%": 41.8}, "Denver Jones": {"GP": 34.0, "MIN": 21.7, "PTS": 8.9, "REB": 2.0, "AST": 1.4, "STL": 0.7, "BLK": 0.1, "TO": 0.9, "FG%": 43.3, "FT%": 87.8, "3P%": 41.0}, "Aden Holloway": {"GP": 34.0, "MIN": 20.4, "PTS": 7.6, "REB": 1.5, "AST": 2.8, "STL": 0.4, "BLK": 0.0, "TO": 0.9, "FG%": 32.4, "FT%": 77.4, "3P%": 30.8}, "K.D. Johnson": {"GP": 34.0, "MIN": 17.5, "PTS": 7.1, "REB": 1.8, "AST": 1.3, "STL": 1.1, "BLK": 0.2, "TO": 0.9, "FG%": 38.0, "FT%": 78.0, "3P%": 28.0}, "Tre Donaldson": {"GP": 34.0, "MIN": 19.0, "PTS": 6.8, "REB": 2.3, "AST": 3.2, "STL": 0.9, "BLK": 0.0, "TO": 1.3, "FG%": 47.8, "FT%": 82.9, "3P%": 40.9}, "Dylan Cardwell": {"GP": 34.0, "MIN": 14.7, "PTS": 5.4, "REB": 3.7, "AST": 1.2, "STL": 0.6, "BLK": 1.6, "TO": 0.8, "FG%": 70.6, "FT%": 58.7, "3P%": 40.0}, "Chaney Johnson": {"GP": 34.0, "MIN": 15.4, "PTS": 4.7, "REB": 3.5, "AST": 0.8, "STL": 0.5, "BLK": 0.5, "TO": 0.9, "FG%": 50.0, "FT%": 73.7, "3P%": 28.1}, "Chris Moore": {"GP": 33.0, "MIN": 13.8, "PTS": 2.5, "REB": 1.8, "AST": 0.8, "STL": 0.4, "BLK": 0.3, "TO": 0.5, "FG%": 46.9, "FT%": 77.3, "3P%": 22.7}, "Lior Berman": {"GP": 28.0, "MIN": 6.5, "PTS": 1.7, "REB": 1.1, "AST": 0.3, "STL": 0.1, "BLK": 0.0, "TO": 0.2, "FG%": 44.4, "FT%": 66.7, "3P%": 35.3}, "Blake Muschalek": {"GP": 15.0, "MIN": 1.4, "PTS": 0.5, "REB": 0.1, "AST": 0.1, "STL": 0.1, "BLK": 0.0, "TO": 0.1, "FG%": 0.0, "FT%": 61.5, "3P%": 0.0}, "Addarin Scott": {"GP": 15.0, "MIN": 1.4, "PTS": 0.4, "REB": 0.4, "AST": 0.1, "STL": 0.1, "BLK": 0.2, "TO": 0.1, "FG%": 66.7, "FT%": 100.0, "3P%": 0.0}, "Jalen Harper": {"GP": 13.0, "MIN": 1.2, "PTS": 0.3, "REB": 0.0, "AST": 0.1, "STL": 0.0, "BLK": 0.0, "TO": 0.0, "FG%": 20.0, "FT%": 0.0, "3P%": 0.0}, "Carter Sobera": {"GP": 15.0, "MIN": 1.3, "PTS": 0.0, "REB": 0.3, "AST": 0.0, "STL": 0.0, "BLK": 0.0, "TO": 0.0, "FG%": 0.0, "FT%": 0.0, "3P%": 0.0}, "Presley Patterson": {"GP": 3.0, "MIN": 1.0, "PTS": 0.0, "REB": 0.7, "AST": 0.0, "STL": 0.0, "BLK": 0.0, "TO": 0.3, "FG%": 0.0, "FT%": 0.0, "3P%": 0.0}, "Haston Alexander": {"GP": 1.0, "MIN": 1.0, "PTS": 0.0, "REB": 1.0, "AST": 0.0, "STL": 0.0, "BLK": 0.0, "TO": 0.0, "FG%": 0.0, "FT%": 0.0, "3P%": 0.0}}}, {"team": "Florida Gators", "score": 67, "home": false, "stats": {"Walter Clayton Jr.": {"GP": 35.0, "MIN": 31.1, "PTS": 17.1, "REB": 3.6, "AST": 2.6, "STL": 1.1, "BLK": 0.6, "TO": 2.3, "FG%": 42.6, "FT%": 87.6, "3P%": 36.3}, "Zyon Pullin": {"GP": 32.0, "MIN": 33.5, "PTS": 15.6, "REB": 4.0, "AST": 4.9, "STL": 0.9, "BLK": 0.1, "TO": 1.3, "FG%": 44.5, "FT%": 84.7, "3P%": 44.7}, "Tyrese Samuel": {"GP": 35.0, "MIN": 26.8, "PTS": 14.0, "REB": 7.5, "AST": 1.8, "STL": 1.2, "BLK": 1.1, "TO": 1.7, "FG%": 56.3, "FT%": 56.3, "3P%": 16.0}, "Will Richard": {"GP": 35.0, "MIN": 29.5, "PTS": 11.3, "REB": 4.0, "AST": 1.3, "STL": 1.0, "BLK": 0.5, "TO": 1.3, "FG%": 40.5, "FT%": 80.2, "3P%": 34.0}, "Riley Kugel": {"GP": 32.0, "MIN": 23.5, "PTS": 9.1, "REB": 3.5, "AST": 1.5, "STL": 1.0, "BLK": 0.2, "TO": 2.0, "FG%": 39.1, "FT%": 68.7, "3P%": 30.8}, "Alex Condon": {"GP": 35.0, "MIN": 20.1, "PTS": 7.7, "REB": 6.3, "AST": 1.1, "STL": 0.4, "BLK": 1.2, "TO": 1.5, "FG%": 46.5, "FT%": 67.3, "3P%": 29.7}, "Micah Handlogten": {"GP": 33.0, "MIN": 19.0, "PTS": 5.3, "REB": 6.9, "AST": 0.8, "STL": 0.6, "BLK": 0.9, "TO": 0.7, "FG%": 62.2, "FT%": 38.2, "3P%": 50.0}, "Thomas Haugh": {"GP": 35.0, "MIN": 14.5, "PTS": 3.9, "REB": 3.7, "AST": 0.6, "STL": 0.3, "BLK": 0.7, "TO": 0.4, "FG%": 44.8, "FT%": 44.4, "3P%": 24.4}, "Denzel Aberdeen": {"GP": 31.0, "MIN": 9.6, "PTS": 3.3, "REB": 0.9, "AST": 0.7, "STL": 0.4, "BLK": 0.1, "TO": 0.4, "FG%": 40.4, "FT%": 63.6, "3P%": 34.4}, "Julian Rishwain": {"GP": 8.0, "MIN": 7.6, "PTS": 1.6, "REB": 1.6, "AST": 0.8, "STL": 0.3, "BLK": 0.0, "TO": 0.0, "FG%": 36.4, "FT%": 50.0, "3P%": 40.0}, "Kajus Kublickas": {"GP": 9.0, "MIN": 4.0, "PTS": 0.8, "REB": 0.3, "AST": 0.4, "STL": 0.1, "BLK": 0.0, "TO": 0.4, "FG%": 50.0, "FT%": 83.3, "3P%": 0.0}, "Bennett Andersen": {"GP": 4.0, "MIN": 0.5, "PTS": 0.5, "REB": 0.0, "AST": 0.0, "STL": 0.0, "BLK": 0.0, "TO": 0.0, "FG%": 100.0, "FT%": 0.0, "3P%": 0.0}, "Alex Klatsky": {"GP": 8.0, "MIN": 0.9, "PTS": 0.0, "REB": 0.0, "AST": 0.0, "STL": 0.0, "BLK": 0.0, "TO": 0.0, "FG%": 0.0, "FT%": 0.0, "3P%": 0.0}, "Jack May": {"GP": 6.0, "MIN": 0.7, "PTS": 0.0, "REB": 0.2, "AST": 0.0, "STL": 0.3, "BLK": 0.0, "TO": 0.2, "FG%": 0.0, "FT%": 0.0, "3P%": 0.0}, "Cooper Josefsberg": {"GP": 2.0, "MIN": 0.5, "PTS": 0.0, "REB": 0.0, "AST": 0.0, "STL": 0.0, "BLK": 0.0, "TO": 0.0, "FG%": 0.0, "FT%": 0.0, "3P%": 0.0}}}]