[{"team": "Clemson Tigers", "score": 77, "home": true, "stats": {"PJ Hall": {"GP": 33.0, "MIN": 29.3, "PTS": 18.7, "REB": 6.5, "AST": 1.5, "STL": 0.8, "BLK": 1.5, "TO": 1.7, "FG%": 49.3, "FT%": 79.1, "3P%": 32.3}, "Joseph Girard III": {"GP": 33.0, "MIN": 32.8, "PTS": 15.4, "REB": 3.3, "AST": 2.8, "STL": 0.6, "BLK": 0.1, "TO": 1.6, "FG%": 42.9, "FT%": 94.8, "3P%": 41.9}, "Chase Hunter": {"GP": 33.0, "MIN": 32.5, "PTS": 12.5, "REB": 2.4, "AST": 3.0, "STL": 0.6, "BLK": 0.3, "TO": 1.7, "FG%": 41.6, "FT%": 85.1, "3P%": 31.9}, "Ian Schieffelin": {"GP": 33.0, "MIN": 27.0, "PTS": 9.8, "REB": 9.6, "AST": 2.2, "STL": 0.6, "BLK": 0.5, "TO": 1.3, "FG%": 57.1, "FT%": 75.9, "3P%": 50.0}, "RJ Godfrey": {"GP": 33.0, "MIN": 15.6, "PTS": 5.8, "REB": 3.4, "AST": 0.8, "STL": 0.5, "BLK": 0.7, "TO": 0.9, "FG%": 58.9, "FT%": 55.8, "3P%": 33.3}, "Chauncey Wiggins": {"GP": 33.0, "MIN": 18.0, "PTS": 5.6, "REB": 2.3, "AST": 0.9, "STL": 0.2, "BLK": 0.3, "TO": 0.8, "FG%": 44.2, "FT%": 71.4, "3P%": 34.2}, "Alex Hemenway": {"GP": 5.0, "MIN": 16.0, "PTS": 5.2, "REB": 0.6, "AST": 1.4, "STL": 0.4, "BLK": 0.2, "TO": 0.8, "FG%": 38.1, "FT%": 50.0, "3P%": 42.1}, "Jack Clark": {"GP": 22.0, "MIN": 22.5, "PTS": 4.4, "REB": 4.9, "AST": 1.4, "STL": 0.8, "BLK": 0.5, "TO": 0.5, "FG%": 37.5, "FT%": 81.8, "3P%": 27.7}, "Josh Beadle": {"GP": 31.0, "MIN": 11.1, "PTS": 3.1, "REB": 1.0, "AST": 0.8, "STL": 0.2, "BLK": 0.0, "TO": 0.6, "FG%": 47.3, "FT%": 68.8, "3P%": 14.3}, "Dillon Hunter": {"GP": 33.0, "MIN": 15.0, "PTS": 2.5, "REB": 1.6, "AST": 1.4, "STL": 0.5, "BLK": 0.1, "TO": 0.4, "FG%": 39.5, "FT%": 44.4, "3P%": 27.3}, "Bas Leyte": {"GP": 20.0, "MIN": 4.7, "PTS": 0.8, "REB": 0.8, "AST": 0.3, "STL": 0.1, "BLK": 0.2, "TO": 0.2, "FG%": 54.5, "FT%": 40.0, "3P%": 33.3}, "Andrew Latiff": {"GP": 5.0, "MIN": 1.4, "PTS": 0.4, "REB": 0.8, "AST": 0.0, "STL": 0.0, "BLK": 0.0, "TO": 0.2, "FG%": 25.0, "FT%": 0.0, "3P%": 0.0}, "Daniel Nauseef": {"GP": 5.0, "MIN": 1.8, "PTS": 0.0, "REB": 0.6, "AST": 0.0, "STL": 0.0, "BLK": 0.0, "TO": 0.0, "FG%": 0.0, "FT%": 0.0, "3P%": 0.0}, "Matt Kelly": {"GP": 5.0, "MIN": 1.8, "PTS": 0.0, "REB": 0.0, "AST": 0.0, "STL": 0.2, "BLK": 0.0, "TO": 0.2, "FG%": 0.0, "FT%": 0.0, "3P%": 0.0}}}, {"team": "New Mexico Lobos", "score": 56, "home": false, "stats": {"Jaelen House": {"GP": 31.0, "MIN": 29.4, "PTS": 15.9, "REB": 3.5, "AST": 3.5, "STL": 2.3, "BLK": 0.2, "TO": 1.8, "FG%": 37.4, "FT%": 88.5, "3P%": 32.8}, "Jamal Mashburn Jr.": {"GP": 28.0, "MIN": 29.4, "PTS": 14.1, "REB": 2.1, "AST": 1.5, "STL": 0.4, "BLK": 0.1, "TO": 1.3, "FG%": 36.0, "FT%": 84.7, "3P%": 31.7}, "Donovan Dent": {"GP": 35.0, "MIN": 31.3, "PTS": 14.1, "REB": 2.5, "AST": 5.4, "STL": 1.5, "BLK": 0.7, "TO": 2.3, "FG%": 52.0, "FT%": 68.2, "3P%": 37.5}, "JT Toppin": {"GP": 36.0, "MIN": 26.6, "PTS": 12.4, "REB": 9.1, "AST": 0.6, "STL": 1.1, "BLK": 1.9, "TO": 0.9, "FG%": 62.3, "FT%": 56.5, "3P%": 34.4}, "Nelly Junior Joseph": {"GP": 36.0, "MIN": 26.3, "PTS": 8.9, "REB": 8.2, "AST": 1.0, "STL": 1.1, "BLK": 1.4, "TO": 1.5, "FG%": 55.0, "FT%": 52.3, "3P%": 0.0}, "Mustapha Amzil": {"GP": 35.0, "MIN": 18.6, "PTS": 6.7, "REB": 3.5, "AST": 0.7, "STL": 0.6, "BLK": 0.3, "TO": 0.7, "FG%": 40.3, "FT%": 77.1, "3P%": 29.2}, "Tru Washington": {"GP": 35.0, "MIN": 17.9, "PTS": 6.6, "REB": 3.3, "AST": 1.3, "STL": 1.4, "BLK": 0.2, "TO": 1.1, "FG%": 42.2, "FT%": 67.8, "3P%": 28.2}, "Jemarl Baker Jr.": {"GP": 35.0, "MIN": 17.6, "PTS": 4.4, "REB": 1.5, "AST": 1.0, "STL": 0.3, "BLK": 0.1, "TO": 0.3, "FG%": 39.6, "FT%": 70.0, "3P%": 38.0}, "Braden Appelhans": {"GP": 16.0, "MIN": 5.8, "PTS": 2.5, "REB": 0.6, "AST": 0.3, "STL": 0.3, "BLK": 0.1, "TO": 0.3, "FG%": 38.2, "FT%": 100.0, "3P%": 40.0}, "Quinton Webb": {"GP": 19.0, "MIN": 9.0, "PTS": 2.0, "REB": 1.4, "AST": 0.1, "STL": 0.6, "BLK": 0.2, "TO": 0.3, "FG%": 50.0, "FT%": 25.0, "3P%": 29.4}, "Isaac Mushila": {"GP": 25.0, "MIN": 8.7, "PTS": 1.8, "REB": 2.7, "AST": 0.4, "STL": 0.3, "BLK": 0.1, "TO": 0.4, "FG%": 28.9, "FT%": 67.9, "3P%": 25.0}, "Sebastian Forsling": {"GP": 22.0, "MIN": 4.3, "PTS": 1.0, "REB": 1.0, "AST": 0.4, "STL": 0.0, "BLK": 0.0, "TO": 0.1, "FG%": 69.2, "FT%": 50.0, "3P%": 0.0}}}]