[{"team": "Clemson Tigers", "score": 72, "home": false, "stats": {"PJ Hall": {"GP": 34.0, "MIN": 29.0, "PTS": 18.5, "REB": 6.4, "AST": 1.4, "STL": 0.8, "BLK": 1.5, "TO": 1.7, "FG%": 49.0, "FT%": 79.0, "3P%": 32.1}, "Joseph Girard III": {"GP": 34.0, "MIN": 32.9, "PTS": 15.3, "REB": 3.3, "AST": 2.9, "STL": 0.6, "BLK": 0.1, "TO": 1.6, "FG%": 42.9, "FT%": 95.0, "3P%": 41.4}, "Chase Hunter": {"GP": 34.0, "MIN": 32.6, "PTS": 12.7, "REB": 2.4, "AST": 3.1, "STL": 0.6, "BLK": 0.3, "TO": 1.7, "FG%": 41.9, "FT%": 85.3, "3P%": 32.9}, "Ian Schieffelin": {"GP": 34.0, "MIN": 27.0, "PTS": 9.8, "REB": 9.5, "AST": 2.2, "STL": 0.6, "BLK": 0.5, "TO": 1.3, "FG%": 57.3, "FT%": 74.7, "3P%": 50.0}, "RJ Godfrey": {"GP": 34.0, "MIN": 15.7, "PTS": 5.9, "REB": 3.5, "AST": 0.8, "STL": 0.5, "BLK": 0.6, "TO": 1.0, "FG%": 58.6, "FT%": 59.6, "3P%": 33.3}, "Chauncey Wiggins": {"GP": 34.0, "MIN": 18.1, "PTS": 5.5, "REB": 2.2, "AST": 0.9, "STL": 0.2, "BLK": 0.3, "TO": 0.8, "FG%": 44.2, "FT%": 71.4, "3P%": 33.8}, "Alex Hemenway": {"GP": 5.0, "MIN": 16.0, "PTS": 5.2, "REB": 0.6, "AST": 1.4, "STL": 0.4, "BLK": 0.2, "TO": 0.8, "FG%": 38.1, "FT%": 50.0, "3P%": 42.1}, "Jack Clark": {"GP": 23.0, "MIN": 23.0, "PTS": 4.5, "REB": 5.0, "AST": 1.4, "STL": 0.8, "BLK": 0.6, "TO": 0.6, "FG%": 38.7, "FT%": 81.8, "3P%": 28.0}, "Josh Beadle": {"GP": 31.0, "MIN": 11.1, "PTS": 3.1, "REB": 1.0, "AST": 0.8, "STL": 0.2, "BLK": 0.0, "TO": 0.6, "FG%": 47.3, "FT%": 68.8, "3P%": 14.3}, "Dillon Hunter": {"GP": 34.0, "MIN": 14.7, "PTS": 2.4, "REB": 1.6, "AST": 1.3, "STL": 0.4, "BLK": 0.1, "TO": 0.4, "FG%": 39.5, "FT%": 44.4, "3P%": 27.3}, "Bas Leyte": {"GP": 20.0, "MIN": 4.7, "PTS": 0.8, "REB": 0.8, "AST": 0.3, "STL": 0.1, "BLK": 0.2, "TO": 0.2, "FG%": 54.5, "FT%": 40.0, "3P%": 33.3}, "Andrew Latiff": {"GP": 5.0, "MIN": 1.4, "PTS": 0.4, "REB": 0.8, "AST": 0.0, "STL": 0.0, "BLK": 0.0, "TO": 0.2, "FG%": 25.0, "FT%": 0.0, "3P%": 0.0}, "Daniel Nauseef": {"GP": 5.0, "MIN": 1.8, "PTS": 0.0, "REB": 0.6, "AST": 0.0, "STL": 0.0, "BLK": 0.0, "TO": 0.0, "FG%": 0.0, "FT%": 0.0, "3P%": 0.0}, "Matt Kelly": {"GP": 5.0, "MIN": 1.8, "PTS": 0.0, "REB": 0.0, "AST": 0.0, "STL": 0.2, "BLK": 0.0, "TO": 0.2, "FG%": 0.0, "FT%": 0.0, "3P%": 0.0}}}, {"team": "Baylor Bears", "score": 64, "home": true, "stats": {"Ja'Kobe Walter": {"GP": 35.0, "MIN": 32.3, "PTS": 14.5, "REB": 4.4, "AST": 1.4, "STL": 1.1, "BLK": 0.2, "TO": 1.3, "FG%": 37.6, "FT%": 79.2, "3P%": 34.1}, "RayJ Dennis": {"GP": 35.0, "MIN": 34.3, "PTS": 13.6, "REB": 3.9, "AST": 6.7, "STL": 1.4, "BLK": 0.1, "TO": 3.5, "FG%": 47.9, "FT%": 73.1, "3P%": 32.8}, "Jalen Bridges": {"GP": 35.0, "MIN": 31.8, "PTS": 12.2, "REB": 5.7, "AST": 1.4, "STL": 1.1, "BLK": 0.6, "TO": 1.0, "FG%": 46.6, "FT%": 82.3, "3P%": 41.2}, "Langston Love": {"GP": 24.0, "MIN": 24.8, "PTS": 11.0, "REB": 2.9, "AST": 1.2, "STL": 0.4, "BLK": 0.2, "TO": 1.0, "FG%": 46.5, "FT%": 78.3, "3P%": 48.0}, "Yves Missi": {"GP": 34.0, "MIN": 23.0, "PTS": 10.7, "REB": 5.6, "AST": 0.4, "STL": 0.6, "BLK": 1.5, "TO": 1.1, "FG%": 61.4, "FT%": 61.6, "3P%": 0.0}, "Jayden Nunn": {"GP": 35.0, "MIN": 28.6, "PTS": 10.5, "REB": 2.6, "AST": 2.0, "STL": 1.3, "BLK": 0.4, "TO": 1.4, "FG%": 45.5, "FT%": 70.9, "3P%": 43.9}, "Josh Ojianwuna": {"GP": 35.0, "MIN": 15.5, "PTS": 4.9, "REB": 3.4, "AST": 0.3, "STL": 0.5, "BLK": 0.1, "TO": 1.0, "FG%": 73.5, "FT%": 63.0, "3P%": 0.0}, "Dantwan Grimes": {"GP": 12.0, "MIN": 8.3, "PTS": 4.7, "REB": 1.3, "AST": 1.3, "STL": 0.7, "BLK": 0.0, "TO": 0.3, "FG%": 60.0, "FT%": 80.0, "3P%": 66.7}, "Caleb Lohner": {"GP": 35.0, "MIN": 9.2, "PTS": 2.4, "REB": 2.3, "AST": 0.3, "STL": 0.2, "BLK": 0.1, "TO": 0.4, "FG%": 54.2, "FT%": 77.3, "3P%": 25.0}, "Miro Little": {"GP": 34.0, "MIN": 7.1, "PTS": 1.7, "REB": 1.2, "AST": 0.7, "STL": 0.1, "BLK": 0.0, "TO": 0.4, "FG%": 42.9, "FT%": 72.2, "3P%": 36.0}, "Jonathan Tchamwa Tchatchoua": {"GP": 19.0, "MIN": 5.4, "PTS": 1.4, "REB": 1.2, "AST": 0.3, "STL": 0.1, "BLK": 0.2, "TO": 0.5, "FG%": 45.8, "FT%": 0.0, "3P%": 40.0}, "Austin Sacks": {"GP": 10.0, "MIN": 1.7, "PTS": 1.2, "REB": 0.2, "AST": 0.1, "STL": 0.0, "BLK": 0.0, "TO": 0.4, "FG%": 50.0, "FT%": 0.0, "3P%": 50.0}}}]