[{"team": "Colorado State Rams", "score": 67, "home": false, "stats": {"Isaiah Stevens": {"GP": 35.0, "MIN": 34.7, "PTS": 16.2, "REB": 3.2, "AST": 6.9, "STL": 1.2, "BLK": 0.2, "TO": 2.3, "FG%": 48.2, "FT%": 83.6, "3P%": 44.8}, "Joel Scott": {"GP": 35.0, "MIN": 28.1, "PTS": 13.2, "REB": 6.1, "AST": 1.3, "STL": 0.8, "BLK": 0.9, "TO": 0.9, "FG%": 56.8, "FT%": 67.2, "3P%": 25.0}, "Nique Clifford": {"GP": 35.0, "MIN": 30.3, "PTS": 12.3, "REB": 7.6, "AST": 3.0, "STL": 1.4, "BLK": 0.9, "TO": 1.7, "FG%": 52.6, "FT%": 75.9, "3P%": 37.7}, "Patrick Cartier": {"GP": 34.0, "MIN": 23.0, "PTS": 10.6, "REB": 2.6, "AST": 1.9, "STL": 0.5, "BLK": 0.2, "TO": 0.9, "FG%": 52.9, "FT%": 84.8, "3P%": 37.2}, "Josiah Strong": {"GP": 29.0, "MIN": 25.4, "PTS": 6.6, "REB": 2.5, "AST": 1.6, "STL": 0.4, "BLK": 0.1, "TO": 0.7, "FG%": 41.7, "FT%": 72.7, "3P%": 21.3}, "Jalen Lake": {"GP": 30.0, "MIN": 22.7, "PTS": 6.1, "REB": 1.5, "AST": 1.3, "STL": 0.5, "BLK": 0.1, "TO": 0.6, "FG%": 38.5, "FT%": 76.7, "3P%": 30.4}, "Joe Palmer": {"GP": 35.0, "MIN": 16.2, "PTS": 5.1, "REB": 2.9, "AST": 0.7, "STL": 0.6, "BLK": 0.3, "TO": 0.5, "FG%": 38.5, "FT%": 76.3, "3P%": 32.7}, "Rashaan Mbemba": {"GP": 33.0, "MIN": 11.2, "PTS": 3.9, "REB": 2.3, "AST": 0.5, "STL": 0.3, "BLK": 0.3, "TO": 1.1, "FG%": 59.2, "FT%": 70.2, "3P%": 30.8}, "Taviontae Jackson": {"GP": 21.0, "MIN": 8.3, "PTS": 2.0, "REB": 1.5, "AST": 0.7, "STL": 0.4, "BLK": 0.1, "TO": 0.5, "FG%": 52.0, "FT%": 85.7, "3P%": 55.6}, "Kyle Evans": {"GP": 9.0, "MIN": 5.8, "PTS": 2.0, "REB": 1.3, "AST": 0.4, "STL": 0.1, "BLK": 0.3, "TO": 0.7, "FG%": 80.0, "FT%": 66.7, "3P%": 0.0}, "Javonte Johnson": {"GP": 19.0, "MIN": 6.3, "PTS": 1.9, "REB": 0.7, "AST": 0.3, "STL": 0.2, "BLK": 0.1, "TO": 0.4, "FG%": 44.8, "FT%": 100.0, "3P%": 37.5}, "Kyan Evans": {"GP": 35.0, "MIN": 8.3, "PTS": 1.7, "REB": 0.9, "AST": 0.8, "STL": 0.3, "BLK": 0.0, "TO": 0.6, "FG%": 41.3, "FT%": 68.4, "3P%": 32.1}, "Jack Payne": {"GP": 8.0, "MIN": 2.3, "PTS": 0.6, "REB": 0.9, "AST": 0.3, "STL": 0.1, "BLK": 0.0, "TO": 0.0, "FG%": 20.0, "FT%": 75.0, "3P%": 0.0}, "Luke Murphy": {"GP": 4.0, "MIN": 1.5, "PTS": 0.5, "REB": 0.0, "AST": 0.5, "STL": 0.3, "BLK": 0.0, "TO": 0.0, "FG%": 50.0, "FT%": 0.0, "3P%": 0.0}}}, {"team": "Virginia Cavaliers", "score": 42, "home": true, "stats": {"Reece Beekman": {"GP": 34.0, "MIN": 32.7, "PTS": 14.3, "REB": 3.6, "AST": 6.2, "STL": 2.0, "BLK": 0.5, "TO": 2.1, "FG%": 44.3, "FT%": 75.4, "3P%": 31.0}, "Isaac McKneely": {"GP": 33.0, "MIN": 32.3, "PTS": 12.3, "REB": 3.0, "AST": 1.6, "STL": 0.6, "BLK": 0.2, "TO": 1.0, "FG%": 40.9, "FT%": 84.7, "3P%": 44.5}, "Ryan Dunn": {"GP": 34.0, "MIN": 27.5, "PTS": 8.1, "REB": 6.9, "AST": 0.8, "STL": 1.3, "BLK": 2.3, "TO": 0.8, "FG%": 54.8, "FT%": 53.2, "3P%": 20.0}, "Jacob Groves": {"GP": 34.0, "MIN": 20.3, "PTS": 7.4, "REB": 2.8, "AST": 0.6, "STL": 0.5, "BLK": 0.2, "TO": 0.4, "FG%": 45.0, "FT%": 62.1, "3P%": 45.9}, "Jordan Minor": {"GP": 32.0, "MIN": 14.7, "PTS": 4.3, "REB": 3.1, "AST": 0.3, "STL": 0.4, "BLK": 0.3, "TO": 0.6, "FG%": 47.4, "FT%": 55.1, "3P%": 0.0}, "Andrew Rohde": {"GP": 33.0, "MIN": 25.2, "PTS": 4.3, "REB": 1.8, "AST": 2.7, "STL": 0.5, "BLK": 0.1, "TO": 1.1, "FG%": 29.3, "FT%": 43.8, "3P%": 25.7}, "Leon Bond III": {"GP": 24.0, "MIN": 12.3, "PTS": 4.1, "REB": 2.8, "AST": 0.6, "STL": 0.5, "BLK": 0.2, "TO": 0.4, "FG%": 45.8, "FT%": 64.3, "3P%": 50.0}, "Blake Buchanan": {"GP": 34.0, "MIN": 15.1, "PTS": 3.4, "REB": 3.1, "AST": 0.4, "STL": 0.4, "BLK": 0.9, "TO": 0.4, "FG%": 41.4, "FT%": 50.0, "3P%": 0.0}, "Elijah Gertrude": {"GP": 16.0, "MIN": 9.6, "PTS": 3.4, "REB": 1.2, "AST": 0.4, "STL": 0.7, "BLK": 0.4, "TO": 0.6, "FG%": 36.2, "FT%": 61.1, "3P%": 6.7}, "Taine Murray": {"GP": 33.0, "MIN": 13.6, "PTS": 3.3, "REB": 1.2, "AST": 0.9, "STL": 0.2, "BLK": 0.1, "TO": 0.2, "FG%": 48.2, "FT%": 61.1, "3P%": 45.0}, "Dante Harris": {"GP": 24.0, "MIN": 13.8, "PTS": 2.5, "REB": 2.0, "AST": 1.4, "STL": 0.7, "BLK": 0.2, "TO": 0.7, "FG%": 28.0, "FT%": 50.0, "3P%": 10.0}, "Tristan How": {"GP": 9.0, "MIN": 1.8, "PTS": 0.7, "REB": 0.2, "AST": 0.1, "STL": 0.0, "BLK": 0.0, "TO": 0.0, "FG%": 50.0, "FT%": 0.0, "3P%": 0.0}, "Bryce Walker": {"GP": 7.0, "MIN": 1.9, "PTS": 0.6, "REB": 0.1, "AST": 0.1, "STL": 0.0, "BLK": 0.0, "TO": 0.0, "FG%": 33.3, "FT%": 50.0, "3P%": 50.0}}}]