[{"team": "Colorado Buffaloes", "score": 102, "home": false, "stats": {"KJ Simpson": {"GP": 36.0, "MIN": 34.9, "PTS": 19.7, "REB": 5.8, "AST": 4.8, "STL": 1.6, "BLK": 0.1, "TO": 2.2, "FG%": 47.7, "FT%": 87.6, "3P%": 44.1}, "Tristan da Silva": {"GP": 33.0, "MIN": 33.9, "PTS": 16.0, "REB": 5.1, "AST": 2.4, "STL": 1.1, "BLK": 0.6, "TO": 1.8, "FG%": 49.2, "FT%": 83.5, "3P%": 39.4}, "Cody Williams": {"GP": 23.0, "MIN": 28.1, "PTS": 11.9, "REB": 3.1, "AST": 1.7, "STL": 0.7, "BLK": 0.6, "TO": 2.0, "FG%": 55.4, "FT%": 72.0, "3P%": 41.0}, "J'Vonne Hadley": {"GP": 35.0, "MIN": 34.2, "PTS": 11.7, "REB": 6.0, "AST": 2.4, "STL": 1.1, "BLK": 0.3, "TO": 1.3, "FG%": 53.9, "FT%": 83.9, "3P%": 42.2}, "Eddie Lampkin Jr.": {"GP": 36.0, "MIN": 27.8, "PTS": 10.6, "REB": 7.0, "AST": 2.2, "STL": 0.3, "BLK": 0.1, "TO": 2.6, "FG%": 57.6, "FT%": 65.8, "3P%": 0.0}, "Julian Hammond III": {"GP": 24.0, "MIN": 21.3, "PTS": 7.4, "REB": 2.5, "AST": 1.8, "STL": 0.5, "BLK": 0.1, "TO": 1.6, "FG%": 44.8, "FT%": 76.0, "3P%": 40.0}, "Luke O'Brien": {"GP": 34.0, "MIN": 23.9, "PTS": 6.6, "REB": 3.8, "AST": 1.2, "STL": 0.7, "BLK": 0.4, "TO": 0.7, "FG%": 46.5, "FT%": 64.7, "3P%": 39.2}, "RJ Smith": {"GP": 7.0, "MIN": 11.6, "PTS": 2.9, "REB": 1.1, "AST": 0.7, "STL": 0.1, "BLK": 0.0, "TO": 0.6, "FG%": 33.3, "FT%": 71.4, "3P%": 45.5}, "Javon Ruffin": {"GP": 18.0, "MIN": 9.9, "PTS": 2.1, "REB": 1.6, "AST": 0.7, "STL": 0.2, "BLK": 0.1, "TO": 0.8, "FG%": 29.7, "FT%": 81.8, "3P%": 28.0}, "Bangot Dak": {"GP": 22.0, "MIN": 7.0, "PTS": 1.8, "REB": 1.2, "AST": 0.4, "STL": 0.2, "BLK": 0.2, "TO": 0.3, "FG%": 43.8, "FT%": 55.6, "3P%": 22.2}, "Assane Diop": {"GP": 32.0, "MIN": 6.9, "PTS": 1.3, "REB": 1.1, "AST": 0.3, "STL": 0.1, "BLK": 0.1, "TO": 0.5, "FG%": 39.5, "FT%": 81.3, "3P%": 0.0}, "Harrison Carrington": {"GP": 14.0, "MIN": 5.1, "PTS": 1.1, "REB": 0.6, "AST": 0.0, "STL": 0.1, "BLK": 0.1, "TO": 0.1, "FG%": 41.7, "FT%": 62.5, "3P%": 0.0}, "Jack Pease": {"GP": 1.0, "MIN": 2.0, "PTS": 0.0, "REB": 2.0, "AST": 1.0, "STL": 0.0, "BLK": 0.0, "TO": 0.0, "FG%": 0.0, "FT%": 0.0, "3P%": 0.0}, "Joe Hurlburt": {"GP": 10.0, "MIN": 2.4, "PTS": 0.0, "REB": 0.1, "AST": 0.2, "STL": 0.0, "BLK": 0.0, "TO": 0.3, "FG%": 0.0, "FT%": 0.0, "3P%": 0.0}, "Greg Gerhardt": {"GP": 1.0, "MIN": 1.0, "PTS": 0.0, "REB": 0.0, "AST": 0.0, "STL": 0.0, "BLK": 0.0, "TO": 0.0, "FG%": 0.0, "FT%": 0.0, "3P%": 0.0}}}, {"team": "Florida Gators", "score": 100, "home": true, "stats": {"Walter Clayton Jr.": {"GP": 36.0, "MIN": 31.0, "PTS": 17.6, "REB": 3.6, "AST": 2.6, "STL": 1.1, "BLK": 0.6, "TO": 2.2, "FG%": 43.2, "FT%": 87.7, "3P%": 36.5}, "Zyon Pullin": {"GP": 33.0, "MIN": 33.5, "PTS": 15.5, "REB": 3.9, "AST": 4.9, "STL": 0.9, "BLK": 0.1, "TO": 1.3, "FG%": 44.4, "FT%": 84.7, "3P%": 44.9}, "Tyrese Samuel": {"GP": 36.0, "MIN": 26.8, "PTS": 13.9, "REB": 7.4, "AST": 1.9, "STL": 1.1, "BLK": 1.1, "TO": 1.7, "FG%": 56.4, "FT%": 56.2, "3P%": 16.0}, "Will Richard": {"GP": 36.0, "MIN": 29.4, "PTS": 11.4, "REB": 3.9, "AST": 1.3, "STL": 0.9, "BLK": 0.5, "TO": 1.3, "FG%": 41.1, "FT%": 80.2, "3P%": 34.5}, "Riley Kugel": {"GP": 33.0, "MIN": 23.4, "PTS": 9.2, "REB": 3.5, "AST": 1.5, "STL": 1.1, "BLK": 0.2, "TO": 1.9, "FG%": 39.4, "FT%": 69.6, "3P%": 31.2}, "Alex Condon": {"GP": 36.0, "MIN": 20.3, "PTS": 7.7, "REB": 6.4, "AST": 1.2, "STL": 0.4, "BLK": 1.3, "TO": 1.5, "FG%": 46.2, "FT%": 67.3, "3P%": 28.9}, "Micah Handlogten": {"GP": 33.0, "MIN": 19.0, "PTS": 5.3, "REB": 6.9, "AST": 0.8, "STL": 0.6, "BLK": 0.9, "TO": 0.7, "FG%": 62.2, "FT%": 38.2, "3P%": 50.0}, "Thomas Haugh": {"GP": 36.0, "MIN": 14.7, "PTS": 3.9, "REB": 3.7, "AST": 0.6, "STL": 0.3, "BLK": 0.7, "TO": 0.4, "FG%": 45.0, "FT%": 45.7, "3P%": 25.5}, "Denzel Aberdeen": {"GP": 32.0, "MIN": 9.7, "PTS": 3.3, "REB": 0.9, "AST": 0.7, "STL": 0.4, "BLK": 0.1, "TO": 0.4, "FG%": 40.4, "FT%": 63.6, "3P%": 35.3}, "Julian Rishwain": {"GP": 8.0, "MIN": 7.6, "PTS": 1.6, "REB": 1.6, "AST": 0.8, "STL": 0.3, "BLK": 0.0, "TO": 0.0, "FG%": 36.4, "FT%": 50.0, "3P%": 40.0}, "Kajus Kublickas": {"GP": 9.0, "MIN": 4.0, "PTS": 0.8, "REB": 0.3, "AST": 0.4, "STL": 0.1, "BLK": 0.0, "TO": 0.4, "FG%": 50.0, "FT%": 83.3, "3P%": 0.0}, "Bennett Andersen": {"GP": 4.0, "MIN": 0.5, "PTS": 0.5, "REB": 0.0, "AST": 0.0, "STL": 0.0, "BLK": 0.0, "TO": 0.0, "FG%": 100.0, "FT%": 0.0, "3P%": 0.0}, "Alex Klatsky": {"GP": 8.0, "MIN": 0.9, "PTS": 0.0, "REB": 0.0, "AST": 0.0, "STL": 0.0, "BLK": 0.0, "TO": 0.0, "FG%": 0.0, "FT%": 0.0, "3P%": 0.0}, "Jack May": {"GP": 6.0, "MIN": 0.7, "PTS": 0.0, "REB": 0.2, "AST": 0.0, "STL": 0.3, "BLK": 0.0, "TO": 0.2, "FG%": 0.0, "FT%": 0.0, "3P%": 0.0}, "Cooper Josefsberg": {"GP": 2.0, "MIN": 0.5, "PTS": 0.0, "REB": 0.0, "AST": 0.0, "STL": 0.0, "BLK": 0.0, "TO": 0.0, "FG%": 0.0, "FT%": 0.0, "3P%": 0.0}}}]