[{"team": "Colorado Buffaloes", "score": 60, "home": false, "stats": {"KJ Simpson": {"GP": 35.0, "MIN": 35.0, "PTS": 19.6, "REB": 5.9, "AST": 4.8, "STL": 1.7, "BLK": 0.1, "TO": 2.2, "FG%": 47.4, "FT%": 87.6, "3P%": 44.6}, "Tristan da Silva": {"GP": 32.0, "MIN": 33.9, "PTS": 15.9, "REB": 5.1, "AST": 2.3, "STL": 1.1, "BLK": 0.6, "TO": 1.8, "FG%": 48.7, "FT%": 83.5, "3P%": 38.2}, "Cody Williams": {"GP": 22.0, "MIN": 28.3, "PTS": 12.0, "REB": 3.2, "AST": 1.6, "STL": 0.7, "BLK": 0.6, "TO": 2.0, "FG%": 55.2, "FT%": 72.1, "3P%": 41.0}, "J'Vonne Hadley": {"GP": 34.0, "MIN": 34.1, "PTS": 11.6, "REB": 6.0, "AST": 2.3, "STL": 1.1, "BLK": 0.3, "TO": 1.3, "FG%": 54.2, "FT%": 84.1, "3P%": 41.9}, "Eddie Lampkin Jr.": {"GP": 35.0, "MIN": 27.6, "PTS": 10.3, "REB": 7.1, "AST": 2.1, "STL": 0.3, "BLK": 0.1, "TO": 2.6, "FG%": 57.6, "FT%": 64.3, "3P%": 0.0}, "Julian Hammond III": {"GP": 24.0, "MIN": 21.3, "PTS": 7.4, "REB": 2.5, "AST": 1.8, "STL": 0.5, "BLK": 0.1, "TO": 1.6, "FG%": 44.8, "FT%": 76.0, "3P%": 40.0}, "Luke O'Brien": {"GP": 33.0, "MIN": 23.7, "PTS": 6.5, "REB": 3.8, "AST": 1.1, "STL": 0.7, "BLK": 0.4, "TO": 0.7, "FG%": 45.0, "FT%": 63.6, "3P%": 38.5}, "RJ Smith": {"GP": 7.0, "MIN": 11.6, "PTS": 2.9, "REB": 1.1, "AST": 0.7, "STL": 0.1, "BLK": 0.0, "TO": 0.6, "FG%": 33.3, "FT%": 71.4, "3P%": 45.5}, "Javon Ruffin": {"GP": 17.0, "MIN": 10.1, "PTS": 2.2, "REB": 1.6, "AST": 0.7, "STL": 0.2, "BLK": 0.1, "TO": 0.7, "FG%": 30.6, "FT%": 81.8, "3P%": 28.0}, "Bangot Dak": {"GP": 21.0, "MIN": 7.2, "PTS": 1.7, "REB": 1.2, "AST": 0.4, "STL": 0.2, "BLK": 0.2, "TO": 0.3, "FG%": 40.0, "FT%": 55.6, "3P%": 22.2}, "Assane Diop": {"GP": 32.0, "MIN": 6.9, "PTS": 1.3, "REB": 1.1, "AST": 0.3, "STL": 0.1, "BLK": 0.1, "TO": 0.5, "FG%": 39.5, "FT%": 81.3, "3P%": 0.0}, "Harrison Carrington": {"GP": 14.0, "MIN": 5.1, "PTS": 1.1, "REB": 0.6, "AST": 0.0, "STL": 0.1, "BLK": 0.1, "TO": 0.1, "FG%": 41.7, "FT%": 62.5, "3P%": 0.0}, "Jack Pease": {"GP": 1.0, "MIN": 2.0, "PTS": 0.0, "REB": 2.0, "AST": 1.0, "STL": 0.0, "BLK": 0.0, "TO": 0.0, "FG%": 0.0, "FT%": 0.0, "3P%": 0.0}, "Joe Hurlburt": {"GP": 10.0, "MIN": 2.4, "PTS": 0.0, "REB": 0.1, "AST": 0.2, "STL": 0.0, "BLK": 0.0, "TO": 0.3, "FG%": 0.0, "FT%": 0.0, "3P%": 0.0}, "Greg Gerhardt": {"GP": 1.0, "MIN": 1.0, "PTS": 0.0, "REB": 0.0, "AST": 0.0, "STL": 0.0, "BLK": 0.0, "TO": 0.0, "FG%": 0.0, "FT%": 0.0, "3P%": 0.0}}}, {"team": "Boise State Broncos", "score": 53, "home": true, "stats": {"Tyson Degenhart": {"GP": 32.0, "MIN": 33.1, "PTS": 16.7, "REB": 6.2, "AST": 1.5, "STL": 1.1, "BLK": 0.3, "TO": 1.0, "FG%": 50.3, "FT%": 79.1, "3P%": 31.6}, "Chibuzo Agbo": {"GP": 33.0, "MIN": 31.2, "PTS": 13.7, "REB": 5.1, "AST": 0.8, "STL": 0.6, "BLK": 0.4, "TO": 1.1, "FG%": 45.2, "FT%": 72.2, "3P%": 40.9}, "O'Mar Stanley": {"GP": 33.0, "MIN": 26.4, "PTS": 12.7, "REB": 6.6, "AST": 1.5, "STL": 0.7, "BLK": 1.2, "TO": 1.8, "FG%": 53.7, "FT%": 75.9, "3P%": 31.3}, "Max Rice": {"GP": 33.0, "MIN": 31.9, "PTS": 12.2, "REB": 3.7, "AST": 1.8, "STL": 0.9, "BLK": 0.0, "TO": 1.6, "FG%": 37.2, "FT%": 83.9, "3P%": 34.9}, "Roddie Anderson III": {"GP": 33.0, "MIN": 26.3, "PTS": 6.5, "REB": 3.0, "AST": 2.4, "STL": 1.2, "BLK": 0.2, "TO": 1.9, "FG%": 36.4, "FT%": 54.7, "3P%": 26.7}, "Cam Martin": {"GP": 32.0, "MIN": 17.6, "PTS": 5.3, "REB": 4.4, "AST": 2.4, "STL": 0.6, "BLK": 0.2, "TO": 1.6, "FG%": 47.6, "FT%": 65.2, "3P%": 18.5}, "Jace Whiting": {"GP": 33.0, "MIN": 14.4, "PTS": 3.3, "REB": 1.7, "AST": 1.1, "STL": 0.5, "BLK": 0.0, "TO": 0.7, "FG%": 48.2, "FT%": 81.3, "3P%": 50.0}, "Andrew Meadow": {"GP": 33.0, "MIN": 11.1, "PTS": 3.2, "REB": 1.2, "AST": 0.2, "STL": 0.1, "BLK": 0.0, "TO": 0.4, "FG%": 41.4, "FT%": 60.0, "3P%": 32.7}, "RJ Keene": {"GP": 21.0, "MIN": 9.8, "PTS": 1.8, "REB": 2.0, "AST": 0.7, "STL": 0.3, "BLK": 0.2, "TO": 0.4, "FG%": 34.1, "FT%": 55.6, "3P%": 18.2}, "Mohamed Sylla": {"GP": 9.0, "MIN": 3.3, "PTS": 1.1, "REB": 1.0, "AST": 0.0, "STL": 0.0, "BLK": 0.1, "TO": 0.2, "FG%": 62.5, "FT%": 0.0, "3P%": 0.0}, "Kobe Young": {"GP": 25.0, "MIN": 4.1, "PTS": 1.1, "REB": 1.1, "AST": 0.2, "STL": 0.1, "BLK": 0.0, "TO": 0.2, "FG%": 45.0, "FT%": 87.5, "3P%": 22.2}, "Sam Winter": {"GP": 2.0, "MIN": 2.0, "PTS": 1.0, "REB": 0.5, "AST": 0.0, "STL": 0.0, "BLK": 0.0, "TO": 0.0, "FG%": 50.0, "FT%": 0.0, "3P%": 0.0}, "Kade Rice": {"GP": 8.0, "MIN": 3.0, "PTS": 0.1, "REB": 0.9, "AST": 0.1, "STL": 0.0, "BLK": 0.0, "TO": 0.1, "FG%": 0.0, "FT%": 25.0, "3P%": 0.0}, "Vince Barringer": {"GP": 2.0, "MIN": 2.0, "PTS": 0.0, "REB": 0.0, "AST": 0.0, "STL": 0.0, "BLK": 0.0, "TO": 0.0, "FG%": 0.0, "FT%": 0.0, "3P%": 0.0}}}]