[{"team": "Creighton Bluejays", "score": 77, "home": true, "stats": {"Baylor Scheierman": {"GP": 33.0, "MIN": 36.3, "PTS": 18.3, "REB": 9.1, "AST": 4.0, "STL": 1.0, "BLK": 0.2, "TO": 2.2, "FG%": 45.2, "FT%": 86.8, "3P%": 37.6}, "Trey Alexander": {"GP": 33.0, "MIN": 36.8, "PTS": 17.6, "REB": 5.7, "AST": 4.7, "STL": 1.1, "BLK": 0.5, "TO": 2.4, "FG%": 45.6, "FT%": 81.2, "3P%": 32.7}, "Ryan Kalkbrenner": {"GP": 33.0, "MIN": 34.0, "PTS": 17.3, "REB": 7.4, "AST": 1.3, "STL": 0.3, "BLK": 3.0, "TO": 1.5, "FG%": 65.0, "FT%": 70.4, "3P%": 28.8}, "Steven Ashworth": {"GP": 33.0, "MIN": 31.4, "PTS": 10.7, "REB": 3.3, "AST": 4.2, "STL": 0.5, "BLK": 0.0, "TO": 1.6, "FG%": 38.9, "FT%": 90.1, "3P%": 34.1}, "Mason Miller": {"GP": 31.0, "MIN": 21.7, "PTS": 5.8, "REB": 3.4, "AST": 0.4, "STL": 0.2, "BLK": 0.1, "TO": 0.4, "FG%": 49.6, "FT%": 75.0, "3P%": 46.2}, "Francisco Farabello": {"GP": 33.0, "MIN": 22.4, "PTS": 4.0, "REB": 2.2, "AST": 1.5, "STL": 0.5, "BLK": 0.1, "TO": 0.9, "FG%": 51.6, "FT%": 70.0, "3P%": 43.1}, "Isaac Traudt": {"GP": 29.0, "MIN": 9.5, "PTS": 3.1, "REB": 1.3, "AST": 0.4, "STL": 0.1, "BLK": 0.0, "TO": 0.1, "FG%": 44.1, "FT%": 83.3, "3P%": 42.9}, "Fredrick King": {"GP": 29.0, "MIN": 6.6, "PTS": 2.7, "REB": 2.2, "AST": 0.1, "STL": 0.1, "BLK": 0.3, "TO": 0.3, "FG%": 57.1, "FT%": 52.0, "3P%": 0.0}, "Josiah Dotzler": {"GP": 18.0, "MIN": 4.3, "PTS": 1.4, "REB": 0.4, "AST": 0.2, "STL": 0.2, "BLK": 0.0, "TO": 0.4, "FG%": 43.5, "FT%": 60.0, "3P%": 18.2}, "Jasen Green": {"GP": 23.0, "MIN": 6.1, "PTS": 1.3, "REB": 1.2, "AST": 0.3, "STL": 0.0, "BLK": 0.0, "TO": 0.3, "FG%": 61.9, "FT%": 50.0, "3P%": 28.6}, "Johnathan Lawson": {"GP": 16.0, "MIN": 3.6, "PTS": 0.7, "REB": 0.8, "AST": 0.3, "STL": 0.0, "BLK": 0.1, "TO": 0.2, "FG%": 28.6, "FT%": 66.7, "3P%": 11.1}}}, {"team": "Akron Zips", "score": 60, "home": false, "stats": {"Enrique Freeman": {"GP": 35.0, "MIN": 32.4, "PTS": 18.6, "REB": 12.9, "AST": 1.6, "STL": 0.8, "BLK": 1.7, "TO": 2.5, "FG%": 58.4, "FT%": 72.8, "3P%": 37.0}, "Ali Ali": {"GP": 27.0, "MIN": 33.1, "PTS": 15.5, "REB": 4.0, "AST": 2.8, "STL": 0.4, "BLK": 0.2, "TO": 2.1, "FG%": 48.4, "FT%": 76.4, "3P%": 29.2}, "Greg Tribble": {"GP": 34.0, "MIN": 29.2, "PTS": 10.3, "REB": 2.5, "AST": 2.1, "STL": 0.6, "BLK": 0.3, "TO": 1.4, "FG%": 45.7, "FT%": 73.6, "3P%": 35.4}, "Sammy Hunter": {"GP": 34.0, "MIN": 26.2, "PTS": 8.7, "REB": 3.3, "AST": 0.7, "STL": 0.3, "BLK": 0.3, "TO": 0.6, "FG%": 40.1, "FT%": 81.8, "3P%": 36.6}, "Nate Johnson": {"GP": 24.0, "MIN": 23.8, "PTS": 7.3, "REB": 3.3, "AST": 1.6, "STL": 1.2, "BLK": 0.1, "TO": 0.9, "FG%": 43.3, "FT%": 75.0, "3P%": 31.7}, "Mikal Dawson": {"GP": 35.0, "MIN": 21.0, "PTS": 5.3, "REB": 2.5, "AST": 0.7, "STL": 0.8, "BLK": 0.1, "TO": 0.9, "FG%": 33.2, "FT%": 38.5, "3P%": 28.8}, "Shammah Scott": {"GP": 35.0, "MIN": 18.9, "PTS": 4.9, "REB": 2.5, "AST": 1.0, "STL": 0.6, "BLK": 0.2, "TO": 0.6, "FG%": 36.9, "FT%": 76.9, "3P%": 30.0}, "Tavari Johnson": {"GP": 32.0, "MIN": 11.9, "PTS": 4.1, "REB": 1.0, "AST": 1.2, "STL": 0.4, "BLK": 0.0, "TO": 1.0, "FG%": 45.6, "FT%": 63.6, "3P%": 44.7}, "Kaleb Thornton": {"GP": 35.0, "MIN": 15.6, "PTS": 3.2, "REB": 1.6, "AST": 2.2, "STL": 0.8, "BLK": 0.0, "TO": 1.1, "FG%": 39.0, "FT%": 45.5, "3P%": 32.3}, "Amani Lyles": {"GP": 19.0, "MIN": 5.5, "PTS": 2.2, "REB": 1.9, "AST": 0.4, "STL": 0.4, "BLK": 0.1, "TO": 0.6, "FG%": 58.6, "FT%": 77.8, "3P%": 0.0}, "Ryan Prather Jr.": {"GP": 15.0, "MIN": 5.1, "PTS": 1.7, "REB": 0.9, "AST": 0.3, "STL": 0.1, "BLK": 0.1, "TO": 0.1, "FG%": 47.4, "FT%": 71.4, "3P%": 25.0}, "Evan Wilson": {"GP": 5.0, "MIN": 4.6, "PTS": 1.6, "REB": 0.4, "AST": 0.0, "STL": 0.4, "BLK": 0.0, "TO": 0.0, "FG%": 20.0, "FT%": 50.0, "3P%": 10.0}, "Zach Halligan": {"GP": 5.0, "MIN": 3.6, "PTS": 0.8, "REB": 0.4, "AST": 0.8, "STL": 0.0, "BLK": 0.0, "TO": 0.2, "FG%": 25.0, "FT%": 0.0, "3P%": 0.0}}}]