[{"team": "Creighton Bluejays", "score": 86, "home": true, "stats": {"Baylor Scheierman": {"GP": 34.0, "MIN": 36.7, "PTS": 18.3, "REB": 9.1, "AST": 4.0, "STL": 0.9, "BLK": 0.1, "TO": 2.2, "FG%": 44.9, "FT%": 87.0, "3P%": 37.9}, "Trey Alexander": {"GP": 34.0, "MIN": 37.2, "PTS": 17.7, "REB": 5.7, "AST": 4.7, "STL": 1.1, "BLK": 0.4, "TO": 2.4, "FG%": 45.1, "FT%": 81.6, "3P%": 33.5}, "Ryan Kalkbrenner": {"GP": 34.0, "MIN": 34.4, "PTS": 17.4, "REB": 7.6, "AST": 1.3, "STL": 0.4, "BLK": 3.1, "TO": 1.5, "FG%": 65.1, "FT%": 71.2, "3P%": 30.2}, "Steven Ashworth": {"GP": 34.0, "MIN": 31.7, "PTS": 11.0, "REB": 3.3, "AST": 4.2, "STL": 0.5, "BLK": 0.0, "TO": 1.6, "FG%": 38.6, "FT%": 90.7, "3P%": 34.1}, "Mason Miller": {"GP": 32.0, "MIN": 21.8, "PTS": 5.7, "REB": 3.3, "AST": 0.4, "STL": 0.2, "BLK": 0.1, "TO": 0.4, "FG%": 48.4, "FT%": 72.2, "3P%": 44.9}, "Francisco Farabello": {"GP": 34.0, "MIN": 22.2, "PTS": 3.9, "REB": 2.1, "AST": 1.5, "STL": 0.6, "BLK": 0.1, "TO": 0.9, "FG%": 51.0, "FT%": 70.0, "3P%": 43.3}, "Isaac Traudt": {"GP": 30.0, "MIN": 9.2, "PTS": 3.0, "REB": 1.3, "AST": 0.4, "STL": 0.1, "BLK": 0.0, "TO": 0.1, "FG%": 43.5, "FT%": 83.3, "3P%": 42.1}, "Fredrick King": {"GP": 29.0, "MIN": 6.6, "PTS": 2.7, "REB": 2.2, "AST": 0.1, "STL": 0.1, "BLK": 0.3, "TO": 0.3, "FG%": 57.1, "FT%": 52.0, "3P%": 0.0}, "Jasen Green": {"GP": 24.0, "MIN": 6.6, "PTS": 1.5, "REB": 1.5, "AST": 0.3, "STL": 0.0, "BLK": 0.0, "TO": 0.3, "FG%": 62.5, "FT%": 50.0, "3P%": 28.6}, "Josiah Dotzler": {"GP": 18.0, "MIN": 4.3, "PTS": 1.4, "REB": 0.4, "AST": 0.2, "STL": 0.2, "BLK": 0.0, "TO": 0.4, "FG%": 43.5, "FT%": 60.0, "3P%": 18.2}, "Johnathan Lawson": {"GP": 16.0, "MIN": 3.6, "PTS": 0.7, "REB": 0.8, "AST": 0.3, "STL": 0.0, "BLK": 0.1, "TO": 0.2, "FG%": 28.6, "FT%": 66.7, "3P%": 11.1}}}, {"team": "Oregon Ducks", "score": 73, "home": false, "stats": {"N'Faly Dante": {"GP": 22.0, "MIN": 31.4, "PTS": 17.0, "REB": 9.2, "AST": 1.6, "STL": 1.7, "BLK": 1.9, "TO": 2.4, "FG%": 69.5, "FT%": 61.3, "3P%": 0.0}, "Jermaine Couisnard": {"GP": 36.0, "MIN": 32.3, "PTS": 16.6, "REB": 4.6, "AST": 3.3, "STL": 1.6, "BLK": 0.2, "TO": 1.7, "FG%": 40.0, "FT%": 75.4, "3P%": 34.6}, "Jackson Shelstad": {"GP": 32.0, "MIN": 32.6, "PTS": 12.8, "REB": 2.8, "AST": 2.8, "STL": 0.7, "BLK": 0.2, "TO": 1.6, "FG%": 45.0, "FT%": 85.7, "3P%": 34.5}, "Nate Bittle": {"GP": 5.0, "MIN": 17.0, "PTS": 10.0, "REB": 4.4, "AST": 0.8, "STL": 0.6, "BLK": 1.0, "TO": 0.6, "FG%": 48.7, "FT%": 72.7, "3P%": 33.3}, "Jesse Zarzuela": {"GP": 5.0, "MIN": 27.8, "PTS": 10.0, "REB": 2.4, "AST": 2.2, "STL": 0.4, "BLK": 0.0, "TO": 1.2, "FG%": 38.1, "FT%": 86.7, "3P%": 26.3}, "Keeshawn Barthelemy": {"GP": 18.0, "MIN": 23.0, "PTS": 7.9, "REB": 2.2, "AST": 2.3, "STL": 0.9, "BLK": 0.1, "TO": 1.1, "FG%": 46.2, "FT%": 66.7, "3P%": 38.5}, "Jadrian Tracey": {"GP": 36.0, "MIN": 27.0, "PTS": 7.6, "REB": 3.6, "AST": 1.8, "STL": 0.8, "BLK": 0.1, "TO": 1.3, "FG%": 41.5, "FT%": 77.8, "3P%": 35.9}, "Kwame Evans Jr.": {"GP": 36.0, "MIN": 22.5, "PTS": 7.3, "REB": 4.9, "AST": 1.1, "STL": 1.2, "BLK": 1.0, "TO": 0.8, "FG%": 44.6, "FT%": 79.5, "3P%": 26.7}, "Kario Oquendo": {"GP": 36.0, "MIN": 17.6, "PTS": 7.2, "REB": 2.4, "AST": 1.0, "STL": 0.3, "BLK": 0.3, "TO": 0.7, "FG%": 45.9, "FT%": 66.0, "3P%": 33.3}, "Brennan Rigsby": {"GP": 36.0, "MIN": 22.8, "PTS": 6.1, "REB": 2.7, "AST": 1.1, "STL": 0.7, "BLK": 0.1, "TO": 0.7, "FG%": 40.9, "FT%": 69.0, "3P%": 35.3}, "Mahamadou Diawara": {"GP": 36.0, "MIN": 10.9, "PTS": 2.0, "REB": 2.8, "AST": 0.4, "STL": 0.2, "BLK": 0.3, "TO": 0.7, "FG%": 48.9, "FT%": 62.2, "3P%": 0.0}, "Mookie Cook": {"GP": 5.0, "MIN": 6.4, "PTS": 1.2, "REB": 0.6, "AST": 0.2, "STL": 0.4, "BLK": 0.0, "TO": 0.2, "FG%": 60.0, "FT%": 0.0, "3P%": 0.0}, "James Cooper": {"GP": 11.0, "MIN": 2.8, "PTS": 0.4, "REB": 0.5, "AST": 0.0, "STL": 0.1, "BLK": 0.0, "TO": 0.1, "FG%": 100.0, "FT%": 0.0, "3P%": 0.0}, "Gabe Reichle": {"GP": 11.0, "MIN": 3.2, "PTS": 0.2, "REB": 0.0, "AST": 0.0, "STL": 0.0, "BLK": 0.0, "TO": 0.1, "FG%": 50.0, "FT%": 0.0, "3P%": 0.0}, "Andre Warren": {"GP": 2.0, "MIN": 3.5, "PTS": 0.0, "REB": 0.0, "AST": 0.0, "STL": 0.0, "BLK": 0.0, "TO": 0.0, "FG%": 0.0, "FT%": 0.0, "3P%": 0.0}, "Kaleb McCloud": {"GP": 2.0, "MIN": 1.0, "PTS": 0.0, "REB": 0.5, "AST": 0.0, "STL": 0.0, "BLK": 0.0, "TO": 0.0, "FG%": 0.0, "FT%": 0.0, "3P%": 0.0}}}]