[{"team": "Dayton Flyers", "score": 63, "home": true, "stats": {"DaRon Holmes II": {"GP": 32.0, "MIN": 32.3, "PTS": 20.3, "REB": 8.4, "AST": 2.6, "STL": 0.9, "BLK": 2.1, "TO": 2.2, "FG%": 54.7, "FT%": 71.3, "3P%": 38.0}, "Nate Santos": {"GP": 32.0, "MIN": 33.5, "PTS": 11.9, "REB": 6.4, "AST": 1.6, "STL": 0.7, "BLK": 0.2, "TO": 1.3, "FG%": 47.4, "FT%": 74.0, "3P%": 42.5}, "Koby Brea": {"GP": 32.0, "MIN": 28.8, "PTS": 11.0, "REB": 3.8, "AST": 1.2, "STL": 0.5, "BLK": 0.3, "TO": 0.7, "FG%": 51.1, "FT%": 87.5, "3P%": 49.7}, "Kobe Elvis": {"GP": 32.0, "MIN": 28.5, "PTS": 9.3, "REB": 2.4, "AST": 3.6, "STL": 0.6, "BLK": 0.0, "TO": 1.6, "FG%": 37.6, "FT%": 84.7, "3P%": 37.4}, "Javon Bennett": {"GP": 30.0, "MIN": 28.9, "PTS": 8.6, "REB": 2.2, "AST": 3.4, "STL": 1.2, "BLK": 0.1, "TO": 1.0, "FG%": 40.2, "FT%": 81.4, "3P%": 32.3}, "Enoch Cheeks": {"GP": 32.0, "MIN": 30.7, "PTS": 8.0, "REB": 4.8, "AST": 2.0, "STL": 1.3, "BLK": 0.7, "TO": 1.6, "FG%": 44.4, "FT%": 67.6, "3P%": 31.2}, "Isaac Jack": {"GP": 32.0, "MIN": 8.6, "PTS": 3.2, "REB": 1.7, "AST": 0.2, "STL": 0.2, "BLK": 0.4, "TO": 0.8, "FG%": 71.7, "FT%": 71.4, "3P%": 0.0}, "Zimi Nwokeji": {"GP": 14.0, "MIN": 6.4, "PTS": 2.4, "REB": 1.0, "AST": 0.1, "STL": 0.2, "BLK": 0.0, "TO": 0.7, "FG%": 60.0, "FT%": 63.6, "3P%": 50.0}, "Brady Uhl": {"GP": 12.0, "MIN": 2.7, "PTS": 1.5, "REB": 0.1, "AST": 0.3, "STL": 0.1, "BLK": 0.0, "TO": 0.1, "FG%": 42.9, "FT%": 100.0, "3P%": 50.0}, "Petras Padegimas": {"GP": 24.0, "MIN": 7.9, "PTS": 1.1, "REB": 0.7, "AST": 0.3, "STL": 0.0, "BLK": 0.2, "TO": 0.3, "FG%": 41.7, "FT%": 50.0, "3P%": 42.9}, "CJ Napier": {"GP": 5.0, "MIN": 1.6, "PTS": 1.0, "REB": 0.8, "AST": 0.0, "STL": 0.0, "BLK": 0.0, "TO": 0.0, "FG%": 66.7, "FT%": 50.0, "3P%": 0.0}, "Atticus Schuler": {"GP": 8.0, "MIN": 2.0, "PTS": 0.4, "REB": 0.3, "AST": 0.3, "STL": 0.1, "BLK": 0.0, "TO": 0.0, "FG%": 100.0, "FT%": 0.0, "3P%": 100.0}, "Malachi Smith": {"GP": 1.0, "MIN": 7.0, "PTS": 0.0, "REB": 0.0, "AST": 2.0, "STL": 0.0, "BLK": 0.0, "TO": 1.0, "FG%": 0.0, "FT%": 0.0, "3P%": 0.0}, "Evan Dickey": {"GP": 3.0, "MIN": 1.3, "PTS": 0.0, "REB": 0.3, "AST": 0.3, "STL": 0.0, "BLK": 0.0, "TO": 0.3, "FG%": 0.0, "FT%": 0.0, "3P%": 0.0}, "Will Maxwell": {"GP": 3.0, "MIN": 2.0, "PTS": 0.0, "REB": 0.3, "AST": 0.0, "STL": 0.0, "BLK": 0.0, "TO": 0.0, "FG%": 0.0, "FT%": 0.0, "3P%": 0.0}, "Makai Grant": {"GP": 5.0, "MIN": 2.0, "PTS": 0.0, "REB": 0.4, "AST": 0.2, "STL": 0.0, "BLK": 0.0, "TO": 0.0, "FG%": 0.0, "FT%": 0.0, "3P%": 0.0}}}, {"team": "Nevada Wolf Pack", "score": 60, "home": false, "stats": {"Jarod Lucas": {"GP": 34.0, "MIN": 32.7, "PTS": 17.8, "REB": 2.8, "AST": 1.4, "STL": 0.8, "BLK": 0.0, "TO": 0.9, "FG%": 42.1, "FT%": 89.9, "3P%": 39.4}, "Kenan Blackshear": {"GP": 32.0, "MIN": 30.6, "PTS": 15.1, "REB": 4.8, "AST": 5.0, "STL": 1.4, "BLK": 0.5, "TO": 2.8, "FG%": 49.9, "FT%": 64.9, "3P%": 17.9}, "Nick Davidson": {"GP": 34.0, "MIN": 28.9, "PTS": 12.2, "REB": 7.3, "AST": 1.4, "STL": 0.7, "BLK": 0.7, "TO": 1.3, "FG%": 54.5, "FT%": 75.7, "3P%": 29.2}, "Tre Coleman": {"GP": 34.0, "MIN": 30.3, "PTS": 8.5, "REB": 3.8, "AST": 2.8, "STL": 1.3, "BLK": 0.6, "TO": 1.4, "FG%": 45.6, "FT%": 71.2, "3P%": 37.0}, "Hunter McIntosh": {"GP": 32.0, "MIN": 17.7, "PTS": 5.9, "REB": 1.2, "AST": 1.3, "STL": 0.5, "BLK": 0.0, "TO": 0.3, "FG%": 44.9, "FT%": 74.1, "3P%": 44.9}, "K.J. Hymes": {"GP": 32.0, "MIN": 15.9, "PTS": 5.7, "REB": 3.0, "AST": 0.3, "STL": 0.2, "BLK": 0.8, "TO": 0.9, "FG%": 60.8, "FT%": 54.2, "3P%": 0.0}, "Daniel Foster": {"GP": 34.0, "MIN": 22.7, "PTS": 4.3, "REB": 4.5, "AST": 1.5, "STL": 0.8, "BLK": 0.4, "TO": 0.8, "FG%": 49.5, "FT%": 70.9, "3P%": 35.5}, "Tyler Rolison": {"GP": 33.0, "MIN": 12.8, "PTS": 3.8, "REB": 1.5, "AST": 1.5, "STL": 0.6, "BLK": 0.0, "TO": 0.7, "FG%": 36.0, "FT%": 78.0, "3P%": 38.1}, "Tylan Pope": {"GP": 21.0, "MIN": 9.5, "PTS": 3.6, "REB": 2.2, "AST": 0.2, "STL": 0.2, "BLK": 0.3, "TO": 0.6, "FG%": 46.9, "FT%": 72.2, "3P%": 20.0}, "Isaac Hymes": {"GP": 1.0, "MIN": 4.0, "PTS": 3.0, "REB": 1.0, "AST": 0.0, "STL": 0.0, "BLK": 0.0, "TO": 0.0, "FG%": 100.0, "FT%": 0.0, "3P%": 100.0}, "Jazz Gardner": {"GP": 20.0, "MIN": 6.5, "PTS": 2.5, "REB": 2.0, "AST": 0.2, "STL": 0.1, "BLK": 0.2, "TO": 0.5, "FG%": 44.9, "FT%": 44.4, "3P%": 18.2}, "Jeriah Coleman": {"GP": 17.0, "MIN": 3.0, "PTS": 0.7, "REB": 0.9, "AST": 0.0, "STL": 0.0, "BLK": 0.4, "TO": 0.2, "FG%": 36.4, "FT%": 44.4, "3P%": 0.0}, "Amire Robinson": {"GP": 13.0, "MIN": 4.9, "PTS": 0.5, "REB": 0.8, "AST": 0.2, "STL": 0.0, "BLK": 0.1, "TO": 0.1, "FG%": 60.0, "FT%": 0.0, "3P%": 0.0}, "Snookey Wigington": {"GP": 1.0, "MIN": 4.0, "PTS": 0.0, "REB": 0.0, "AST": 1.0, "STL": 0.0, "BLK": 0.0, "TO": 0.0, "FG%": 0.0, "FT%": 0.0, "3P%": 0.0}}}]