[{"team": "Duke Blue Devils", "score": 64, "home": true, "stats": {"Kyle Filipowski": {"GP": 33.0, "MIN": 30.6, "PTS": 16.7, "REB": 8.3, "AST": 2.8, "STL": 1.2, "BLK": 1.6, "TO": 2.1, "FG%": 51.0, "FT%": 66.7, "3P%": 35.0}, "Jeremy Roach": {"GP": 32.0, "MIN": 32.3, "PTS": 14.0, "REB": 2.5, "AST": 3.2, "STL": 1.1, "BLK": 0.1, "TO": 1.3, "FG%": 47.2, "FT%": 85.3, "3P%": 43.7}, "Jared McCain": {"GP": 33.0, "MIN": 31.1, "PTS": 13.5, "REB": 5.0, "AST": 1.9, "STL": 1.1, "BLK": 0.0, "TO": 1.2, "FG%": 45.6, "FT%": 86.5, "3P%": 39.7}, "Mark Mitchell": {"GP": 30.0, "MIN": 28.8, "PTS": 12.4, "REB": 6.2, "AST": 1.0, "STL": 0.8, "BLK": 0.7, "TO": 1.2, "FG%": 55.2, "FT%": 62.6, "3P%": 27.5}, "Tyrese Proctor": {"GP": 29.0, "MIN": 30.1, "PTS": 10.6, "REB": 3.0, "AST": 3.6, "STL": 0.7, "BLK": 0.1, "TO": 1.3, "FG%": 43.7, "FT%": 76.1, "3P%": 36.3}, "Caleb Foster": {"GP": 27.0, "MIN": 25.4, "PTS": 7.7, "REB": 2.4, "AST": 2.1, "STL": 0.6, "BLK": 0.1, "TO": 1.1, "FG%": 43.7, "FT%": 68.8, "3P%": 40.6}, "Ryan Young": {"GP": 33.0, "MIN": 11.5, "PTS": 2.8, "REB": 3.4, "AST": 0.9, "STL": 0.2, "BLK": 0.5, "TO": 0.8, "FG%": 57.1, "FT%": 67.7, "3P%": 0.0}, "Sean Stewart": {"GP": 30.0, "MIN": 8.2, "PTS": 2.7, "REB": 3.1, "AST": 0.2, "STL": 0.5, "BLK": 0.5, "TO": 0.4, "FG%": 55.0, "FT%": 53.8, "3P%": 0.0}, "TJ Power": {"GP": 24.0, "MIN": 7.0, "PTS": 2.2, "REB": 0.7, "AST": 0.2, "STL": 0.2, "BLK": 0.1, "TO": 0.2, "FG%": 34.0, "FT%": 85.7, "3P%": 35.9}, "Jaylen Blakes": {"GP": 28.0, "MIN": 9.5, "PTS": 1.9, "REB": 0.8, "AST": 0.4, "STL": 0.7, "BLK": 0.2, "TO": 0.3, "FG%": 42.9, "FT%": 92.3, "3P%": 27.8}, "Christian Reeves": {"GP": 3.0, "MIN": 5.0, "PTS": 1.7, "REB": 1.7, "AST": 0.0, "STL": 0.0, "BLK": 0.3, "TO": 0.7, "FG%": 66.7, "FT%": 50.0, "3P%": 0.0}, "Spencer Hubbard": {"GP": 9.0, "MIN": 2.2, "PTS": 0.6, "REB": 0.3, "AST": 0.2, "STL": 0.0, "BLK": 0.0, "TO": 0.1, "FG%": 40.0, "FT%": 0.0, "3P%": 25.0}, "Neal Begovich": {"GP": 7.0, "MIN": 1.7, "PTS": 0.3, "REB": 0.6, "AST": 0.0, "STL": 0.0, "BLK": 0.0, "TO": 0.0, "FG%": 0.0, "FT%": 100.0, "3P%": 0.0}}}, {"team": "Vermont Catamounts", "score": 47, "home": false, "stats": {"TJ Long": {"GP": 35.0, "MIN": 28.4, "PTS": 12.0, "REB": 4.0, "AST": 1.4, "STL": 1.0, "BLK": 0.4, "TO": 1.0, "FG%": 42.6, "FT%": 81.2, "3P%": 36.3}, "Shamir Bogues": {"GP": 29.0, "MIN": 27.9, "PTS": 11.3, "REB": 5.2, "AST": 2.6, "STL": 1.9, "BLK": 0.4, "TO": 1.6, "FG%": 51.3, "FT%": 61.2, "3P%": 23.8}, "Aaron Deloney": {"GP": 35.0, "MIN": 26.0, "PTS": 11.0, "REB": 2.6, "AST": 3.0, "STL": 0.4, "BLK": 0.0, "TO": 1.1, "FG%": 42.5, "FT%": 81.6, "3P%": 33.7}, "Matt Veretto": {"GP": 29.0, "MIN": 21.9, "PTS": 8.7, "REB": 3.2, "AST": 1.3, "STL": 0.5, "BLK": 0.6, "TO": 0.3, "FG%": 41.8, "FT%": 68.0, "3P%": 34.4}, "Nick Fiorillo": {"GP": 28.0, "MIN": 22.8, "PTS": 8.5, "REB": 3.1, "AST": 2.1, "STL": 0.4, "BLK": 0.6, "TO": 1.6, "FG%": 45.8, "FT%": 72.1, "3P%": 32.9}, "Ileri Ayo-Faleye": {"GP": 34.0, "MIN": 23.3, "PTS": 7.7, "REB": 4.8, "AST": 1.0, "STL": 0.7, "BLK": 1.4, "TO": 0.8, "FG%": 44.1, "FT%": 71.7, "3P%": 31.1}, "TJ Hurley": {"GP": 31.0, "MIN": 23.3, "PTS": 7.4, "REB": 2.7, "AST": 0.8, "STL": 0.4, "BLK": 0.1, "TO": 0.9, "FG%": 43.3, "FT%": 85.5, "3P%": 36.8}, "Sam Alamutu": {"GP": 35.0, "MIN": 16.0, "PTS": 4.3, "REB": 4.6, "AST": 0.8, "STL": 0.4, "BLK": 0.4, "TO": 0.5, "FG%": 58.2, "FT%": 51.7, "3P%": 37.5}, "Jace Roquemore": {"GP": 29.0, "MIN": 15.3, "PTS": 3.6, "REB": 2.5, "AST": 1.4, "STL": 0.6, "BLK": 0.2, "TO": 0.7, "FG%": 50.6, "FT%": 56.0, "3P%": 36.0}, "Brenton Mills": {"GP": 26.0, "MIN": 11.3, "PTS": 2.5, "REB": 1.5, "AST": 0.7, "STL": 0.2, "BLK": 0.0, "TO": 0.5, "FG%": 37.1, "FT%": 44.4, "3P%": 23.5}, "Michel Ndayishimiye": {"GP": 8.0, "MIN": 3.8, "PTS": 2.3, "REB": 0.4, "AST": 0.4, "STL": 0.4, "BLK": 0.0, "TO": 0.4, "FG%": 60.0, "FT%": 100.0, "3P%": 50.0}, "Seth Joba": {"GP": 16.0, "MIN": 7.4, "PTS": 2.3, "REB": 1.3, "AST": 0.3, "STL": 0.1, "BLK": 0.3, "TO": 0.6, "FG%": 48.3, "FT%": 60.0, "3P%": 33.3}, "Jackson Skipper": {"GP": 11.0, "MIN": 7.2, "PTS": 2.1, "REB": 1.2, "AST": 0.2, "STL": 0.2, "BLK": 0.0, "TO": 0.5, "FG%": 56.3, "FT%": 0.0, "3P%": 55.6}}}]