[{"team": "Duke Blue Devils", "score": 93, "home": true, "stats": {"Kyle Filipowski": {"GP": 34.0, "MIN": 30.3, "PTS": 16.6, "REB": 8.2, "AST": 2.9, "STL": 1.2, "BLK": 1.6, "TO": 2.1, "FG%": 51.5, "FT%": 66.7, "3P%": 34.6}, "Jeremy Roach": {"GP": 33.0, "MIN": 32.4, "PTS": 14.0, "REB": 2.5, "AST": 3.2, "STL": 1.2, "BLK": 0.1, "TO": 1.3, "FG%": 47.6, "FT%": 85.8, "3P%": 43.8}, "Jared McCain": {"GP": 34.0, "MIN": 31.1, "PTS": 14.0, "REB": 5.0, "AST": 1.9, "STL": 1.1, "BLK": 0.0, "TO": 1.2, "FG%": 46.5, "FT%": 86.8, "3P%": 41.5}, "Mark Mitchell": {"GP": 31.0, "MIN": 28.9, "PTS": 12.1, "REB": 6.1, "AST": 1.1, "STL": 0.8, "BLK": 0.7, "TO": 1.2, "FG%": 54.3, "FT%": 62.6, "3P%": 27.5}, "Tyrese Proctor": {"GP": 30.0, "MIN": 30.2, "PTS": 10.9, "REB": 3.0, "AST": 3.7, "STL": 0.6, "BLK": 0.1, "TO": 1.3, "FG%": 43.8, "FT%": 74.5, "3P%": 36.5}, "Caleb Foster": {"GP": 27.0, "MIN": 25.4, "PTS": 7.7, "REB": 2.4, "AST": 2.1, "STL": 0.6, "BLK": 0.1, "TO": 1.1, "FG%": 43.7, "FT%": 68.8, "3P%": 40.6}, "Ryan Young": {"GP": 34.0, "MIN": 11.6, "PTS": 2.8, "REB": 3.4, "AST": 0.9, "STL": 0.3, "BLK": 0.5, "TO": 0.9, "FG%": 56.9, "FT%": 66.7, "3P%": 0.0}, "Sean Stewart": {"GP": 31.0, "MIN": 8.5, "PTS": 2.7, "REB": 3.2, "AST": 0.3, "STL": 0.5, "BLK": 0.5, "TO": 0.4, "FG%": 56.5, "FT%": 53.6, "3P%": 0.0}, "TJ Power": {"GP": 25.0, "MIN": 7.0, "PTS": 2.2, "REB": 0.8, "AST": 0.2, "STL": 0.2, "BLK": 0.1, "TO": 0.2, "FG%": 33.3, "FT%": 85.7, "3P%": 35.7}, "Jaylen Blakes": {"GP": 29.0, "MIN": 9.3, "PTS": 1.9, "REB": 0.7, "AST": 0.4, "STL": 0.7, "BLK": 0.2, "TO": 0.3, "FG%": 41.9, "FT%": 93.3, "3P%": 26.3}, "Christian Reeves": {"GP": 3.0, "MIN": 5.0, "PTS": 1.7, "REB": 1.7, "AST": 0.0, "STL": 0.0, "BLK": 0.3, "TO": 0.7, "FG%": 66.7, "FT%": 50.0, "3P%": 0.0}, "Spencer Hubbard": {"GP": 10.0, "MIN": 2.4, "PTS": 0.6, "REB": 0.3, "AST": 0.2, "STL": 0.0, "BLK": 0.0, "TO": 0.1, "FG%": 33.3, "FT%": 50.0, "3P%": 25.0}, "Neal Begovich": {"GP": 8.0, "MIN": 2.0, "PTS": 0.3, "REB": 0.5, "AST": 0.0, "STL": 0.0, "BLK": 0.0, "TO": 0.0, "FG%": 0.0, "FT%": 100.0, "3P%": 0.0}}}, {"team": "James Madison Dukes", "score": 55, "home": false, "stats": {"Terrence Edwards Jr.": {"GP": 36.0, "MIN": 30.2, "PTS": 17.2, "REB": 4.4, "AST": 3.4, "STL": 0.9, "BLK": 0.3, "TO": 2.4, "FG%": 42.7, "FT%": 81.0, "3P%": 34.3}, "T.J. Bickerstaff": {"GP": 36.0, "MIN": 23.4, "PTS": 13.3, "REB": 8.4, "AST": 1.7, "STL": 1.1, "BLK": 0.4, "TO": 1.8, "FG%": 61.9, "FT%": 62.0, "3P%": 0.0}, "Noah Freidel": {"GP": 36.0, "MIN": 30.1, "PTS": 11.9, "REB": 5.3, "AST": 1.7, "STL": 0.9, "BLK": 0.9, "TO": 0.9, "FG%": 43.2, "FT%": 85.1, "3P%": 38.4}, "Julien Wooden": {"GP": 36.0, "MIN": 25.1, "PTS": 9.9, "REB": 3.2, "AST": 1.2, "STL": 1.0, "BLK": 0.6, "TO": 1.0, "FG%": 51.4, "FT%": 77.6, "3P%": 40.2}, "Michael Green III": {"GP": 36.0, "MIN": 21.5, "PTS": 7.3, "REB": 1.3, "AST": 3.3, "STL": 0.9, "BLK": 0.1, "TO": 1.3, "FG%": 38.6, "FT%": 65.5, "3P%": 36.5}, "Jaylen Carey": {"GP": 36.0, "MIN": 14.9, "PTS": 7.0, "REB": 4.3, "AST": 0.8, "STL": 0.7, "BLK": 0.3, "TO": 0.6, "FG%": 66.9, "FT%": 51.4, "3P%": 30.0}, "Raekwon Horton": {"GP": 36.0, "MIN": 21.9, "PTS": 6.9, "REB": 4.3, "AST": 1.0, "STL": 1.4, "BLK": 0.1, "TO": 1.0, "FG%": 54.2, "FT%": 70.3, "3P%": 33.8}, "Xavier Brown": {"GP": 36.0, "MIN": 21.1, "PTS": 6.3, "REB": 2.6, "AST": 2.0, "STL": 1.4, "BLK": 0.3, "TO": 0.8, "FG%": 34.4, "FT%": 65.4, "3P%": 33.9}, "Quincy Allen": {"GP": 8.0, "MIN": 7.3, "PTS": 3.8, "REB": 1.4, "AST": 0.0, "STL": 0.1, "BLK": 0.1, "TO": 0.9, "FG%": 46.2, "FT%": 100.0, "3P%": 36.4}, "Jerrell Roberson": {"GP": 12.0, "MIN": 4.5, "PTS": 1.7, "REB": 1.3, "AST": 0.2, "STL": 0.3, "BLK": 0.1, "TO": 0.3, "FG%": 50.0, "FT%": 50.0, "3P%": 50.0}, "Bryant Randleman": {"GP": 35.0, "MIN": 8.8, "PTS": 1.6, "REB": 0.6, "AST": 0.8, "STL": 0.6, "BLK": 0.2, "TO": 0.3, "FG%": 45.1, "FT%": 37.5, "3P%": 42.9}, "Jarrell Pope": {"GP": 9.0, "MIN": 1.8, "PTS": 0.7, "REB": 0.1, "AST": 0.0, "STL": 0.1, "BLK": 0.0, "TO": 0.3, "FG%": 22.2, "FT%": 33.3, "3P%": 20.0}, "Hollman Smith": {"GP": 12.0, "MIN": 2.6, "PTS": 0.6, "REB": 0.6, "AST": 0.0, "STL": 0.1, "BLK": 0.0, "TO": 0.0, "FG%": 22.2, "FT%": 100.0, "3P%": 14.3}, "Shane Feden": {"GP": 11.0, "MIN": 2.1, "PTS": 0.5, "REB": 0.4, "AST": 0.2, "STL": 0.1, "BLK": 0.0, "TO": 0.0, "FG%": 40.0, "FT%": 50.0, "3P%": 33.3}, "Aidan Mckeon": {"GP": 6.0, "MIN": 1.8, "PTS": 0.3, "REB": 0.3, "AST": 0.2, "STL": 0.0, "BLK": 0.2, "TO": 0.2, "FG%": 100.0, "FT%": 0.0, "3P%": 0.0}}}]