[{"team": "Duke Blue Devils", "score": 54, "home": false, "stats": {"Kyle Filipowski": {"GP": 35.0, "MIN": 30.4, "PTS": 16.6, "REB": 8.3, "AST": 2.8, "STL": 1.1, "BLK": 1.5, "TO": 2.1, "FG%": 51.2, "FT%": 66.0, "3P%": 35.8}, "Jeremy Roach": {"GP": 34.0, "MIN": 32.5, "PTS": 14.0, "REB": 2.5, "AST": 3.3, "STL": 1.1, "BLK": 0.1, "TO": 1.4, "FG%": 47.1, "FT%": 86.2, "3P%": 43.2}, "Jared McCain": {"GP": 35.0, "MIN": 31.3, "PTS": 13.8, "REB": 5.0, "AST": 1.9, "STL": 1.1, "BLK": 0.0, "TO": 1.3, "FG%": 46.5, "FT%": 86.8, "3P%": 41.2}, "Mark Mitchell": {"GP": 32.0, "MIN": 28.7, "PTS": 11.8, "REB": 6.0, "AST": 1.1, "STL": 0.8, "BLK": 0.7, "TO": 1.2, "FG%": 53.8, "FT%": 62.6, "3P%": 27.5}, "Tyrese Proctor": {"GP": 31.0, "MIN": 30.4, "PTS": 10.8, "REB": 3.0, "AST": 3.7, "STL": 0.7, "BLK": 0.1, "TO": 1.3, "FG%": 43.6, "FT%": 75.5, "3P%": 36.3}, "Caleb Foster": {"GP": 27.0, "MIN": 25.4, "PTS": 7.7, "REB": 2.4, "AST": 2.1, "STL": 0.6, "BLK": 0.1, "TO": 1.1, "FG%": 43.7, "FT%": 68.8, "3P%": 40.6}, "Ryan Young": {"GP": 35.0, "MIN": 11.9, "PTS": 2.9, "REB": 3.4, "AST": 0.9, "STL": 0.3, "BLK": 0.5, "TO": 0.8, "FG%": 58.2, "FT%": 62.9, "3P%": 0.0}, "Sean Stewart": {"GP": 32.0, "MIN": 8.3, "PTS": 2.7, "REB": 3.2, "AST": 0.2, "STL": 0.5, "BLK": 0.4, "TO": 0.4, "FG%": 56.5, "FT%": 53.6, "3P%": 0.0}, "TJ Power": {"GP": 25.0, "MIN": 7.0, "PTS": 2.2, "REB": 0.8, "AST": 0.2, "STL": 0.2, "BLK": 0.1, "TO": 0.2, "FG%": 33.3, "FT%": 85.7, "3P%": 35.7}, "Jaylen Blakes": {"GP": 30.0, "MIN": 9.1, "PTS": 1.9, "REB": 0.8, "AST": 0.4, "STL": 0.7, "BLK": 0.2, "TO": 0.3, "FG%": 40.9, "FT%": 94.1, "3P%": 26.3}, "Christian Reeves": {"GP": 3.0, "MIN": 5.0, "PTS": 1.7, "REB": 1.7, "AST": 0.0, "STL": 0.0, "BLK": 0.3, "TO": 0.7, "FG%": 66.7, "FT%": 50.0, "3P%": 0.0}, "Spencer Hubbard": {"GP": 10.0, "MIN": 2.4, "PTS": 0.6, "REB": 0.3, "AST": 0.2, "STL": 0.0, "BLK": 0.0, "TO": 0.1, "FG%": 33.3, "FT%": 50.0, "3P%": 25.0}, "Neal Begovich": {"GP": 8.0, "MIN": 2.0, "PTS": 0.3, "REB": 0.5, "AST": 0.0, "STL": 0.0, "BLK": 0.0, "TO": 0.0, "FG%": 0.0, "FT%": 100.0, "3P%": 0.0}}}, {"team": "Houston Cougars", "score": 51, "home": true, "stats": {"L.J. Cryer": {"GP": 37.0, "MIN": 32.1, "PTS": 15.5, "REB": 2.4, "AST": 1.9, "STL": 1.1, "BLK": 0.1, "TO": 0.9, "FG%": 41.1, "FT%": 87.1, "3P%": 38.8}, "Jamal Shead": {"GP": 37.0, "MIN": 31.1, "PTS": 12.9, "REB": 3.7, "AST": 6.3, "STL": 2.2, "BLK": 0.5, "TO": 2.0, "FG%": 40.9, "FT%": 77.9, "3P%": 30.9}, "Emanuel Sharp": {"GP": 37.0, "MIN": 28.3, "PTS": 12.6, "REB": 3.5, "AST": 0.9, "STL": 1.5, "BLK": 0.1, "TO": 1.1, "FG%": 37.3, "FT%": 85.1, "3P%": 36.8}, "J'Wan Roberts": {"GP": 36.0, "MIN": 26.6, "PTS": 9.5, "REB": 6.8, "AST": 1.9, "STL": 1.3, "BLK": 0.9, "TO": 1.1, "FG%": 59.6, "FT%": 51.1, "3P%": 0.0}, "Damian Dunn": {"GP": 37.0, "MIN": 17.5, "PTS": 6.4, "REB": 2.3, "AST": 0.4, "STL": 0.8, "BLK": 0.1, "TO": 1.0, "FG%": 35.9, "FT%": 70.6, "3P%": 31.7}, "Ja'Vier Francis": {"GP": 37.0, "MIN": 20.6, "PTS": 6.0, "REB": 5.2, "AST": 0.2, "STL": 0.9, "BLK": 1.6, "TO": 0.8, "FG%": 64.6, "FT%": 52.9, "3P%": 0.0}, "Terrance Arceneaux": {"GP": 11.0, "MIN": 18.4, "PTS": 5.5, "REB": 4.5, "AST": 0.7, "STL": 0.9, "BLK": 0.5, "TO": 0.4, "FG%": 38.6, "FT%": 52.6, "3P%": 28.6}, "Mylik Wilson": {"GP": 36.0, "MIN": 16.0, "PTS": 4.4, "REB": 3.5, "AST": 0.8, "STL": 0.9, "BLK": 0.4, "TO": 0.7, "FG%": 44.2, "FT%": 59.5, "3P%": 24.1}, "Joseph Tugler": {"GP": 28.0, "MIN": 16.0, "PTS": 3.8, "REB": 4.1, "AST": 0.3, "STL": 0.9, "BLK": 1.1, "TO": 0.5, "FG%": 55.1, "FT%": 46.3, "3P%": 0.0}, "Ramon Walker Jr.": {"GP": 27.0, "MIN": 10.9, "PTS": 2.0, "REB": 2.9, "AST": 0.3, "STL": 0.3, "BLK": 0.0, "TO": 0.3, "FG%": 34.1, "FT%": 64.3, "3P%": 30.4}, "Ryan Elvin": {"GP": 21.0, "MIN": 2.9, "PTS": 0.9, "REB": 0.1, "AST": 0.1, "STL": 0.0, "BLK": 0.0, "TO": 0.1, "FG%": 33.3, "FT%": 66.7, "3P%": 25.0}, "Cedric Lath": {"GP": 25.0, "MIN": 5.6, "PTS": 0.2, "REB": 0.8, "AST": 0.0, "STL": 0.0, "BLK": 0.3, "TO": 0.2, "FG%": 28.6, "FT%": 20.0, "3P%": 0.0}}}]