[{"team": "Duquesne Dukes", "score": 71, "home": false, "stats": {"Dae Dae Grant": {"GP": 33.0, "MIN": 32.9, "PTS": 16.7, "REB": 3.4, "AST": 2.5, "STL": 1.0, "BLK": 0.1, "TO": 1.3, "FG%": 38.9, "FT%": 94.1, "3P%": 33.7}, "Jimmy Clark III": {"GP": 36.0, "MIN": 31.1, "PTS": 15.0, "REB": 3.4, "AST": 3.8, "STL": 2.4, "BLK": 0.3, "TO": 2.8, "FG%": 41.4, "FT%": 71.4, "3P%": 33.0}, "David Dixon": {"GP": 36.0, "MIN": 19.8, "PTS": 7.1, "REB": 4.8, "AST": 0.7, "STL": 0.9, "BLK": 1.7, "TO": 1.6, "FG%": 54.7, "FT%": 67.1, "3P%": 18.2}, "Fousseyni Drame": {"GP": 36.0, "MIN": 21.1, "PTS": 6.8, "REB": 5.8, "AST": 1.1, "STL": 0.7, "BLK": 0.4, "TO": 1.1, "FG%": 47.7, "FT%": 65.9, "3P%": 43.6}, "Jake DiMichele": {"GP": 29.0, "MIN": 22.8, "PTS": 6.5, "REB": 2.6, "AST": 1.0, "STL": 0.6, "BLK": 0.3, "TO": 0.9, "FG%": 45.9, "FT%": 62.1, "3P%": 31.2}, "Andrei Savrasov": {"GP": 19.0, "MIN": 17.1, "PTS": 6.2, "REB": 3.6, "AST": 1.1, "STL": 0.9, "BLK": 0.4, "TO": 0.7, "FG%": 48.4, "FT%": 52.9, "3P%": 33.3}, "Kareem Rozier": {"GP": 36.0, "MIN": 24.9, "PTS": 5.4, "REB": 1.8, "AST": 2.3, "STL": 0.8, "BLK": 0.1, "TO": 1.0, "FG%": 39.5, "FT%": 80.8, "3P%": 38.9}, "Dusan Mahorcic": {"GP": 25.0, "MIN": 10.6, "PTS": 4.7, "REB": 2.0, "AST": 0.5, "STL": 0.2, "BLK": 0.2, "TO": 0.8, "FG%": 52.8, "FT%": 63.2, "3P%": 0.0}, "Tre Williams": {"GP": 26.0, "MIN": 14.4, "PTS": 3.6, "REB": 2.8, "AST": 0.6, "STL": 0.3, "BLK": 0.5, "TO": 0.8, "FG%": 44.3, "FT%": 43.8, "3P%": 20.0}, "Hassan Drame": {"GP": 13.0, "MIN": 11.8, "PTS": 3.4, "REB": 3.2, "AST": 0.5, "STL": 0.4, "BLK": 0.1, "TO": 0.6, "FG%": 40.9, "FT%": 40.0, "3P%": 31.6}, "Jakub Necas": {"GP": 33.0, "MIN": 10.6, "PTS": 2.5, "REB": 1.9, "AST": 0.4, "STL": 0.2, "BLK": 0.4, "TO": 0.4, "FG%": 38.2, "FT%": 72.0, "3P%": 34.1}, "Halil Barre": {"GP": 31.0, "MIN": 8.3, "PTS": 1.9, "REB": 1.9, "AST": 0.1, "STL": 0.1, "BLK": 0.5, "TO": 0.5, "FG%": 50.0, "FT%": 47.1, "3P%": 0.0}, "Matus Hronsky": {"GP": 23.0, "MIN": 6.9, "PTS": 1.9, "REB": 1.2, "AST": 0.3, "STL": 0.1, "BLK": 0.0, "TO": 0.5, "FG%": 38.6, "FT%": 100.0, "3P%": 27.3}, "Andy Barba": {"GP": 4.0, "MIN": 3.8, "PTS": 1.5, "REB": 0.5, "AST": 0.0, "STL": 0.3, "BLK": 0.0, "TO": 0.0, "FG%": 28.6, "FT%": 0.0, "3P%": 50.0}, "Kailon Nicholls": {"GP": 8.0, "MIN": 6.9, "PTS": 1.1, "REB": 0.6, "AST": 0.9, "STL": 0.3, "BLK": 0.0, "TO": 0.8, "FG%": 66.7, "FT%": 0.0, "3P%": 100.0}, "Ethan Anish": {"GP": 1.0, "MIN": 3.0, "PTS": 0.0, "REB": 1.0, "AST": 0.0, "STL": 0.0, "BLK": 0.0, "TO": 0.0, "FG%": 0.0, "FT%": 0.0, "3P%": 0.0}, "Lucas Perusek": {"GP": 2.0, "MIN": 2.0, "PTS": 0.0, "REB": 0.5, "AST": 0.5, "STL": 0.0, "BLK": 0.0, "TO": 0.0, "FG%": 0.0, "FT%": 0.0, "3P%": 0.0}, "Seamus McDermott": {"GP": 2.0, "MIN": 2.0, "PTS": 0.0, "REB": 1.0, "AST": 0.0, "STL": 0.0, "BLK": 0.0, "TO": 0.0, "FG%": 0.0, "FT%": 0.0, "3P%": 0.0}}}, {"team": "BYU Cougars", "score": 67, "home": true, "stats": {"Jaxson Robinson": {"GP": 33.0, "MIN": 26.5, "PTS": 14.2, "REB": 2.5, "AST": 1.3, "STL": 0.7, "BLK": 0.4, "TO": 1.5, "FG%": 42.6, "FT%": 90.8, "3P%": 35.4}, "Fousseyni Traore": {"GP": 26.0, "MIN": 18.3, "PTS": 10.9, "REB": 5.2, "AST": 1.3, "STL": 0.6, "BLK": 0.8, "TO": 1.7, "FG%": 62.6, "FT%": 71.6, "3P%": 66.7}, "Trevin Knell": {"GP": 33.0, "MIN": 24.2, "PTS": 10.6, "REB": 3.4, "AST": 1.3, "STL": 0.6, "BLK": 0.1, "TO": 0.6, "FG%": 45.3, "FT%": 77.1, "3P%": 38.5}, "Spencer Johnson": {"GP": 34.0, "MIN": 27.8, "PTS": 10.3, "REB": 6.3, "AST": 3.3, "STL": 1.0, "BLK": 0.1, "TO": 1.6, "FG%": 41.8, "FT%": 81.1, "3P%": 29.7}, "Richie Saunders": {"GP": 34.0, "MIN": 20.7, "PTS": 9.6, "REB": 4.1, "AST": 1.1, "STL": 0.8, "BLK": 0.2, "TO": 0.4, "FG%": 52.3, "FT%": 71.2, "3P%": 36.4}, "Noah Waterman": {"GP": 33.0, "MIN": 24.1, "PTS": 9.5, "REB": 5.4, "AST": 0.7, "STL": 0.4, "BLK": 0.6, "TO": 0.7, "FG%": 45.7, "FT%": 80.7, "3P%": 37.0}, "Dallin Hall": {"GP": 34.0, "MIN": 29.3, "PTS": 9.0, "REB": 3.5, "AST": 5.1, "STL": 1.0, "BLK": 0.0, "TO": 1.7, "FG%": 42.2, "FT%": 63.2, "3P%": 35.9}, "Aly Khalifa": {"GP": 29.0, "MIN": 19.4, "PTS": 5.7, "REB": 3.7, "AST": 4.0, "STL": 0.3, "BLK": 0.6, "TO": 1.1, "FG%": 38.6, "FT%": 62.1, "3P%": 31.5}, "Dawson Baker": {"GP": 4.0, "MIN": 10.5, "PTS": 5.0, "REB": 0.8, "AST": 1.5, "STL": 0.8, "BLK": 0.0, "TO": 0.8, "FG%": 56.3, "FT%": 0.0, "3P%": 50.0}, "Atiki Ally Atiki": {"GP": 23.0, "MIN": 11.0, "PTS": 4.0, "REB": 2.9, "AST": 0.3, "STL": 0.3, "BLK": 0.5, "TO": 0.9, "FG%": 62.1, "FT%": 45.8, "3P%": 0.0}, "Trey Stewart": {"GP": 26.0, "MIN": 9.5, "PTS": 2.2, "REB": 1.8, "AST": 1.1, "STL": 0.5, "BLK": 0.2, "TO": 0.8, "FG%": 40.7, "FT%": 60.0, "3P%": 26.1}, "Marcus Adams": {"GP": 1.0, "MIN": 8.0, "PTS": 2.0, "REB": 2.0, "AST": 1.0, "STL": 0.0, "BLK": 0.0, "TO": 0.0, "FG%": 16.7, "FT%": 0.0, "3P%": 0.0}, "Townsend Tripple": {"GP": 14.0, "MIN": 3.5, "PTS": 1.6, "REB": 1.0, "AST": 0.1, "STL": 0.2, "BLK": 0.0, "TO": 0.2, "FG%": 50.0, "FT%": 90.0, "3P%": 14.3}, "Jared McGregor": {"GP": 11.0, "MIN": 1.8, "PTS": 0.5, "REB": 0.3, "AST": 0.1, "STL": 0.0, "BLK": 0.0, "TO": 0.2, "FG%": 28.6, "FT%": 0.0, "3P%": 33.3}, "Tanner Hayhurst": {"GP": 11.0, "MIN": 2.5, "PTS": 0.2, "REB": 0.4, "AST": 0.2, "STL": 0.0, "BLK": 0.0, "TO": 0.3, "FG%": 16.7, "FT%": 0.0, "3P%": 0.0}}}]