[{"team": "Gonzaga Bulldogs", "score": 89, "home": false, "stats": {"Graham Ike": {"GP": 34.0, "MIN": 24.0, "PTS": 16.4, "REB": 7.3, "AST": 0.9, "STL": 0.6, "BLK": 0.7, "TO": 1.6, "FG%": 61.2, "FT%": 78.4, "3P%": 33.3}, "Anton Watson": {"GP": 34.0, "MIN": 31.4, "PTS": 14.5, "REB": 7.2, "AST": 2.6, "STL": 1.5, "BLK": 0.7, "TO": 1.4, "FG%": 58.2, "FT%": 66.1, "3P%": 40.8}, "Nolan Hickman": {"GP": 34.0, "MIN": 35.2, "PTS": 13.9, "REB": 2.3, "AST": 2.7, "STL": 1.0, "BLK": 0.4, "TO": 1.4, "FG%": 46.9, "FT%": 88.3, "3P%": 41.8}, "Ryan Nembhard": {"GP": 34.0, "MIN": 35.6, "PTS": 12.6, "REB": 4.0, "AST": 6.9, "STL": 1.2, "BLK": 0.0, "TO": 2.3, "FG%": 44.5, "FT%": 75.0, "3P%": 32.4}, "Braden Huff": {"GP": 34.0, "MIN": 13.5, "PTS": 9.5, "REB": 3.5, "AST": 0.5, "STL": 0.2, "BLK": 0.7, "TO": 0.4, "FG%": 59.7, "FT%": 55.4, "3P%": 33.8}, "Ben Gregg": {"GP": 34.0, "MIN": 23.5, "PTS": 9.2, "REB": 5.7, "AST": 1.2, "STL": 1.2, "BLK": 0.7, "TO": 0.7, "FG%": 54.4, "FT%": 72.9, "3P%": 38.5}, "Dusty Stromer": {"GP": 34.0, "MIN": 23.6, "PTS": 4.9, "REB": 3.3, "AST": 1.1, "STL": 0.6, "BLK": 0.5, "TO": 0.9, "FG%": 37.1, "FT%": 81.1, "3P%": 35.8}, "Luka Krajnovic": {"GP": 16.0, "MIN": 8.3, "PTS": 2.9, "REB": 1.3, "AST": 0.6, "STL": 0.4, "BLK": 0.1, "TO": 0.9, "FG%": 46.7, "FT%": 78.9, "3P%": 33.3}, "Jun Seok Yeo": {"GP": 25.0, "MIN": 6.9, "PTS": 2.3, "REB": 1.2, "AST": 0.2, "STL": 0.1, "BLK": 0.2, "TO": 0.3, "FG%": 43.5, "FT%": 66.7, "3P%": 13.6}, "Colby Brooks": {"GP": 14.0, "MIN": 2.9, "PTS": 1.0, "REB": 1.2, "AST": 0.1, "STL": 0.0, "BLK": 0.0, "TO": 0.1, "FG%": 33.3, "FT%": 44.4, "3P%": 0.0}, "Pavle Stosic": {"GP": 14.0, "MIN": 3.3, "PTS": 1.0, "REB": 0.8, "AST": 0.1, "STL": 0.1, "BLK": 0.2, "TO": 0.4, "FG%": 37.5, "FT%": 50.0, "3P%": 0.0}, "Joe Few": {"GP": 15.0, "MIN": 3.9, "PTS": 0.3, "REB": 0.3, "AST": 0.5, "STL": 0.2, "BLK": 0.1, "TO": 0.2, "FG%": 14.3, "FT%": 30.0, "3P%": 0.0}}}, {"team": "Kansas Jayhawks", "score": 68, "home": true, "stats": {"Kevin McCullar Jr.": {"GP": 26.0, "MIN": 34.3, "PTS": 18.3, "REB": 6.0, "AST": 4.1, "STL": 1.5, "BLK": 0.4, "TO": 2.5, "FG%": 45.4, "FT%": 80.5, "3P%": 33.3}, "Hunter Dickinson": {"GP": 33.0, "MIN": 32.2, "PTS": 17.9, "REB": 10.9, "AST": 2.3, "STL": 0.9, "BLK": 1.4, "TO": 1.8, "FG%": 54.8, "FT%": 62.4, "3P%": 35.4}, "K.J. Adams Jr.": {"GP": 34.0, "MIN": 33.4, "PTS": 12.6, "REB": 4.6, "AST": 3.1, "STL": 1.1, "BLK": 0.6, "TO": 1.8, "FG%": 60.1, "FT%": 60.0, "3P%": 0.0}, "Johnny Furphy": {"GP": 33.0, "MIN": 24.1, "PTS": 9.0, "REB": 4.9, "AST": 1.0, "STL": 0.9, "BLK": 0.3, "TO": 0.8, "FG%": 46.6, "FT%": 76.5, "3P%": 35.2}, "Dajuan Harris Jr.": {"GP": 34.0, "MIN": 35.7, "PTS": 8.5, "REB": 2.0, "AST": 6.5, "STL": 1.5, "BLK": 0.4, "TO": 2.4, "FG%": 42.4, "FT%": 80.4, "3P%": 38.4}, "Nicolas Timberlake": {"GP": 34.0, "MIN": 15.3, "PTS": 5.2, "REB": 1.9, "AST": 0.6, "STL": 0.5, "BLK": 0.1, "TO": 0.6, "FG%": 38.3, "FT%": 78.6, "3P%": 30.3}, "Elmarko Jackson": {"GP": 34.0, "MIN": 18.7, "PTS": 4.3, "REB": 1.4, "AST": 1.7, "STL": 0.8, "BLK": 0.1, "TO": 1.5, "FG%": 40.6, "FT%": 76.9, "3P%": 26.7}, "Parker Braun": {"GP": 34.0, "MIN": 7.5, "PTS": 2.2, "REB": 1.6, "AST": 0.3, "STL": 0.2, "BLK": 0.6, "TO": 0.4, "FG%": 66.7, "FT%": 66.7, "3P%": 36.4}, "Jamari McDowell": {"GP": 31.0, "MIN": 7.2, "PTS": 1.8, "REB": 1.2, "AST": 0.5, "STL": 0.2, "BLK": 0.1, "TO": 0.3, "FG%": 30.8, "FT%": 84.2, "3P%": 28.1}, "Michael Jankovich": {"GP": 11.0, "MIN": 3.5, "PTS": 1.6, "REB": 0.3, "AST": 0.0, "STL": 0.0, "BLK": 0.0, "TO": 0.1, "FG%": 50.0, "FT%": 50.0, "3P%": 45.5}, "Patrick Cassidy": {"GP": 6.0, "MIN": 1.7, "PTS": 0.8, "REB": 0.5, "AST": 0.0, "STL": 0.0, "BLK": 0.0, "TO": 0.0, "FG%": 40.0, "FT%": 0.0, "3P%": 33.3}, "Wilder Evers": {"GP": 8.0, "MIN": 2.5, "PTS": 0.8, "REB": 0.4, "AST": 0.3, "STL": 0.0, "BLK": 0.1, "TO": 0.0, "FG%": 42.9, "FT%": 0.0, "3P%": 0.0}, "Dillon Wilhite": {"GP": 9.0, "MIN": 2.4, "PTS": 0.3, "REB": 0.2, "AST": 0.0, "STL": 0.0, "BLK": 0.0, "TO": 0.3, "FG%": 33.3, "FT%": 25.0, "3P%": 0.0}, "Chris Carter": {"GP": 1.0, "MIN": 1.0, "PTS": 0.0, "REB": 0.0, "AST": 0.0, "STL": 0.0, "BLK": 0.0, "TO": 0.0, "FG%": 0.0, "FT%": 0.0, "3P%": 0.0}}}]