[{"team": "Gonzaga Bulldogs", "score": 86, "home": true, "stats": {"Graham Ike": {"GP": 33.0, "MIN": 24.1, "PTS": 16.5, "REB": 7.2, "AST": 1.0, "STL": 0.6, "BLK": 0.7, "TO": 1.6, "FG%": 61.1, "FT%": 78.2, "3P%": 33.3}, "Anton Watson": {"GP": 33.0, "MIN": 31.3, "PTS": 14.3, "REB": 7.3, "AST": 2.7, "STL": 1.5, "BLK": 0.6, "TO": 1.4, "FG%": 57.8, "FT%": 64.9, "3P%": 40.4}, "Nolan Hickman": {"GP": 33.0, "MIN": 35.2, "PTS": 13.8, "REB": 2.2, "AST": 2.7, "STL": 1.0, "BLK": 0.4, "TO": 1.4, "FG%": 46.3, "FT%": 88.3, "3P%": 41.0}, "Ryan Nembhard": {"GP": 33.0, "MIN": 35.5, "PTS": 12.8, "REB": 4.0, "AST": 6.8, "STL": 1.2, "BLK": 0.0, "TO": 2.2, "FG%": 45.0, "FT%": 75.0, "3P%": 32.7}, "Braden Huff": {"GP": 33.0, "MIN": 13.3, "PTS": 9.5, "REB": 3.5, "AST": 0.5, "STL": 0.2, "BLK": 0.7, "TO": 0.4, "FG%": 60.4, "FT%": 53.7, "3P%": 34.4}, "Ben Gregg": {"GP": 33.0, "MIN": 23.2, "PTS": 9.0, "REB": 5.6, "AST": 1.1, "STL": 1.2, "BLK": 0.7, "TO": 0.7, "FG%": 52.9, "FT%": 75.3, "3P%": 37.3}, "Dusty Stromer": {"GP": 33.0, "MIN": 23.8, "PTS": 5.0, "REB": 3.4, "AST": 1.2, "STL": 0.6, "BLK": 0.5, "TO": 0.9, "FG%": 37.0, "FT%": 81.1, "3P%": 35.5}, "Luka Krajnovic": {"GP": 15.0, "MIN": 8.7, "PTS": 3.1, "REB": 1.3, "AST": 0.6, "STL": 0.4, "BLK": 0.1, "TO": 0.9, "FG%": 46.7, "FT%": 78.9, "3P%": 33.3}, "Jun Seok Yeo": {"GP": 24.0, "MIN": 7.1, "PTS": 2.3, "REB": 1.3, "AST": 0.3, "STL": 0.1, "BLK": 0.2, "TO": 0.3, "FG%": 42.2, "FT%": 66.7, "3P%": 13.6}, "Colby Brooks": {"GP": 13.0, "MIN": 3.1, "PTS": 1.1, "REB": 1.3, "AST": 0.1, "STL": 0.0, "BLK": 0.0, "TO": 0.2, "FG%": 35.7, "FT%": 44.4, "3P%": 0.0}, "Pavle Stosic": {"GP": 13.0, "MIN": 3.5, "PTS": 1.1, "REB": 0.8, "AST": 0.2, "STL": 0.1, "BLK": 0.2, "TO": 0.4, "FG%": 37.5, "FT%": 50.0, "3P%": 0.0}, "Joe Few": {"GP": 14.0, "MIN": 4.1, "PTS": 0.4, "REB": 0.4, "AST": 0.6, "STL": 0.2, "BLK": 0.1, "TO": 0.2, "FG%": 14.3, "FT%": 30.0, "3P%": 0.0}}}, {"team": "McNeese Cowboys", "score": 65, "home": false, "stats": {"Shahada Wells": {"GP": 33.0, "MIN": 32.2, "PTS": 17.8, "REB": 4.5, "AST": 4.7, "STL": 3.0, "BLK": 0.3, "TO": 2.0, "FG%": 46.2, "FT%": 79.4, "3P%": 38.4}, "Christian Shumate": {"GP": 34.0, "MIN": 28.6, "PTS": 12.1, "REB": 9.5, "AST": 0.9, "STL": 0.9, "BLK": 1.4, "TO": 1.4, "FG%": 56.1, "FT%": 46.5, "3P%": 23.1}, "DJ Richards Jr.": {"GP": 34.0, "MIN": 25.5, "PTS": 11.4, "REB": 2.2, "AST": 0.7, "STL": 1.0, "BLK": 0.1, "TO": 0.5, "FG%": 46.6, "FT%": 79.7, "3P%": 45.1}, "Javohn Garcia": {"GP": 32.0, "MIN": 26.8, "PTS": 11.2, "REB": 3.3, "AST": 1.7, "STL": 1.3, "BLK": 0.4, "TO": 0.8, "FG%": 46.2, "FT%": 75.0, "3P%": 44.4}, "Antavion Collum": {"GP": 34.0, "MIN": 24.6, "PTS": 8.6, "REB": 4.6, "AST": 1.6, "STL": 1.0, "BLK": 0.3, "TO": 0.9, "FG%": 43.0, "FT%": 72.5, "3P%": 39.4}, "Nasir Mann": {"GP": 4.0, "MIN": 19.0, "PTS": 7.5, "REB": 6.0, "AST": 0.8, "STL": 1.0, "BLK": 0.0, "TO": 0.5, "FG%": 59.1, "FT%": 28.6, "3P%": 28.6}, "CJ Felder": {"GP": 22.0, "MIN": 19.0, "PTS": 6.3, "REB": 4.3, "AST": 0.5, "STL": 0.5, "BLK": 0.9, "TO": 1.2, "FG%": 69.4, "FT%": 74.0, "3P%": 50.0}, "Mike Saunders Jr.": {"GP": 18.0, "MIN": 16.9, "PTS": 6.0, "REB": 1.3, "AST": 1.6, "STL": 0.4, "BLK": 0.0, "TO": 0.6, "FG%": 51.5, "FT%": 78.0, "3P%": 38.1}, "Dionjahe Thomas": {"GP": 3.0, "MIN": 3.0, "PTS": 5.3, "REB": 3.7, "AST": 0.0, "STL": 0.0, "BLK": 0.3, "TO": 0.7, "FG%": 70.0, "FT%": 100.0, "3P%": 0.0}, "Omar Cooper": {"GP": 34.0, "MIN": 17.2, "PTS": 3.9, "REB": 1.4, "AST": 2.8, "STL": 1.2, "BLK": 0.2, "TO": 1.1, "FG%": 57.3, "FT%": 59.0, "3P%": 0.0}, "Cameron Jones": {"GP": 33.0, "MIN": 12.1, "PTS": 3.4, "REB": 2.4, "AST": 0.9, "STL": 0.7, "BLK": 0.2, "TO": 0.5, "FG%": 38.6, "FT%": 82.4, "3P%": 19.6}, "Roberts Berze": {"GP": 22.0, "MIN": 5.5, "PTS": 3.2, "REB": 1.4, "AST": 0.2, "STL": 0.3, "BLK": 0.0, "TO": 0.3, "FG%": 45.6, "FT%": 66.7, "3P%": 38.5}, "Wesley Fields": {"GP": 15.0, "MIN": 4.5, "PTS": 2.5, "REB": 0.4, "AST": 0.3, "STL": 0.5, "BLK": 0.0, "TO": 0.3, "FG%": 50.0, "FT%": 70.0, "3P%": 30.0}, "T'Johnn Brown": {"GP": 16.0, "MIN": 5.1, "PTS": 2.3, "REB": 0.4, "AST": 0.8, "STL": 0.7, "BLK": 0.0, "TO": 0.4, "FG%": 45.2, "FT%": 80.0, "3P%": 11.1}}}]