[{"team": "Grambling Tigers", "score": 88, "home": false, "stats": {"Kintavious Dozier": {"GP": 35.0, "MIN": 26.5, "PTS": 12.9, "REB": 3.0, "AST": 1.0, "STL": 1.0, "BLK": 0.2, "TO": 1.6, "FG%": 45.1, "FT%": 75.5, "3P%": 32.5}, "Tra'Michael Moton": {"GP": 35.0, "MIN": 29.2, "PTS": 11.6, "REB": 2.9, "AST": 2.7, "STL": 1.7, "BLK": 0.1, "TO": 2.2, "FG%": 39.8, "FT%": 80.2, "3P%": 37.1}, "Antwan Burnett": {"GP": 25.0, "MIN": 33.1, "PTS": 10.4, "REB": 6.1, "AST": 1.6, "STL": 0.8, "BLK": 0.1, "TO": 2.0, "FG%": 46.3, "FT%": 70.6, "3P%": 36.6}, "Jourdan Smith": {"GP": 31.0, "MIN": 28.3, "PTS": 10.0, "REB": 4.7, "AST": 1.1, "STL": 1.0, "BLK": 1.1, "TO": 1.5, "FG%": 41.5, "FT%": 78.6, "3P%": 33.3}, "Terrence Lewis": {"GP": 23.0, "MIN": 17.7, "PTS": 7.9, "REB": 2.3, "AST": 0.3, "STL": 0.5, "BLK": 0.2, "TO": 0.8, "FG%": 53.4, "FT%": 66.7, "3P%": 46.2}, "Jalen Johnson": {"GP": 35.0, "MIN": 21.2, "PTS": 7.5, "REB": 3.9, "AST": 0.5, "STL": 0.6, "BLK": 0.3, "TO": 0.9, "FG%": 48.9, "FT%": 58.7, "3P%": 25.0}, "Mikale Stevenson": {"GP": 35.0, "MIN": 17.7, "PTS": 4.8, "REB": 1.7, "AST": 2.1, "STL": 0.9, "BLK": 0.2, "TO": 1.7, "FG%": 39.3, "FT%": 79.2, "3P%": 30.8}, "Jonathan Aku": {"GP": 35.0, "MIN": 22.7, "PTS": 4.5, "REB": 5.3, "AST": 0.4, "STL": 0.4, "BLK": 1.0, "TO": 1.3, "FG%": 57.9, "FT%": 44.8, "3P%": 0.0}, "Jimel Cofer": {"GP": 24.0, "MIN": 9.7, "PTS": 3.5, "REB": 1.4, "AST": 0.3, "STL": 0.6, "BLK": 0.1, "TO": 0.6, "FG%": 47.5, "FT%": 75.9, "3P%": 35.3}, "Zahad Munford": {"GP": 31.0, "MIN": 9.8, "PTS": 1.7, "REB": 1.1, "AST": 0.5, "STL": 0.4, "BLK": 0.1, "TO": 0.7, "FG%": 27.0, "FT%": 50.0, "3P%": 12.9}, "Quintin Murrell": {"GP": 20.0, "MIN": 8.5, "PTS": 1.6, "REB": 1.1, "AST": 0.3, "STL": 0.3, "BLK": 0.0, "TO": 0.5, "FG%": 32.1, "FT%": 65.0, "3P%": 10.0}, "William Reynolds": {"GP": 5.0, "MIN": 4.0, "PTS": 1.2, "REB": 0.2, "AST": 0.2, "STL": 0.0, "BLK": 0.0, "TO": 0.0, "FG%": 28.6, "FT%": 0.0, "3P%": 40.0}, "Malik Lamin": {"GP": 18.0, "MIN": 6.5, "PTS": 0.6, "REB": 0.7, "AST": 0.1, "STL": 0.1, "BLK": 0.0, "TO": 0.3, "FG%": 36.4, "FT%": 33.3, "3P%": 0.0}, "Elvis Nnaji": {"GP": 3.0, "MIN": 6.0, "PTS": 0.3, "REB": 2.0, "AST": 0.0, "STL": 0.0, "BLK": 0.3, "TO": 0.3, "FG%": 0.0, "FT%": 50.0, "3P%": 0.0}}}, {"team": "Montana State Bobcats", "score": 81, "home": true, "stats": {"Robert Ford III": {"GP": 35.0, "MIN": 33.9, "PTS": 16.2, "REB": 7.6, "AST": 3.0, "STL": 2.9, "BLK": 0.2, "TO": 2.3, "FG%": 48.7, "FT%": 78.5, "3P%": 44.0}, "Brian Goracke": {"GP": 35.0, "MIN": 30.4, "PTS": 13.5, "REB": 4.3, "AST": 0.8, "STL": 0.6, "BLK": 0.5, "TO": 1.6, "FG%": 43.6, "FT%": 86.5, "3P%": 36.5}, "Brandon Walker": {"GP": 35.0, "MIN": 19.6, "PTS": 13.1, "REB": 4.0, "AST": 1.1, "STL": 0.5, "BLK": 0.2, "TO": 1.8, "FG%": 56.3, "FT%": 57.9, "3P%": 31.0}, "Patrick McMahon": {"GP": 3.0, "MIN": 26.0, "PTS": 13.0, "REB": 2.3, "AST": 0.7, "STL": 0.7, "BLK": 0.0, "TO": 0.7, "FG%": 66.7, "FT%": 83.3, "3P%": 40.0}, "Jaqari Miles": {"GP": 1.0, "MIN": 7.0, "PTS": 10.0, "REB": 1.0, "AST": 1.0, "STL": 1.0, "BLK": 0.0, "TO": 0.0, "FG%": 66.7, "FT%": 0.0, "3P%": 66.7}, "Eddie Turner III": {"GP": 32.0, "MIN": 28.7, "PTS": 9.4, "REB": 2.2, "AST": 3.7, "STL": 1.9, "BLK": 0.0, "TO": 2.0, "FG%": 44.1, "FT%": 76.6, "3P%": 37.5}, "Tyler Patterson": {"GP": 35.0, "MIN": 35.3, "PTS": 8.2, "REB": 2.2, "AST": 0.7, "STL": 1.0, "BLK": 0.1, "TO": 0.5, "FG%": 40.5, "FT%": 78.6, "3P%": 37.3}, "Sam Lecholat": {"GP": 35.0, "MIN": 22.2, "PTS": 5.5, "REB": 3.7, "AST": 1.3, "STL": 0.5, "BLK": 0.8, "TO": 0.9, "FG%": 46.1, "FT%": 69.8, "3P%": 32.9}, "John Olmsted": {"GP": 27.0, "MIN": 9.8, "PTS": 3.6, "REB": 1.7, "AST": 0.9, "STL": 0.1, "BLK": 0.2, "TO": 0.6, "FG%": 62.5, "FT%": 61.9, "3P%": 50.0}, "Chika Nduka": {"GP": 30.0, "MIN": 13.6, "PTS": 3.4, "REB": 1.6, "AST": 1.2, "STL": 0.5, "BLK": 0.1, "TO": 0.8, "FG%": 43.8, "FT%": 55.6, "3P%": 0.0}, "Jed Miller": {"GP": 23.0, "MIN": 10.5, "PTS": 2.5, "REB": 1.4, "AST": 1.1, "STL": 0.7, "BLK": 0.1, "TO": 0.5, "FG%": 29.0, "FT%": 86.7, "3P%": 22.5}, "Jaden Geron": {"GP": 21.0, "MIN": 10.7, "PTS": 2.3, "REB": 1.1, "AST": 0.7, "STL": 0.1, "BLK": 0.3, "TO": 0.7, "FG%": 30.2, "FT%": 83.3, "3P%": 28.6}, "Carter Ash": {"GP": 7.0, "MIN": 1.6, "PTS": 0.6, "REB": 0.1, "AST": 0.1, "STL": 0.0, "BLK": 0.0, "TO": 0.0, "FG%": 66.7, "FT%": 0.0, "3P%": 0.0}}}]