[{"team": "Grand Canyon Lopes", "score": 75, "home": false, "stats": {"Tyon Grant-Foster": {"GP": 33.0, "MIN": 33.2, "PTS": 19.8, "REB": 6.0, "AST": 1.6, "STL": 1.7, "BLK": 1.4, "TO": 2.4, "FG%": 44.8, "FT%": 75.6, "3P%": 33.3}, "Ray Harrison": {"GP": 33.0, "MIN": 32.8, "PTS": 13.8, "REB": 2.9, "AST": 4.0, "STL": 0.8, "BLK": 0.2, "TO": 2.2, "FG%": 41.4, "FT%": 84.2, "3P%": 30.6}, "Gabe McGlothan": {"GP": 33.0, "MIN": 32.9, "PTS": 12.9, "REB": 7.4, "AST": 1.2, "STL": 1.3, "BLK": 0.9, "TO": 1.6, "FG%": 48.3, "FT%": 76.6, "3P%": 40.5}, "Collin Moore": {"GP": 34.0, "MIN": 25.6, "PTS": 8.2, "REB": 2.9, "AST": 2.1, "STL": 1.8, "BLK": 0.5, "TO": 1.8, "FG%": 42.6, "FT%": 78.7, "3P%": 29.8}, "Duke Brennan": {"GP": 34.0, "MIN": 22.9, "PTS": 7.0, "REB": 6.6, "AST": 0.5, "STL": 0.7, "BLK": 0.7, "TO": 1.3, "FG%": 57.9, "FT%": 59.0, "3P%": 50.0}, "Lok Wur": {"GP": 34.0, "MIN": 15.0, "PTS": 5.8, "REB": 3.2, "AST": 0.4, "STL": 0.6, "BLK": 1.0, "TO": 0.5, "FG%": 47.1, "FT%": 76.5, "3P%": 32.9}, "Jovan Blacksher Jr.": {"GP": 25.0, "MIN": 15.2, "PTS": 5.0, "REB": 0.9, "AST": 1.5, "STL": 0.7, "BLK": 0.0, "TO": 0.7, "FG%": 42.4, "FT%": 83.3, "3P%": 42.6}, "Sydney Curry": {"GP": 29.0, "MIN": 9.1, "PTS": 3.0, "REB": 2.4, "AST": 0.2, "STL": 0.3, "BLK": 0.3, "TO": 0.5, "FG%": 71.2, "FT%": 41.9, "3P%": 0.0}, "Josh Baker": {"GP": 31.0, "MIN": 11.4, "PTS": 3.0, "REB": 1.0, "AST": 1.2, "STL": 0.4, "BLK": 0.0, "TO": 0.6, "FG%": 44.6, "FT%": 87.5, "3P%": 31.7}, "Isaiah Shaw": {"GP": 32.0, "MIN": 7.9, "PTS": 2.6, "REB": 0.9, "AST": 0.2, "STL": 0.1, "BLK": 0.2, "TO": 0.4, "FG%": 36.8, "FT%": 82.6, "3P%": 30.4}, "Derrick Michael Xzavierro": {"GP": 14.0, "MIN": 3.6, "PTS": 1.7, "REB": 2.0, "AST": 0.2, "STL": 0.0, "BLK": 0.1, "TO": 0.2, "FG%": 56.3, "FT%": 57.1, "3P%": 33.3}, "Marquese Josephs": {"GP": 14.0, "MIN": 3.0, "PTS": 1.5, "REB": 0.3, "AST": 0.3, "STL": 0.1, "BLK": 0.2, "TO": 0.2, "FG%": 77.8, "FT%": 87.5, "3P%": 0.0}, "Noah Amenhauser": {"GP": 13.0, "MIN": 2.6, "PTS": 1.2, "REB": 0.5, "AST": 0.1, "STL": 0.0, "BLK": 0.2, "TO": 0.1, "FG%": 77.8, "FT%": 33.3, "3P%": 100.0}, "Malcolm Flaggs": {"GP": 11.0, "MIN": 2.5, "PTS": 0.8, "REB": 0.1, "AST": 0.1, "STL": 0.0, "BLK": 0.0, "TO": 0.1, "FG%": 37.5, "FT%": 100.0, "3P%": 33.3}}}, {"team": "Saint Mary's Gaels", "score": 66, "home": true, "stats": {"Aidan Mahaney": {"GP": 34.0, "MIN": 33.2, "PTS": 13.9, "REB": 2.6, "AST": 2.6, "STL": 0.8, "BLK": 0.1, "TO": 1.4, "FG%": 38.6, "FT%": 81.3, "3P%": 35.5}, "Augustas Marciulionis": {"GP": 34.0, "MIN": 33.1, "PTS": 12.4, "REB": 3.3, "AST": 5.3, "STL": 1.4, "BLK": 0.2, "TO": 2.0, "FG%": 43.8, "FT%": 76.3, "3P%": 34.3}, "Mitchell Saxen": {"GP": 34.0, "MIN": 28.2, "PTS": 11.8, "REB": 7.6, "AST": 1.5, "STL": 0.7, "BLK": 1.3, "TO": 1.6, "FG%": 54.4, "FT%": 61.2, "3P%": 0.0}, "Joshua Jefferson": {"GP": 26.0, "MIN": 25.0, "PTS": 10.2, "REB": 6.5, "AST": 2.3, "STL": 1.2, "BLK": 0.4, "TO": 1.5, "FG%": 46.9, "FT%": 73.1, "3P%": 26.7}, "Alex Ducas": {"GP": 34.0, "MIN": 28.2, "PTS": 9.9, "REB": 5.6, "AST": 1.9, "STL": 0.7, "BLK": 0.2, "TO": 1.0, "FG%": 45.3, "FT%": 77.4, "3P%": 43.8}, "Luke Barrett": {"GP": 34.0, "MIN": 17.1, "PTS": 5.5, "REB": 3.5, "AST": 0.7, "STL": 0.5, "BLK": 0.2, "TO": 0.5, "FG%": 47.4, "FT%": 77.6, "3P%": 28.8}, "Mason Forbes": {"GP": 33.0, "MIN": 16.4, "PTS": 5.3, "REB": 2.6, "AST": 0.4, "STL": 0.4, "BLK": 0.8, "TO": 0.5, "FG%": 69.4, "FT%": 33.9, "3P%": 33.3}, "Harry Wessels": {"GP": 29.0, "MIN": 9.2, "PTS": 4.2, "REB": 3.4, "AST": 0.3, "STL": 0.2, "BLK": 0.7, "TO": 0.6, "FG%": 62.8, "FT%": 77.4, "3P%": 0.0}, "Rory Hawke": {"GP": 6.0, "MIN": 4.5, "PTS": 3.8, "REB": 1.0, "AST": 0.2, "STL": 0.3, "BLK": 0.0, "TO": 0.3, "FG%": 80.0, "FT%": 75.0, "3P%": 100.0}, "Chris Howell": {"GP": 31.0, "MIN": 10.6, "PTS": 1.5, "REB": 1.4, "AST": 0.7, "STL": 0.5, "BLK": 0.2, "TO": 0.4, "FG%": 29.6, "FT%": 66.7, "3P%": 18.8}, "Jordan Ross": {"GP": 28.0, "MIN": 6.0, "PTS": 1.3, "REB": 1.0, "AST": 0.8, "STL": 0.3, "BLK": 0.0, "TO": 0.4, "FG%": 37.2, "FT%": 27.3, "3P%": 16.7}, "Kevin Gad": {"GP": 15.0, "MIN": 2.1, "PTS": 1.3, "REB": 0.5, "AST": 0.1, "STL": 0.1, "BLK": 0.1, "TO": 0.1, "FG%": 36.8, "FT%": 0.0, "3P%": 35.7}, "Cade Bennett": {"GP": 20.0, "MIN": 4.0, "PTS": 0.9, "REB": 0.6, "AST": 0.8, "STL": 0.2, "BLK": 0.0, "TO": 0.1, "FG%": 36.8, "FT%": 0.0, "3P%": 28.6}}}]