[{"team": "Houston Cougars", "score": 86, "home": true, "stats": {"L.J. Cryer": {"GP": 35.0, "MIN": 31.8, "PTS": 15.4, "REB": 2.3, "AST": 1.9, "STL": 1.1, "BLK": 0.1, "TO": 0.8, "FG%": 40.6, "FT%": 87.9, "3P%": 39.1}, "Jamal Shead": {"GP": 35.0, "MIN": 31.2, "PTS": 13.0, "REB": 3.7, "AST": 6.3, "STL": 2.2, "BLK": 0.5, "TO": 2.0, "FG%": 41.2, "FT%": 78.7, "3P%": 32.1}, "Emanuel Sharp": {"GP": 35.0, "MIN": 27.9, "PTS": 12.3, "REB": 3.6, "AST": 0.9, "STL": 1.5, "BLK": 0.0, "TO": 1.1, "FG%": 36.9, "FT%": 84.6, "3P%": 36.2}, "J'Wan Roberts": {"GP": 34.0, "MIN": 26.4, "PTS": 9.3, "REB": 6.7, "AST": 1.9, "STL": 1.2, "BLK": 0.9, "TO": 1.1, "FG%": 58.7, "FT%": 52.6, "3P%": 0.0}, "Damian Dunn": {"GP": 35.0, "MIN": 17.6, "PTS": 6.6, "REB": 2.3, "AST": 0.4, "STL": 0.8, "BLK": 0.1, "TO": 1.0, "FG%": 36.5, "FT%": 69.9, "3P%": 32.9}, "Ja'Vier Francis": {"GP": 35.0, "MIN": 20.3, "PTS": 6.2, "REB": 5.3, "AST": 0.2, "STL": 0.9, "BLK": 1.5, "TO": 0.7, "FG%": 65.7, "FT%": 54.5, "3P%": 0.0}, "Terrance Arceneaux": {"GP": 11.0, "MIN": 18.4, "PTS": 5.5, "REB": 4.5, "AST": 0.7, "STL": 0.9, "BLK": 0.5, "TO": 0.4, "FG%": 38.6, "FT%": 52.6, "3P%": 28.6}, "Mylik Wilson": {"GP": 34.0, "MIN": 15.6, "PTS": 4.4, "REB": 3.5, "AST": 0.8, "STL": 1.0, "BLK": 0.4, "TO": 0.7, "FG%": 43.0, "FT%": 60.6, "3P%": 22.2}, "Joseph Tugler": {"GP": 28.0, "MIN": 16.0, "PTS": 3.8, "REB": 4.1, "AST": 0.3, "STL": 0.9, "BLK": 1.1, "TO": 0.5, "FG%": 55.1, "FT%": 46.3, "3P%": 0.0}, "Ramon Walker Jr.": {"GP": 25.0, "MIN": 11.0, "PTS": 1.9, "REB": 2.9, "AST": 0.4, "STL": 0.4, "BLK": 0.0, "TO": 0.3, "FG%": 32.4, "FT%": 64.3, "3P%": 30.0}, "Ryan Elvin": {"GP": 20.0, "MIN": 3.1, "PTS": 0.9, "REB": 0.1, "AST": 0.1, "STL": 0.1, "BLK": 0.0, "TO": 0.1, "FG%": 33.3, "FT%": 75.0, "3P%": 25.0}, "Cedric Lath": {"GP": 23.0, "MIN": 5.6, "PTS": 0.2, "REB": 0.8, "AST": 0.0, "STL": 0.0, "BLK": 0.3, "TO": 0.2, "FG%": 28.6, "FT%": 20.0, "3P%": 0.0}}}, {"team": "Longwood Lancers", "score": 46, "home": false, "stats": {"Walyn Napper": {"GP": 35.0, "MIN": 32.8, "PTS": 14.4, "REB": 4.0, "AST": 4.5, "STL": 1.5, "BLK": 0.3, "TO": 2.8, "FG%": 45.0, "FT%": 62.3, "3P%": 25.3}, "Johnathan Massie": {"GP": 34.0, "MIN": 25.4, "PTS": 11.3, "REB": 5.2, "AST": 1.8, "STL": 1.2, "BLK": 0.4, "TO": 1.6, "FG%": 37.4, "FT%": 68.9, "3P%": 34.6}, "Michael Christmas": {"GP": 35.0, "MIN": 27.3, "PTS": 11.3, "REB": 6.1, "AST": 0.9, "STL": 0.5, "BLK": 0.2, "TO": 1.5, "FG%": 44.4, "FT%": 77.5, "3P%": 39.8}, "Szymon Zapala": {"GP": 35.0, "MIN": 16.7, "PTS": 9.8, "REB": 5.6, "AST": 0.3, "STL": 0.2, "BLK": 0.8, "TO": 1.4, "FG%": 62.9, "FT%": 65.5, "3P%": 66.7}, "Elijah Tucker": {"GP": 34.0, "MIN": 18.3, "PTS": 7.9, "REB": 4.3, "AST": 0.3, "STL": 0.6, "BLK": 0.2, "TO": 1.4, "FG%": 57.1, "FT%": 68.9, "3P%": 0.0}, "DA Houston": {"GP": 31.0, "MIN": 24.8, "PTS": 6.5, "REB": 2.2, "AST": 2.2, "STL": 1.1, "BLK": 0.1, "TO": 1.3, "FG%": 39.5, "FT%": 75.4, "3P%": 33.7}, "Jesper Granlund": {"GP": 35.0, "MIN": 26.9, "PTS": 4.6, "REB": 2.3, "AST": 1.6, "STL": 0.6, "BLK": 0.2, "TO": 0.7, "FG%": 32.6, "FT%": 68.4, "3P%": 34.1}, "Emanuel Richards": {"GP": 35.0, "MIN": 17.3, "PTS": 4.5, "REB": 2.7, "AST": 0.6, "STL": 0.8, "BLK": 0.1, "TO": 0.9, "FG%": 46.2, "FT%": 58.6, "3P%": 33.3}, "Johan Nziemi": {"GP": 30.0, "MIN": 6.7, "PTS": 2.9, "REB": 2.4, "AST": 0.2, "STL": 0.2, "BLK": 0.0, "TO": 0.3, "FG%": 55.6, "FT%": 65.9, "3P%": 0.0}, "Jaylen Benard": {"GP": 16.0, "MIN": 8.6, "PTS": 2.2, "REB": 1.3, "AST": 0.3, "STL": 0.2, "BLK": 0.1, "TO": 0.4, "FG%": 30.6, "FT%": 100.0, "3P%": 30.4}, "Saxby Sunderland": {"GP": 22.0, "MIN": 6.1, "PTS": 2.1, "REB": 1.1, "AST": 0.1, "STL": 0.3, "BLK": 0.1, "TO": 0.2, "FG%": 40.6, "FT%": 75.0, "3P%": 42.1}, "Trey Hicks": {"GP": 1.0, "MIN": 7.0, "PTS": 2.0, "REB": 2.0, "AST": 0.0, "STL": 0.0, "BLK": 0.0, "TO": 1.0, "FG%": 33.3, "FT%": 0.0, "3P%": 0.0}, "Leo Nordberg": {"GP": 15.0, "MIN": 6.2, "PTS": 1.5, "REB": 0.8, "AST": 0.5, "STL": 0.2, "BLK": 0.1, "TO": 0.3, "FG%": 47.1, "FT%": 50.0, "3P%": 46.2}, "Mateo Esmeraldo": {"GP": 12.0, "MIN": 3.1, "PTS": 0.4, "REB": 0.5, "AST": 0.9, "STL": 0.3, "BLK": 0.0, "TO": 0.2, "FG%": 33.3, "FT%": 50.0, "3P%": 0.0}}}]