[{"team": "Houston Cougars", "score": 100, "home": true, "stats": {"L.J. Cryer": {"GP": 36.0, "MIN": 31.9, "PTS": 15.5, "REB": 2.4, "AST": 1.9, "STL": 1.1, "BLK": 0.1, "TO": 0.9, "FG%": 40.8, "FT%": 87.1, "3P%": 38.8}, "Jamal Shead": {"GP": 36.0, "MIN": 31.6, "PTS": 13.2, "REB": 3.8, "AST": 6.4, "STL": 2.2, "BLK": 0.5, "TO": 2.1, "FG%": 41.1, "FT%": 77.9, "3P%": 30.9}, "Emanuel Sharp": {"GP": 36.0, "MIN": 28.1, "PTS": 12.8, "REB": 3.6, "AST": 0.9, "STL": 1.5, "BLK": 0.1, "TO": 1.1, "FG%": 37.5, "FT%": 84.7, "3P%": 37.1}, "J'Wan Roberts": {"GP": 35.0, "MIN": 26.6, "PTS": 9.4, "REB": 6.8, "AST": 1.9, "STL": 1.3, "BLK": 0.9, "TO": 1.1, "FG%": 59.8, "FT%": 52.5, "3P%": 0.0}, "Damian Dunn": {"GP": 36.0, "MIN": 17.6, "PTS": 6.5, "REB": 2.4, "AST": 0.4, "STL": 0.8, "BLK": 0.1, "TO": 1.0, "FG%": 36.6, "FT%": 69.9, "3P%": 31.7}, "Ja'Vier Francis": {"GP": 36.0, "MIN": 20.3, "PTS": 6.0, "REB": 5.1, "AST": 0.2, "STL": 0.9, "BLK": 1.6, "TO": 0.8, "FG%": 65.2, "FT%": 54.5, "3P%": 0.0}, "Terrance Arceneaux": {"GP": 11.0, "MIN": 18.4, "PTS": 5.5, "REB": 4.5, "AST": 0.7, "STL": 0.9, "BLK": 0.5, "TO": 0.4, "FG%": 38.6, "FT%": 52.6, "3P%": 28.6}, "Mylik Wilson": {"GP": 35.0, "MIN": 15.9, "PTS": 4.5, "REB": 3.5, "AST": 0.8, "STL": 0.9, "BLK": 0.4, "TO": 0.7, "FG%": 43.8, "FT%": 59.5, "3P%": 24.1}, "Joseph Tugler": {"GP": 28.0, "MIN": 16.0, "PTS": 3.8, "REB": 4.1, "AST": 0.3, "STL": 0.9, "BLK": 1.1, "TO": 0.5, "FG%": 55.1, "FT%": 46.3, "3P%": 0.0}, "Ramon Walker Jr.": {"GP": 26.0, "MIN": 10.8, "PTS": 1.9, "REB": 2.9, "AST": 0.3, "STL": 0.3, "BLK": 0.0, "TO": 0.3, "FG%": 34.2, "FT%": 64.3, "3P%": 30.0}, "Ryan Elvin": {"GP": 21.0, "MIN": 2.9, "PTS": 0.9, "REB": 0.1, "AST": 0.1, "STL": 0.0, "BLK": 0.0, "TO": 0.1, "FG%": 33.3, "FT%": 66.7, "3P%": 25.0}, "Cedric Lath": {"GP": 24.0, "MIN": 5.7, "PTS": 0.2, "REB": 0.8, "AST": 0.0, "STL": 0.0, "BLK": 0.3, "TO": 0.2, "FG%": 28.6, "FT%": 20.0, "3P%": 0.0}}}, {"team": "Texas A&M Aggies", "score": 95, "home": false, "stats": {"Wade Taylor IV": {"GP": 36.0, "MIN": 32.9, "PTS": 19.1, "REB": 3.5, "AST": 4.0, "STL": 1.8, "BLK": 0.0, "TO": 2.8, "FG%": 36.6, "FT%": 84.7, "3P%": 32.5}, "Tyrece Radford": {"GP": 31.0, "MIN": 32.8, "PTS": 16.5, "REB": 6.5, "AST": 2.6, "STL": 0.5, "BLK": 0.1, "TO": 1.4, "FG%": 41.1, "FT%": 69.2, "3P%": 28.0}, "Henry Coleman III": {"GP": 32.0, "MIN": 23.3, "PTS": 8.8, "REB": 5.6, "AST": 0.7, "STL": 0.7, "BLK": 0.1, "TO": 0.7, "FG%": 57.3, "FT%": 69.7, "3P%": 0.0}, "Solomon Washington": {"GP": 34.0, "MIN": 23.8, "PTS": 7.4, "REB": 5.7, "AST": 0.8, "STL": 0.8, "BLK": 1.1, "TO": 0.8, "FG%": 48.3, "FT%": 70.6, "3P%": 28.3}, "Manny Obaseki": {"GP": 35.0, "MIN": 14.7, "PTS": 7.0, "REB": 1.4, "AST": 0.7, "STL": 0.5, "BLK": 0.2, "TO": 0.9, "FG%": 41.0, "FT%": 57.6, "3P%": 40.4}, "Jace Carter": {"GP": 36.0, "MIN": 25.0, "PTS": 6.9, "REB": 4.7, "AST": 0.6, "STL": 0.8, "BLK": 0.2, "TO": 0.7, "FG%": 33.2, "FT%": 62.5, "3P%": 24.6}, "Andersson Garcia": {"GP": 36.0, "MIN": 28.4, "PTS": 6.0, "REB": 9.1, "AST": 1.5, "STL": 1.3, "BLK": 0.7, "TO": 0.9, "FG%": 55.2, "FT%": 70.5, "3P%": 45.0}, "Hayden Hefner": {"GP": 35.0, "MIN": 14.2, "PTS": 5.0, "REB": 1.7, "AST": 0.6, "STL": 0.4, "BLK": 0.1, "TO": 0.9, "FG%": 33.7, "FT%": 59.5, "3P%": 28.6}, "Eli Lawrence": {"GP": 24.0, "MIN": 6.3, "PTS": 2.1, "REB": 0.8, "AST": 0.2, "STL": 0.2, "BLK": 0.1, "TO": 0.3, "FG%": 26.8, "FT%": 50.0, "3P%": 14.6}, "Bryce Lindsay": {"GP": 8.0, "MIN": 6.9, "PTS": 1.8, "REB": 0.1, "AST": 0.6, "STL": 0.3, "BLK": 0.0, "TO": 0.8, "FG%": 33.3, "FT%": 0.0, "3P%": 18.2}, "Wildens Leveque": {"GP": 35.0, "MIN": 9.6, "PTS": 1.6, "REB": 2.5, "AST": 0.1, "STL": 0.1, "BLK": 0.5, "TO": 0.3, "FG%": 29.5, "FT%": 77.8, "3P%": 0.0}, "Jaelyn Lee": {"GP": 9.0, "MIN": 1.9, "PTS": 0.7, "REB": 0.4, "AST": 0.0, "STL": 0.1, "BLK": 0.1, "TO": 0.0, "FG%": 16.7, "FT%": 80.0, "3P%": 0.0}}}]