[{"team": "Illinois Fighting Illini", "score": 98, "home": true, "stats": {"Terrence Shannon Jr.": {"GP": 27.0, "MIN": 34.0, "PTS": 22.6, "REB": 4.1, "AST": 2.1, "STL": 0.9, "BLK": 0.9, "TO": 1.9, "FG%": 46.8, "FT%": 80.3, "3P%": 35.7}, "Marcus Domask": {"GP": 33.0, "MIN": 34.4, "PTS": 15.7, "REB": 4.8, "AST": 3.6, "STL": 0.3, "BLK": 0.4, "TO": 2.2, "FG%": 44.9, "FT%": 87.7, "3P%": 28.2}, "Coleman Hawkins": {"GP": 30.0, "MIN": 31.4, "PTS": 12.6, "REB": 6.2, "AST": 2.7, "STL": 1.5, "BLK": 1.1, "TO": 1.7, "FG%": 45.7, "FT%": 80.4, "3P%": 37.6}, "Quincy Guerrier": {"GP": 33.0, "MIN": 25.0, "PTS": 10.2, "REB": 6.5, "AST": 0.3, "STL": 0.3, "BLK": 0.3, "TO": 1.0, "FG%": 48.9, "FT%": 57.1, "3P%": 38.2}, "Ty Rodgers": {"GP": 33.0, "MIN": 23.5, "PTS": 6.7, "REB": 5.5, "AST": 2.1, "STL": 0.5, "BLK": 0.4, "TO": 1.3, "FG%": 54.4, "FT%": 62.7, "3P%": 0.0}, "Justin Harmon": {"GP": 33.0, "MIN": 19.8, "PTS": 6.2, "REB": 2.9, "AST": 1.2, "STL": 0.4, "BLK": 0.2, "TO": 0.8, "FG%": 41.9, "FT%": 90.9, "3P%": 32.8}, "Luke Goode": {"GP": 33.0, "MIN": 20.2, "PTS": 6.0, "REB": 3.6, "AST": 0.6, "STL": 0.3, "BLK": 0.1, "TO": 0.5, "FG%": 40.4, "FT%": 61.9, "3P%": 39.6}, "Dain Dainja": {"GP": 33.0, "MIN": 9.9, "PTS": 5.7, "REB": 3.3, "AST": 0.2, "STL": 0.2, "BLK": 0.5, "TO": 0.7, "FG%": 64.8, "FT%": 49.1, "3P%": 0.0}, "Dra Gibbs-Lawhorn": {"GP": 23.0, "MIN": 6.9, "PTS": 2.4, "REB": 1.0, "AST": 0.4, "STL": 0.1, "BLK": 0.1, "TO": 0.4, "FG%": 34.3, "FT%": 57.1, "3P%": 20.0}, "Amani Hansberry": {"GP": 16.0, "MIN": 8.0, "PTS": 2.3, "REB": 2.3, "AST": 0.4, "STL": 0.3, "BLK": 0.1, "TO": 0.1, "FG%": 44.4, "FT%": 50.0, "3P%": 22.2}, "Niccolo Moretti": {"GP": 15.0, "MIN": 6.4, "PTS": 1.7, "REB": 0.9, "AST": 0.7, "STL": 0.1, "BLK": 0.0, "TO": 0.6, "FG%": 72.7, "FT%": 66.7, "3P%": 100.0}, "AJ Redd": {"GP": 8.0, "MIN": 2.0, "PTS": 0.4, "REB": 0.3, "AST": 0.0, "STL": 0.0, "BLK": 0.0, "TO": 0.3, "FG%": 50.0, "FT%": 25.0, "3P%": 0.0}, "Max Williams": {"GP": 8.0, "MIN": 1.5, "PTS": 0.3, "REB": 0.3, "AST": 0.0, "STL": 0.0, "BLK": 0.0, "TO": 0.3, "FG%": 0.0, "FT%": 100.0, "3P%": 0.0}}}, {"team": "Nebraska Cornhuskers", "score": 87, "home": false, "stats": {"Keisei Tominaga": {"GP": 31.0, "MIN": 25.9, "PTS": 14.9, "REB": 2.3, "AST": 1.4, "STL": 0.9, "BLK": 0.0, "TO": 1.2, "FG%": 46.8, "FT%": 87.2, "3P%": 37.2}, "Brice Williams": {"GP": 33.0, "MIN": 29.5, "PTS": 13.1, "REB": 5.5, "AST": 2.4, "STL": 1.1, "BLK": 0.6, "TO": 1.8, "FG%": 44.3, "FT%": 84.0, "3P%": 39.2}, "Rienk Mast": {"GP": 31.0, "MIN": 29.8, "PTS": 12.5, "REB": 7.6, "AST": 3.0, "STL": 0.4, "BLK": 0.5, "TO": 1.8, "FG%": 43.2, "FT%": 83.3, "3P%": 34.2}, "Juwan Gary": {"GP": 27.0, "MIN": 27.2, "PTS": 11.7, "REB": 6.2, "AST": 1.2, "STL": 1.0, "BLK": 0.8, "TO": 0.7, "FG%": 49.6, "FT%": 67.5, "3P%": 30.6}, "C.J. Wilcher": {"GP": 32.0, "MIN": 18.2, "PTS": 7.9, "REB": 1.5, "AST": 0.9, "STL": 0.5, "BLK": 0.2, "TO": 1.0, "FG%": 45.0, "FT%": 93.9, "3P%": 39.7}, "Josiah Allick": {"GP": 32.0, "MIN": 23.6, "PTS": 7.1, "REB": 5.3, "AST": 1.3, "STL": 0.6, "BLK": 0.4, "TO": 1.0, "FG%": 55.0, "FT%": 63.7, "3P%": 36.4}, "Jamarques Lawrence": {"GP": 33.0, "MIN": 23.6, "PTS": 6.9, "REB": 3.2, "AST": 2.5, "STL": 0.8, "BLK": 0.0, "TO": 2.0, "FG%": 42.1, "FT%": 75.0, "3P%": 36.4}, "Eli Rice": {"GP": 17.0, "MIN": 9.8, "PTS": 4.2, "REB": 1.6, "AST": 0.4, "STL": 0.2, "BLK": 0.2, "TO": 0.2, "FG%": 41.3, "FT%": 71.9, "3P%": 37.0}, "Sam Hoiberg": {"GP": 33.0, "MIN": 20.0, "PTS": 3.5, "REB": 3.0, "AST": 1.8, "STL": 0.9, "BLK": 0.1, "TO": 0.7, "FG%": 38.1, "FT%": 68.4, "3P%": 31.3}, "Jarron Coleman": {"GP": 12.0, "MIN": 12.0, "PTS": 2.4, "REB": 1.7, "AST": 2.3, "STL": 0.3, "BLK": 0.1, "TO": 1.4, "FG%": 25.0, "FT%": 63.6, "3P%": 18.2}, "Matar Diop": {"GP": 18.0, "MIN": 3.8, "PTS": 0.9, "REB": 0.9, "AST": 0.3, "STL": 0.2, "BLK": 0.2, "TO": 0.3, "FG%": 50.0, "FT%": 33.3, "3P%": 50.0}, "Cale Jacobsen": {"GP": 19.0, "MIN": 2.7, "PTS": 0.7, "REB": 0.2, "AST": 0.3, "STL": 0.1, "BLK": 0.0, "TO": 0.1, "FG%": 50.0, "FT%": 50.0, "3P%": 33.3}, "Jeffrey Grace III": {"GP": 15.0, "MIN": 1.3, "PTS": 0.4, "REB": 0.2, "AST": 0.1, "STL": 0.0, "BLK": 0.0, "TO": 0.1, "FG%": 66.7, "FT%": 40.0, "3P%": 0.0}, "Henry Burt": {"GP": 7.0, "MIN": 1.6, "PTS": 0.3, "REB": 0.4, "AST": 0.0, "STL": 0.0, "BLK": 0.0, "TO": 0.0, "FG%": 50.0, "FT%": 0.0, "3P%": 0.0}}}]