[{"team": "Illinois Fighting Illini", "score": 89, "home": true, "stats": {"Terrence Shannon Jr.": {"GP": 30.0, "MIN": 34.1, "PTS": 23.3, "REB": 4.0, "AST": 2.3, "STL": 1.0, "BLK": 0.9, "TO": 2.0, "FG%": 48.1, "FT%": 81.5, "3P%": 36.1}, "Marcus Domask": {"GP": 36.0, "MIN": 34.5, "PTS": 16.1, "REB": 5.0, "AST": 4.0, "STL": 0.3, "BLK": 0.4, "TO": 2.3, "FG%": 45.7, "FT%": 87.5, "3P%": 29.8}, "Coleman Hawkins": {"GP": 33.0, "MIN": 31.4, "PTS": 12.3, "REB": 6.1, "AST": 2.8, "STL": 1.5, "BLK": 1.1, "TO": 1.6, "FG%": 45.8, "FT%": 80.4, "3P%": 37.8}, "Quincy Guerrier": {"GP": 36.0, "MIN": 24.3, "PTS": 9.8, "REB": 6.2, "AST": 0.3, "STL": 0.3, "BLK": 0.3, "TO": 0.9, "FG%": 48.6, "FT%": 57.1, "3P%": 38.0}, "Ty Rodgers": {"GP": 36.0, "MIN": 23.1, "PTS": 6.4, "REB": 5.3, "AST": 2.1, "STL": 0.5, "BLK": 0.4, "TO": 1.3, "FG%": 53.6, "FT%": 62.3, "3P%": 0.0}, "Dain Dainja": {"GP": 36.0, "MIN": 10.7, "PTS": 6.3, "REB": 3.6, "AST": 0.2, "STL": 0.1, "BLK": 0.5, "TO": 0.6, "FG%": 69.0, "FT%": 49.2, "3P%": 0.0}, "Luke Goode": {"GP": 36.0, "MIN": 19.9, "PTS": 5.8, "REB": 3.5, "AST": 0.6, "STL": 0.3, "BLK": 0.1, "TO": 0.4, "FG%": 40.4, "FT%": 61.9, "3P%": 39.6}, "Justin Harmon": {"GP": 36.0, "MIN": 19.2, "PTS": 5.8, "REB": 2.8, "AST": 1.1, "STL": 0.4, "BLK": 0.2, "TO": 0.7, "FG%": 41.2, "FT%": 90.9, "3P%": 31.4}, "Dra Gibbs-Lawhorn": {"GP": 26.0, "MIN": 7.0, "PTS": 2.5, "REB": 0.9, "AST": 0.4, "STL": 0.1, "BLK": 0.1, "TO": 0.4, "FG%": 36.1, "FT%": 57.1, "3P%": 23.5}, "Amani Hansberry": {"GP": 18.0, "MIN": 7.4, "PTS": 2.1, "REB": 2.2, "AST": 0.3, "STL": 0.2, "BLK": 0.2, "TO": 0.1, "FG%": 44.7, "FT%": 50.0, "3P%": 20.0}, "Niccolo Moretti": {"GP": 17.0, "MIN": 6.0, "PTS": 1.6, "REB": 0.8, "AST": 0.6, "STL": 0.1, "BLK": 0.0, "TO": 0.5, "FG%": 66.7, "FT%": 64.3, "3P%": 66.7}, "Max Williams": {"GP": 10.0, "MIN": 1.5, "PTS": 0.3, "REB": 0.3, "AST": 0.0, "STL": 0.0, "BLK": 0.0, "TO": 0.2, "FG%": 0.0, "FT%": 75.0, "3P%": 0.0}, "AJ Redd": {"GP": 10.0, "MIN": 1.9, "PTS": 0.3, "REB": 0.2, "AST": 0.0, "STL": 0.0, "BLK": 0.0, "TO": 0.2, "FG%": 50.0, "FT%": 25.0, "3P%": 0.0}}}, {"team": "Duquesne Dukes", "score": 63, "home": false, "stats": {"Dae Dae Grant": {"GP": 34.0, "MIN": 32.8, "PTS": 16.4, "REB": 3.4, "AST": 2.4, "STL": 1.0, "BLK": 0.1, "TO": 1.3, "FG%": 38.6, "FT%": 94.2, "3P%": 33.5}, "Jimmy Clark III": {"GP": 37.0, "MIN": 31.0, "PTS": 15.0, "REB": 3.3, "AST": 3.8, "STL": 2.4, "BLK": 0.3, "TO": 2.8, "FG%": 41.5, "FT%": 71.3, "3P%": 33.2}, "David Dixon": {"GP": 37.0, "MIN": 19.8, "PTS": 7.2, "REB": 4.8, "AST": 0.7, "STL": 0.9, "BLK": 1.6, "TO": 1.6, "FG%": 54.3, "FT%": 67.8, "3P%": 18.2}, "Fousseyni Drame": {"GP": 37.0, "MIN": 21.4, "PTS": 6.9, "REB": 5.7, "AST": 1.1, "STL": 0.7, "BLK": 0.4, "TO": 1.1, "FG%": 48.3, "FT%": 65.5, "3P%": 45.6}, "Jake DiMichele": {"GP": 30.0, "MIN": 22.8, "PTS": 6.4, "REB": 2.5, "AST": 1.0, "STL": 0.6, "BLK": 0.3, "TO": 0.9, "FG%": 46.0, "FT%": 62.1, "3P%": 30.8}, "Andrei Savrasov": {"GP": 20.0, "MIN": 16.4, "PTS": 5.9, "REB": 3.5, "AST": 1.1, "STL": 0.9, "BLK": 0.4, "TO": 0.7, "FG%": 48.4, "FT%": 52.9, "3P%": 33.3}, "Kareem Rozier": {"GP": 37.0, "MIN": 24.5, "PTS": 5.2, "REB": 1.8, "AST": 2.4, "STL": 0.8, "BLK": 0.1, "TO": 1.0, "FG%": 38.9, "FT%": 80.8, "3P%": 38.1}, "Dusan Mahorcic": {"GP": 26.0, "MIN": 10.5, "PTS": 4.5, "REB": 2.0, "AST": 0.5, "STL": 0.2, "BLK": 0.2, "TO": 0.7, "FG%": 52.8, "FT%": 63.2, "3P%": 0.0}, "Tre Williams": {"GP": 26.0, "MIN": 14.4, "PTS": 3.6, "REB": 2.8, "AST": 0.6, "STL": 0.3, "BLK": 0.5, "TO": 0.8, "FG%": 44.3, "FT%": 43.8, "3P%": 20.0}, "Hassan Drame": {"GP": 13.0, "MIN": 11.8, "PTS": 3.4, "REB": 3.2, "AST": 0.5, "STL": 0.4, "BLK": 0.1, "TO": 0.6, "FG%": 40.9, "FT%": 40.0, "3P%": 31.6}, "Jakub Necas": {"GP": 34.0, "MIN": 11.0, "PTS": 2.6, "REB": 1.9, "AST": 0.4, "STL": 0.2, "BLK": 0.4, "TO": 0.4, "FG%": 39.4, "FT%": 72.0, "3P%": 34.9}, "Matus Hronsky": {"GP": 24.0, "MIN": 7.0, "PTS": 2.0, "REB": 1.1, "AST": 0.3, "STL": 0.1, "BLK": 0.1, "TO": 0.5, "FG%": 39.2, "FT%": 100.0, "3P%": 25.0}, "Halil Barre": {"GP": 32.0, "MIN": 8.3, "PTS": 2.0, "REB": 2.0, "AST": 0.1, "STL": 0.1, "BLK": 0.5, "TO": 0.5, "FG%": 50.9, "FT%": 47.1, "3P%": 0.0}, "Andy Barba": {"GP": 5.0, "MIN": 3.6, "PTS": 1.2, "REB": 0.6, "AST": 0.0, "STL": 0.2, "BLK": 0.0, "TO": 0.0, "FG%": 22.2, "FT%": 0.0, "3P%": 40.0}, "Kailon Nicholls": {"GP": 9.0, "MIN": 6.4, "PTS": 1.0, "REB": 0.6, "AST": 0.9, "STL": 0.2, "BLK": 0.0, "TO": 0.7, "FG%": 50.0, "FT%": 0.0, "3P%": 100.0}, "Ethan Anish": {"GP": 1.0, "MIN": 3.0, "PTS": 0.0, "REB": 1.0, "AST": 0.0, "STL": 0.0, "BLK": 0.0, "TO": 0.0, "FG%": 0.0, "FT%": 0.0, "3P%": 0.0}, "Lucas Perusek": {"GP": 2.0, "MIN": 2.0, "PTS": 0.0, "REB": 0.5, "AST": 0.5, "STL": 0.0, "BLK": 0.0, "TO": 0.0, "FG%": 0.0, "FT%": 0.0, "3P%": 0.0}, "Seamus McDermott": {"GP": 2.0, "MIN": 2.0, "PTS": 0.0, "REB": 1.0, "AST": 0.0, "STL": 0.0, "BLK": 0.0, "TO": 0.0, "FG%": 0.0, "FT%": 0.0, "3P%": 0.0}}}]