[{"team": "Illinois Fighting Illini", "score": 93, "home": true, "stats": {"Terrence Shannon Jr.": {"GP": 28.0, "MIN": 34.1, "PTS": 23.0, "REB": 4.1, "AST": 2.1, "STL": 0.9, "BLK": 0.9, "TO": 2.0, "FG%": 47.0, "FT%": 80.9, "3P%": 36.2}, "Marcus Domask": {"GP": 34.0, "MIN": 34.5, "PTS": 16.0, "REB": 4.9, "AST": 3.7, "STL": 0.3, "BLK": 0.4, "TO": 2.3, "FG%": 45.6, "FT%": 87.9, "3P%": 28.8}, "Coleman Hawkins": {"GP": 31.0, "MIN": 31.6, "PTS": 12.4, "REB": 6.2, "AST": 2.7, "STL": 1.5, "BLK": 1.1, "TO": 1.7, "FG%": 45.5, "FT%": 80.4, "3P%": 37.0}, "Quincy Guerrier": {"GP": 34.0, "MIN": 24.7, "PTS": 10.0, "REB": 6.3, "AST": 0.3, "STL": 0.3, "BLK": 0.3, "TO": 1.0, "FG%": 48.4, "FT%": 57.1, "3P%": 38.7}, "Ty Rodgers": {"GP": 34.0, "MIN": 23.3, "PTS": 6.7, "REB": 5.5, "AST": 2.1, "STL": 0.5, "BLK": 0.4, "TO": 1.3, "FG%": 54.3, "FT%": 62.3, "3P%": 0.0}, "Justin Harmon": {"GP": 34.0, "MIN": 19.5, "PTS": 6.1, "REB": 2.9, "AST": 1.1, "STL": 0.4, "BLK": 0.1, "TO": 0.7, "FG%": 42.0, "FT%": 90.9, "3P%": 32.4}, "Luke Goode": {"GP": 34.0, "MIN": 20.0, "PTS": 5.8, "REB": 3.6, "AST": 0.6, "STL": 0.3, "BLK": 0.1, "TO": 0.4, "FG%": 39.9, "FT%": 61.9, "3P%": 39.0}, "Dain Dainja": {"GP": 34.0, "MIN": 10.3, "PTS": 5.8, "REB": 3.4, "AST": 0.2, "STL": 0.1, "BLK": 0.5, "TO": 0.6, "FG%": 65.9, "FT%": 50.0, "3P%": 0.0}, "Dra Gibbs-Lawhorn": {"GP": 24.0, "MIN": 6.9, "PTS": 2.4, "REB": 1.0, "AST": 0.4, "STL": 0.1, "BLK": 0.1, "TO": 0.4, "FG%": 34.8, "FT%": 57.1, "3P%": 19.4}, "Amani Hansberry": {"GP": 16.0, "MIN": 8.0, "PTS": 2.3, "REB": 2.3, "AST": 0.4, "STL": 0.3, "BLK": 0.1, "TO": 0.1, "FG%": 44.4, "FT%": 50.0, "3P%": 22.2}, "Niccolo Moretti": {"GP": 15.0, "MIN": 6.4, "PTS": 1.7, "REB": 0.9, "AST": 0.7, "STL": 0.1, "BLK": 0.0, "TO": 0.6, "FG%": 72.7, "FT%": 66.7, "3P%": 100.0}, "AJ Redd": {"GP": 8.0, "MIN": 2.0, "PTS": 0.4, "REB": 0.3, "AST": 0.0, "STL": 0.0, "BLK": 0.0, "TO": 0.3, "FG%": 50.0, "FT%": 25.0, "3P%": 0.0}, "Max Williams": {"GP": 8.0, "MIN": 1.5, "PTS": 0.3, "REB": 0.3, "AST": 0.0, "STL": 0.0, "BLK": 0.0, "TO": 0.3, "FG%": 0.0, "FT%": 100.0, "3P%": 0.0}}}, {"team": "Wisconsin Badgers", "score": 87, "home": false, "stats": {"AJ Storr": {"GP": 35.0, "MIN": 28.8, "PTS": 16.9, "REB": 3.9, "AST": 0.9, "STL": 0.6, "BLK": 0.1, "TO": 1.5, "FG%": 43.6, "FT%": 81.3, "3P%": 32.7}, "Steven Crowl": {"GP": 35.0, "MIN": 28.9, "PTS": 11.2, "REB": 7.1, "AST": 2.1, "STL": 0.3, "BLK": 0.4, "TO": 1.6, "FG%": 55.3, "FT%": 74.7, "3P%": 45.5}, "Tyler Wahl": {"GP": 35.0, "MIN": 28.2, "PTS": 10.8, "REB": 5.4, "AST": 1.8, "STL": 1.1, "BLK": 0.5, "TO": 1.7, "FG%": 54.1, "FT%": 66.7, "3P%": 18.8}, "Max Klesmit": {"GP": 35.0, "MIN": 28.6, "PTS": 9.7, "REB": 2.1, "AST": 1.9, "STL": 0.8, "BLK": 0.1, "TO": 1.1, "FG%": 43.8, "FT%": 82.8, "3P%": 38.9}, "Chucky Hepburn": {"GP": 34.0, "MIN": 33.2, "PTS": 9.3, "REB": 3.4, "AST": 3.9, "STL": 2.1, "BLK": 0.1, "TO": 1.2, "FG%": 43.1, "FT%": 73.7, "3P%": 31.3}, "John Blackwell": {"GP": 33.0, "MIN": 18.4, "PTS": 8.1, "REB": 3.2, "AST": 0.6, "STL": 0.5, "BLK": 0.1, "TO": 0.8, "FG%": 45.6, "FT%": 82.2, "3P%": 46.9}, "Connor Essegian": {"GP": 33.0, "MIN": 7.3, "PTS": 3.2, "REB": 0.8, "AST": 0.2, "STL": 0.1, "BLK": 0.0, "TO": 0.4, "FG%": 38.5, "FT%": 90.9, "3P%": 30.3}, "Nolan Winter": {"GP": 35.0, "MIN": 9.6, "PTS": 2.5, "REB": 1.8, "AST": 0.3, "STL": 0.2, "BLK": 0.0, "TO": 0.3, "FG%": 42.3, "FT%": 69.6, "3P%": 30.8}, "Kamari McGee": {"GP": 24.0, "MIN": 8.3, "PTS": 2.0, "REB": 0.8, "AST": 0.5, "STL": 0.5, "BLK": 0.0, "TO": 0.3, "FG%": 54.5, "FT%": 62.5, "3P%": 30.0}, "Carter Gilmore": {"GP": 32.0, "MIN": 9.3, "PTS": 1.9, "REB": 1.4, "AST": 0.5, "STL": 0.1, "BLK": 0.0, "TO": 0.5, "FG%": 48.7, "FT%": 79.2, "3P%": 25.0}, "Markus Ilver": {"GP": 26.0, "MIN": 6.1, "PTS": 1.2, "REB": 1.3, "AST": 0.2, "STL": 0.2, "BLK": 0.1, "TO": 0.2, "FG%": 31.4, "FT%": 66.7, "3P%": 25.0}, "Isaac Lindsey": {"GP": 16.0, "MIN": 3.8, "PTS": 0.6, "REB": 0.4, "AST": 0.2, "STL": 0.1, "BLK": 0.1, "TO": 0.2, "FG%": 30.8, "FT%": 50.0, "3P%": 14.3}, "Chris Hodges": {"GP": 11.0, "MIN": 2.0, "PTS": 0.1, "REB": 0.5, "AST": 0.2, "STL": 0.0, "BLK": 0.3, "TO": 0.0, "FG%": 0.0, "FT%": 25.0, "3P%": 0.0}, "Luke Haertle": {"GP": 11.0, "MIN": 1.0, "PTS": 0.0, "REB": 0.2, "AST": 0.0, "STL": 0.0, "BLK": 0.0, "TO": 0.1, "FG%": 0.0, "FT%": 0.0, "3P%": 0.0}, "Isaac Gard": {"GP": 6.0, "MIN": 0.8, "PTS": 0.0, "REB": 0.0, "AST": 0.0, "STL": 0.0, "BLK": 0.0, "TO": 0.0, "FG%": 0.0, "FT%": 0.0, "3P%": 0.0}}}]