[{"team": "Illinois Fighting Illini", "score": 85, "home": true, "stats": {"Terrence Shannon Jr.": {"GP": 29.0, "MIN": 34.1, "PTS": 23.1, "REB": 4.0, "AST": 2.2, "STL": 1.0, "BLK": 0.9, "TO": 1.9, "FG%": 47.4, "FT%": 81.0, "3P%": 36.0}, "Marcus Domask": {"GP": 35.0, "MIN": 34.5, "PTS": 15.9, "REB": 5.1, "AST": 3.9, "STL": 0.3, "BLK": 0.4, "TO": 2.3, "FG%": 45.3, "FT%": 87.9, "3P%": 29.5}, "Coleman Hawkins": {"GP": 32.0, "MIN": 31.6, "PTS": 12.3, "REB": 6.1, "AST": 2.8, "STL": 1.5, "BLK": 1.1, "TO": 1.7, "FG%": 45.7, "FT%": 80.4, "3P%": 37.6}, "Quincy Guerrier": {"GP": 35.0, "MIN": 24.4, "PTS": 9.7, "REB": 6.2, "AST": 0.3, "STL": 0.3, "BLK": 0.3, "TO": 1.0, "FG%": 48.0, "FT%": 57.1, "3P%": 38.3}, "Ty Rodgers": {"GP": 35.0, "MIN": 23.0, "PTS": 6.5, "REB": 5.5, "AST": 2.1, "STL": 0.5, "BLK": 0.4, "TO": 1.3, "FG%": 53.7, "FT%": 62.3, "3P%": 0.0}, "Dain Dainja": {"GP": 35.0, "MIN": 10.6, "PTS": 6.2, "REB": 3.6, "AST": 0.2, "STL": 0.1, "BLK": 0.5, "TO": 0.6, "FG%": 68.1, "FT%": 51.7, "3P%": 0.0}, "Justin Harmon": {"GP": 35.0, "MIN": 19.3, "PTS": 5.9, "REB": 2.9, "AST": 1.1, "STL": 0.4, "BLK": 0.1, "TO": 0.7, "FG%": 41.5, "FT%": 90.9, "3P%": 31.4}, "Luke Goode": {"GP": 35.0, "MIN": 20.0, "PTS": 5.9, "REB": 3.6, "AST": 0.6, "STL": 0.3, "BLK": 0.1, "TO": 0.5, "FG%": 40.7, "FT%": 61.9, "3P%": 40.0}, "Dra Gibbs-Lawhorn": {"GP": 25.0, "MIN": 7.0, "PTS": 2.6, "REB": 1.0, "AST": 0.4, "STL": 0.1, "BLK": 0.1, "TO": 0.4, "FG%": 36.6, "FT%": 57.1, "3P%": 24.2}, "Amani Hansberry": {"GP": 17.0, "MIN": 7.7, "PTS": 2.1, "REB": 2.2, "AST": 0.4, "STL": 0.2, "BLK": 0.2, "TO": 0.1, "FG%": 43.2, "FT%": 50.0, "3P%": 20.0}, "Niccolo Moretti": {"GP": 16.0, "MIN": 6.2, "PTS": 1.7, "REB": 0.9, "AST": 0.7, "STL": 0.1, "BLK": 0.0, "TO": 0.6, "FG%": 72.7, "FT%": 64.3, "3P%": 100.0}, "AJ Redd": {"GP": 9.0, "MIN": 1.9, "PTS": 0.3, "REB": 0.2, "AST": 0.0, "STL": 0.0, "BLK": 0.0, "TO": 0.2, "FG%": 50.0, "FT%": 25.0, "3P%": 0.0}, "Max Williams": {"GP": 9.0, "MIN": 1.4, "PTS": 0.2, "REB": 0.2, "AST": 0.0, "STL": 0.0, "BLK": 0.0, "TO": 0.2, "FG%": 0.0, "FT%": 100.0, "3P%": 0.0}}}, {"team": "Morehead State Eagles", "score": 69, "home": false, "stats": {"Riley Minix": {"GP": 35.0, "MIN": 33.8, "PTS": 20.9, "REB": 9.7, "AST": 2.2, "STL": 1.3, "BLK": 1.0, "TO": 2.3, "FG%": 54.1, "FT%": 83.9, "3P%": 34.9}, "Jordan Lathon": {"GP": 31.0, "MIN": 30.8, "PTS": 15.6, "REB": 6.0, "AST": 2.4, "STL": 1.0, "BLK": 0.3, "TO": 1.9, "FG%": 43.7, "FT%": 75.6, "3P%": 38.4}, "Kalil Thomas": {"GP": 34.0, "MIN": 31.9, "PTS": 12.3, "REB": 4.3, "AST": 1.4, "STL": 0.7, "BLK": 0.1, "TO": 1.0, "FG%": 44.4, "FT%": 85.7, "3P%": 42.9}, "Drew Thelwell": {"GP": 34.0, "MIN": 34.4, "PTS": 10.0, "REB": 3.0, "AST": 6.2, "STL": 1.3, "BLK": 0.2, "TO": 2.3, "FG%": 43.5, "FT%": 64.5, "3P%": 33.8}, "Eddie Ricks III": {"GP": 35.0, "MIN": 25.3, "PTS": 7.5, "REB": 5.3, "AST": 1.4, "STL": 0.7, "BLK": 1.1, "TO": 1.3, "FG%": 43.1, "FT%": 64.1, "3P%": 31.1}, "Dieonte Miles": {"GP": 32.0, "MIN": 20.8, "PTS": 5.0, "REB": 5.0, "AST": 0.7, "STL": 0.3, "BLK": 1.1, "TO": 0.8, "FG%": 60.6, "FT%": 55.9, "3P%": 0.0}, "Trent Scott": {"GP": 7.0, "MIN": 14.3, "PTS": 4.6, "REB": 0.9, "AST": 1.7, "STL": 0.7, "BLK": 0.3, "TO": 1.3, "FG%": 42.9, "FT%": 50.0, "3P%": 22.2}, "Zach Iyeyemi": {"GP": 35.0, "MIN": 10.2, "PTS": 2.4, "REB": 2.1, "AST": 0.2, "STL": 0.2, "BLK": 0.5, "TO": 0.6, "FG%": 52.8, "FT%": 52.7, "3P%": 0.0}, "Jerone Morton": {"GP": 34.0, "MIN": 12.9, "PTS": 2.2, "REB": 1.3, "AST": 0.6, "STL": 0.3, "BLK": 0.2, "TO": 0.9, "FG%": 31.1, "FT%": 67.6, "3P%": 16.7}, "George Marshall": {"GP": 20.0, "MIN": 7.0, "PTS": 2.2, "REB": 1.2, "AST": 0.2, "STL": 0.1, "BLK": 0.2, "TO": 0.3, "FG%": 31.7, "FT%": 81.8, "3P%": 27.6}, "Brady Dingess": {"GP": 13.0, "MIN": 1.5, "PTS": 0.5, "REB": 0.1, "AST": 0.0, "STL": 0.0, "BLK": 0.0, "TO": 0.2, "FG%": 50.0, "FT%": 0.0, "3P%": 50.0}}}]