[{"team": "Iowa State Cyclones", "score": 82, "home": true, "stats": {"Keshon Gilbert": {"GP": 35.0, "MIN": 30.7, "PTS": 13.8, "REB": 4.4, "AST": 4.3, "STL": 2.0, "BLK": 0.1, "TO": 2.8, "FG%": 44.9, "FT%": 72.5, "3P%": 34.7}, "Tamin Lipsey": {"GP": 34.0, "MIN": 31.1, "PTS": 12.4, "REB": 4.6, "AST": 4.9, "STL": 2.7, "BLK": 0.1, "TO": 2.1, "FG%": 42.9, "FT%": 70.1, "3P%": 38.9}, "Milan Momcilovic": {"GP": 35.0, "MIN": 30.5, "PTS": 11.2, "REB": 3.2, "AST": 1.3, "STL": 0.5, "BLK": 0.4, "TO": 0.8, "FG%": 42.8, "FT%": 81.8, "3P%": 35.8}, "Curtis Jones": {"GP": 35.0, "MIN": 26.9, "PTS": 10.5, "REB": 2.9, "AST": 1.9, "STL": 1.5, "BLK": 0.1, "TO": 0.9, "FG%": 39.1, "FT%": 78.6, "3P%": 33.7}, "Tre King": {"GP": 35.0, "MIN": 23.3, "PTS": 9.0, "REB": 5.3, "AST": 0.8, "STL": 1.1, "BLK": 0.2, "TO": 1.3, "FG%": 50.4, "FT%": 80.6, "3P%": 27.7}, "Robert Jones": {"GP": 35.0, "MIN": 22.6, "PTS": 7.8, "REB": 4.1, "AST": 1.0, "STL": 1.1, "BLK": 1.0, "TO": 1.0, "FG%": 60.4, "FT%": 50.0, "3P%": 0.0}, "Hason Ward": {"GP": 26.0, "MIN": 16.0, "PTS": 6.2, "REB": 3.7, "AST": 0.8, "STL": 1.2, "BLK": 1.2, "TO": 0.5, "FG%": 62.7, "FT%": 56.1, "3P%": 0.0}, "Jackson Paveletzke": {"GP": 33.0, "MIN": 10.5, "PTS": 3.4, "REB": 1.0, "AST": 1.0, "STL": 0.2, "BLK": 0.0, "TO": 0.5, "FG%": 41.3, "FT%": 75.0, "3P%": 40.0}, "Omaha Biliew": {"GP": 20.0, "MIN": 7.4, "PTS": 2.4, "REB": 1.3, "AST": 0.3, "STL": 0.3, "BLK": 0.1, "TO": 0.3, "FG%": 51.7, "FT%": 60.7, "3P%": 0.0}, "Demarion Watson": {"GP": 32.0, "MIN": 9.2, "PTS": 1.9, "REB": 1.9, "AST": 0.2, "STL": 0.3, "BLK": 0.4, "TO": 0.2, "FG%": 68.4, "FT%": 57.1, "3P%": 100.0}, "Kayden Fish": {"GP": 4.0, "MIN": 4.5, "PTS": 1.5, "REB": 1.5, "AST": 0.3, "STL": 0.0, "BLK": 0.3, "TO": 0.3, "FG%": 40.0, "FT%": 100.0, "3P%": 0.0}, "Cade Kelderman": {"GP": 12.0, "MIN": 2.0, "PTS": 0.7, "REB": 0.1, "AST": 0.0, "STL": 0.3, "BLK": 0.0, "TO": 0.0, "FG%": 50.0, "FT%": 100.0, "3P%": 66.7}, "Conrad Hawley": {"GP": 9.0, "MIN": 1.4, "PTS": 0.0, "REB": 0.2, "AST": 0.1, "STL": 0.1, "BLK": 0.0, "TO": 0.0, "FG%": 0.0, "FT%": 0.0, "3P%": 0.0}}}, {"team": "South Dakota State Jackrabbits", "score": 65, "home": false, "stats": {"Zeke Mayo": {"GP": 35.0, "MIN": 35.9, "PTS": 18.8, "REB": 5.7, "AST": 3.5, "STL": 1.1, "BLK": 0.2, "TO": 3.1, "FG%": 46.6, "FT%": 82.8, "3P%": 39.1}, "William Kyle III": {"GP": 35.0, "MIN": 27.7, "PTS": 13.1, "REB": 6.6, "AST": 1.7, "STL": 0.3, "BLK": 1.6, "TO": 1.4, "FG%": 62.3, "FT%": 58.0, "3P%": 0.0}, "Charlie Easley": {"GP": 34.0, "MIN": 33.2, "PTS": 12.0, "REB": 5.4, "AST": 2.3, "STL": 2.1, "BLK": 0.1, "TO": 1.2, "FG%": 45.6, "FT%": 89.2, "3P%": 39.4}, "Luke Appel": {"GP": 35.0, "MIN": 26.2, "PTS": 11.7, "REB": 4.5, "AST": 1.6, "STL": 0.3, "BLK": 0.1, "TO": 2.0, "FG%": 52.1, "FT%": 62.4, "3P%": 41.9}, "Kalen Garry": {"GP": 35.0, "MIN": 26.0, "PTS": 7.3, "REB": 3.6, "AST": 1.1, "STL": 0.8, "BLK": 0.1, "TO": 1.0, "FG%": 40.4, "FT%": 77.1, "3P%": 34.3}, "Matt Mims": {"GP": 22.0, "MIN": 29.8, "PTS": 7.1, "REB": 2.7, "AST": 1.1, "STL": 0.7, "BLK": 0.0, "TO": 0.9, "FG%": 36.9, "FT%": 82.8, "3P%": 36.7}, "Nate Barnhart": {"GP": 33.0, "MIN": 14.7, "PTS": 3.7, "REB": 2.3, "AST": 0.9, "STL": 0.4, "BLK": 0.9, "TO": 0.5, "FG%": 47.1, "FT%": 50.0, "3P%": 32.7}, "Matthew Mors": {"GP": 35.0, "MIN": 10.5, "PTS": 3.5, "REB": 1.5, "AST": 0.3, "STL": 0.2, "BLK": 0.1, "TO": 0.6, "FG%": 45.1, "FT%": 64.5, "3P%": 26.2}, "Bubz Alvarez": {"GP": 28.0, "MIN": 8.0, "PTS": 1.9, "REB": 0.8, "AST": 0.8, "STL": 0.3, "BLK": 0.1, "TO": 0.6, "FG%": 37.5, "FT%": 54.5, "3P%": 14.3}, "Tanner Te Slaa": {"GP": 16.0, "MIN": 6.4, "PTS": 1.6, "REB": 1.1, "AST": 0.3, "STL": 0.1, "BLK": 0.1, "TO": 0.4, "FG%": 47.4, "FT%": 0.0, "3P%": 46.7}, "Jack Hastreiter": {"GP": 10.0, "MIN": 3.6, "PTS": 1.0, "REB": 0.8, "AST": 0.2, "STL": 0.2, "BLK": 0.0, "TO": 0.1, "FG%": 50.0, "FT%": 0.0, "3P%": 40.0}}}]