[{"team": "Iowa State Cyclones", "score": 67, "home": true, "stats": {"Keshon Gilbert": {"GP": 36.0, "MIN": 30.8, "PTS": 13.7, "REB": 4.4, "AST": 4.3, "STL": 1.9, "BLK": 0.1, "TO": 2.8, "FG%": 44.0, "FT%": 73.1, "3P%": 34.3}, "Tamin Lipsey": {"GP": 35.0, "MIN": 31.2, "PTS": 12.5, "REB": 4.6, "AST": 4.9, "STL": 2.7, "BLK": 0.1, "TO": 2.1, "FG%": 43.0, "FT%": 70.8, "3P%": 39.3}, "Milan Momcilovic": {"GP": 36.0, "MIN": 30.4, "PTS": 11.2, "REB": 3.2, "AST": 1.2, "STL": 0.5, "BLK": 0.4, "TO": 0.8, "FG%": 42.9, "FT%": 81.8, "3P%": 36.1}, "Curtis Jones": {"GP": 36.0, "MIN": 26.9, "PTS": 10.6, "REB": 2.9, "AST": 2.0, "STL": 1.4, "BLK": 0.1, "TO": 0.8, "FG%": 39.0, "FT%": 78.3, "3P%": 34.3}, "Tre King": {"GP": 36.0, "MIN": 23.2, "PTS": 8.9, "REB": 5.3, "AST": 0.8, "STL": 1.1, "BLK": 0.2, "TO": 1.3, "FG%": 50.8, "FT%": 80.6, "3P%": 27.7}, "Robert Jones": {"GP": 36.0, "MIN": 22.5, "PTS": 7.8, "REB": 4.2, "AST": 1.0, "STL": 1.1, "BLK": 0.9, "TO": 1.0, "FG%": 59.9, "FT%": 50.0, "3P%": 0.0}, "Hason Ward": {"GP": 27.0, "MIN": 16.0, "PTS": 6.2, "REB": 3.8, "AST": 0.8, "STL": 1.1, "BLK": 1.1, "TO": 0.5, "FG%": 62.8, "FT%": 57.8, "3P%": 0.0}, "Jackson Paveletzke": {"GP": 33.0, "MIN": 10.5, "PTS": 3.4, "REB": 1.0, "AST": 1.0, "STL": 0.2, "BLK": 0.0, "TO": 0.5, "FG%": 41.3, "FT%": 75.0, "3P%": 40.0}, "Omaha Biliew": {"GP": 20.0, "MIN": 7.4, "PTS": 2.4, "REB": 1.3, "AST": 0.3, "STL": 0.3, "BLK": 0.1, "TO": 0.3, "FG%": 51.7, "FT%": 60.7, "3P%": 0.0}, "Demarion Watson": {"GP": 33.0, "MIN": 9.3, "PTS": 1.9, "REB": 1.9, "AST": 0.2, "STL": 0.3, "BLK": 0.4, "TO": 0.2, "FG%": 68.4, "FT%": 57.1, "3P%": 100.0}, "Kayden Fish": {"GP": 4.0, "MIN": 4.5, "PTS": 1.5, "REB": 1.5, "AST": 0.3, "STL": 0.0, "BLK": 0.3, "TO": 0.3, "FG%": 40.0, "FT%": 100.0, "3P%": 0.0}, "Cade Kelderman": {"GP": 12.0, "MIN": 2.0, "PTS": 0.7, "REB": 0.1, "AST": 0.0, "STL": 0.3, "BLK": 0.0, "TO": 0.0, "FG%": 50.0, "FT%": 100.0, "3P%": 66.7}, "Conrad Hawley": {"GP": 9.0, "MIN": 1.4, "PTS": 0.0, "REB": 0.2, "AST": 0.1, "STL": 0.1, "BLK": 0.0, "TO": 0.0, "FG%": 0.0, "FT%": 0.0, "3P%": 0.0}}}, {"team": "Washington State Cougars", "score": 56, "home": false, "stats": {"Isaac Jones": {"GP": 35.0, "MIN": 31.8, "PTS": 15.3, "REB": 7.6, "AST": 1.5, "STL": 0.5, "BLK": 1.1, "TO": 1.9, "FG%": 57.5, "FT%": 71.2, "3P%": 7.1}, "Myles Rice": {"GP": 35.0, "MIN": 33.2, "PTS": 14.8, "REB": 3.1, "AST": 3.8, "STL": 1.6, "BLK": 0.2, "TO": 2.6, "FG%": 43.9, "FT%": 81.1, "3P%": 27.5}, "Jaylen Wells": {"GP": 34.0, "MIN": 29.2, "PTS": 12.6, "REB": 4.6, "AST": 1.2, "STL": 0.5, "BLK": 0.2, "TO": 0.7, "FG%": 43.6, "FT%": 81.4, "3P%": 41.7}, "Andrej Jakimovski": {"GP": 35.0, "MIN": 33.7, "PTS": 9.7, "REB": 5.6, "AST": 1.3, "STL": 0.6, "BLK": 0.4, "TO": 1.0, "FG%": 36.1, "FT%": 60.0, "3P%": 33.2}, "Oscar Cluff": {"GP": 35.0, "MIN": 20.3, "PTS": 7.0, "REB": 4.4, "AST": 1.2, "STL": 0.5, "BLK": 0.9, "TO": 1.3, "FG%": 53.8, "FT%": 66.0, "3P%": 100.0}, "Joseph Yesufu": {"GP": 6.0, "MIN": 25.2, "PTS": 6.2, "REB": 2.0, "AST": 1.8, "STL": 1.0, "BLK": 0.0, "TO": 1.0, "FG%": 36.8, "FT%": 50.0, "3P%": 34.8}, "Rueben Chinyelu": {"GP": 35.0, "MIN": 13.9, "PTS": 4.7, "REB": 5.0, "AST": 0.1, "STL": 0.2, "BLK": 1.3, "TO": 1.1, "FG%": 61.7, "FT%": 48.9, "3P%": 0.0}, "Kymany Houinsou": {"GP": 35.0, "MIN": 20.1, "PTS": 4.3, "REB": 3.4, "AST": 2.1, "STL": 0.4, "BLK": 0.7, "TO": 1.2, "FG%": 43.5, "FT%": 60.0, "3P%": 31.3}, "Isaiah Watts": {"GP": 31.0, "MIN": 10.1, "PTS": 3.7, "REB": 0.9, "AST": 0.5, "STL": 0.5, "BLK": 0.2, "TO": 0.3, "FG%": 43.5, "FT%": 61.5, "3P%": 37.7}, "Jabe Mullins": {"GP": 24.0, "MIN": 9.1, "PTS": 1.6, "REB": 0.8, "AST": 0.5, "STL": 0.5, "BLK": 0.1, "TO": 0.1, "FG%": 27.5, "FT%": 100.0, "3P%": 26.5}, "AJ Rohosy": {"GP": 10.0, "MIN": 1.1, "PTS": 0.4, "REB": 0.4, "AST": 0.3, "STL": 0.0, "BLK": 0.0, "TO": 0.0, "FG%": 66.7, "FT%": 0.0, "3P%": 0.0}, "Ben Olesen": {"GP": 1.0, "MIN": 1.0, "PTS": 0.0, "REB": 0.0, "AST": 0.0, "STL": 0.0, "BLK": 0.0, "TO": 0.0, "FG%": 0.0, "FT%": 0.0, "3P%": 0.0}, "Dylan Darling": {"GP": 3.0, "MIN": 3.0, "PTS": 0.0, "REB": 0.3, "AST": 0.0, "STL": 0.0, "BLK": 0.0, "TO": 0.3, "FG%": 0.0, "FT%": 0.0, "3P%": 0.0}}}]