[{"team": "Iowa State Cyclones", "score": 69, "home": false, "stats": {"Keshon Gilbert": {"GP": 34.0, "MIN": 30.8, "PTS": 13.8, "REB": 4.5, "AST": 4.3, "STL": 1.9, "BLK": 0.1, "TO": 2.8, "FG%": 44.3, "FT%": 73.0, "3P%": 34.0}, "Tamin Lipsey": {"GP": 33.0, "MIN": 31.1, "PTS": 12.3, "REB": 4.7, "AST": 4.9, "STL": 2.8, "BLK": 0.1, "TO": 2.2, "FG%": 42.3, "FT%": 69.6, "3P%": 37.9}, "Milan Momcilovic": {"GP": 34.0, "MIN": 30.3, "PTS": 11.0, "REB": 3.2, "AST": 1.2, "STL": 0.5, "BLK": 0.4, "TO": 0.9, "FG%": 42.3, "FT%": 81.8, "3P%": 35.9}, "Curtis Jones": {"GP": 34.0, "MIN": 26.9, "PTS": 10.5, "REB": 2.9, "AST": 1.9, "STL": 1.4, "BLK": 0.1, "TO": 0.9, "FG%": 39.2, "FT%": 78.6, "3P%": 33.3}, "Tre King": {"GP": 34.0, "MIN": 23.4, "PTS": 9.1, "REB": 5.2, "AST": 0.8, "STL": 1.1, "BLK": 0.2, "TO": 1.3, "FG%": 50.2, "FT%": 80.3, "3P%": 27.7}, "Robert Jones": {"GP": 34.0, "MIN": 22.5, "PTS": 8.0, "REB": 4.2, "AST": 1.0, "STL": 1.1, "BLK": 0.9, "TO": 1.0, "FG%": 60.5, "FT%": 50.0, "3P%": 0.0}, "Hason Ward": {"GP": 25.0, "MIN": 16.2, "PTS": 6.0, "REB": 3.8, "AST": 0.8, "STL": 1.2, "BLK": 1.2, "TO": 0.5, "FG%": 61.0, "FT%": 57.5, "3P%": 0.0}, "Jackson Paveletzke": {"GP": 32.0, "MIN": 10.8, "PTS": 3.4, "REB": 1.1, "AST": 1.0, "STL": 0.3, "BLK": 0.0, "TO": 0.6, "FG%": 41.1, "FT%": 75.0, "3P%": 38.2}, "Omaha Biliew": {"GP": 19.0, "MIN": 7.7, "PTS": 2.5, "REB": 1.3, "AST": 0.3, "STL": 0.3, "BLK": 0.1, "TO": 0.3, "FG%": 51.7, "FT%": 60.7, "3P%": 0.0}, "Demarion Watson": {"GP": 31.0, "MIN": 8.9, "PTS": 2.0, "REB": 1.8, "AST": 0.1, "STL": 0.3, "BLK": 0.4, "TO": 0.2, "FG%": 68.4, "FT%": 57.1, "3P%": 100.0}, "Kayden Fish": {"GP": 4.0, "MIN": 4.5, "PTS": 1.5, "REB": 1.5, "AST": 0.3, "STL": 0.0, "BLK": 0.3, "TO": 0.3, "FG%": 40.0, "FT%": 100.0, "3P%": 0.0}, "Cade Kelderman": {"GP": 11.0, "MIN": 2.0, "PTS": 0.7, "REB": 0.1, "AST": 0.0, "STL": 0.3, "BLK": 0.0, "TO": 0.0, "FG%": 50.0, "FT%": 100.0, "3P%": 66.7}, "Conrad Hawley": {"GP": 8.0, "MIN": 1.5, "PTS": 0.0, "REB": 0.3, "AST": 0.1, "STL": 0.0, "BLK": 0.0, "TO": 0.0, "FG%": 0.0, "FT%": 0.0, "3P%": 0.0}}}, {"team": "Houston Cougars", "score": 41, "home": true, "stats": {"L.J. Cryer": {"GP": 34.0, "MIN": 32.1, "PTS": 15.3, "REB": 2.3, "AST": 1.9, "STL": 1.1, "BLK": 0.1, "TO": 0.9, "FG%": 40.3, "FT%": 87.5, "3P%": 39.0}, "Jamal Shead": {"GP": 34.0, "MIN": 31.4, "PTS": 13.1, "REB": 3.8, "AST": 6.2, "STL": 2.3, "BLK": 0.5, "TO": 2.0, "FG%": 40.8, "FT%": 78.7, "3P%": 32.1}, "Emanuel Sharp": {"GP": 34.0, "MIN": 27.9, "PTS": 12.2, "REB": 3.7, "AST": 0.9, "STL": 1.5, "BLK": 0.0, "TO": 1.1, "FG%": 36.8, "FT%": 85.7, "3P%": 35.8}, "J'Wan Roberts": {"GP": 33.0, "MIN": 26.6, "PTS": 9.4, "REB": 6.8, "AST": 1.9, "STL": 1.3, "BLK": 0.9, "TO": 1.1, "FG%": 58.2, "FT%": 52.6, "3P%": 0.0}, "Damian Dunn": {"GP": 34.0, "MIN": 17.4, "PTS": 6.3, "REB": 2.3, "AST": 0.4, "STL": 0.8, "BLK": 0.1, "TO": 1.1, "FG%": 35.8, "FT%": 68.8, "3P%": 32.4}, "Ja'Vier Francis": {"GP": 34.0, "MIN": 20.2, "PTS": 6.1, "REB": 5.3, "AST": 0.2, "STL": 0.9, "BLK": 1.5, "TO": 0.8, "FG%": 64.9, "FT%": 54.8, "3P%": 0.0}, "Terrance Arceneaux": {"GP": 11.0, "MIN": 18.4, "PTS": 5.5, "REB": 4.5, "AST": 0.7, "STL": 0.9, "BLK": 0.5, "TO": 0.4, "FG%": 38.6, "FT%": 52.6, "3P%": 28.6}, "Mylik Wilson": {"GP": 33.0, "MIN": 15.4, "PTS": 4.3, "REB": 3.4, "AST": 0.8, "STL": 0.9, "BLK": 0.4, "TO": 0.7, "FG%": 42.0, "FT%": 60.6, "3P%": 19.2}, "Joseph Tugler": {"GP": 28.0, "MIN": 16.0, "PTS": 3.8, "REB": 4.1, "AST": 0.3, "STL": 0.9, "BLK": 1.1, "TO": 0.5, "FG%": 55.1, "FT%": 46.3, "3P%": 0.0}, "Ramon Walker Jr.": {"GP": 24.0, "MIN": 10.9, "PTS": 2.0, "REB": 3.0, "AST": 0.4, "STL": 0.3, "BLK": 0.0, "TO": 0.3, "FG%": 33.3, "FT%": 65.4, "3P%": 30.0}, "Ryan Elvin": {"GP": 19.0, "MIN": 2.9, "PTS": 0.7, "REB": 0.1, "AST": 0.1, "STL": 0.1, "BLK": 0.0, "TO": 0.1, "FG%": 26.7, "FT%": 75.0, "3P%": 18.2}, "Cedric Lath": {"GP": 22.0, "MIN": 5.1, "PTS": 0.2, "REB": 0.8, "AST": 0.0, "STL": 0.0, "BLK": 0.2, "TO": 0.2, "FG%": 28.6, "FT%": 33.3, "3P%": 0.0}}}]