[{"team": "James Madison Dukes", "score": 72, "home": false, "stats": {"Terrence Edwards Jr.": {"GP": 35.0, "MIN": 30.3, "PTS": 17.3, "REB": 4.4, "AST": 3.5, "STL": 1.0, "BLK": 0.3, "TO": 2.4, "FG%": 42.7, "FT%": 81.9, "3P%": 35.1}, "T.J. Bickerstaff": {"GP": 35.0, "MIN": 23.4, "PTS": 13.4, "REB": 8.5, "AST": 1.7, "STL": 1.1, "BLK": 0.4, "TO": 1.7, "FG%": 62.2, "FT%": 61.2, "3P%": 0.0}, "Noah Freidel": {"GP": 35.0, "MIN": 30.1, "PTS": 12.0, "REB": 5.3, "AST": 1.7, "STL": 0.8, "BLK": 0.8, "TO": 0.8, "FG%": 43.5, "FT%": 86.0, "3P%": 38.0}, "Julien Wooden": {"GP": 35.0, "MIN": 25.2, "PTS": 9.9, "REB": 3.2, "AST": 1.2, "STL": 1.0, "BLK": 0.5, "TO": 1.0, "FG%": 51.8, "FT%": 78.6, "3P%": 40.7}, "Michael Green III": {"GP": 35.0, "MIN": 21.4, "PTS": 7.3, "REB": 1.3, "AST": 3.3, "STL": 0.9, "BLK": 0.1, "TO": 1.4, "FG%": 38.3, "FT%": 65.5, "3P%": 36.6}, "Jaylen Carey": {"GP": 35.0, "MIN": 14.8, "PTS": 7.1, "REB": 4.3, "AST": 0.8, "STL": 0.7, "BLK": 0.3, "TO": 0.6, "FG%": 67.5, "FT%": 51.6, "3P%": 31.6}, "Raekwon Horton": {"GP": 35.0, "MIN": 21.7, "PTS": 7.0, "REB": 4.3, "AST": 1.1, "STL": 1.4, "BLK": 0.1, "TO": 1.1, "FG%": 54.9, "FT%": 71.0, "3P%": 34.9}, "Xavier Brown": {"GP": 35.0, "MIN": 21.1, "PTS": 6.5, "REB": 2.6, "AST": 2.1, "STL": 1.5, "BLK": 0.3, "TO": 0.8, "FG%": 34.9, "FT%": 65.4, "3P%": 34.4}, "Quincy Allen": {"GP": 8.0, "MIN": 7.3, "PTS": 3.8, "REB": 1.4, "AST": 0.0, "STL": 0.1, "BLK": 0.1, "TO": 0.9, "FG%": 46.2, "FT%": 100.0, "3P%": 36.4}, "Jerrell Roberson": {"GP": 12.0, "MIN": 4.5, "PTS": 1.7, "REB": 1.3, "AST": 0.2, "STL": 0.3, "BLK": 0.1, "TO": 0.3, "FG%": 50.0, "FT%": 50.0, "3P%": 50.0}, "Bryant Randleman": {"GP": 34.0, "MIN": 9.0, "PTS": 1.6, "REB": 0.6, "AST": 0.8, "STL": 0.6, "BLK": 0.2, "TO": 0.3, "FG%": 45.1, "FT%": 37.5, "3P%": 42.9}, "Jarrell Pope": {"GP": 8.0, "MIN": 2.0, "PTS": 0.8, "REB": 0.1, "AST": 0.0, "STL": 0.1, "BLK": 0.0, "TO": 0.4, "FG%": 22.2, "FT%": 33.3, "3P%": 20.0}, "Hollman Smith": {"GP": 11.0, "MIN": 2.8, "PTS": 0.6, "REB": 0.6, "AST": 0.0, "STL": 0.1, "BLK": 0.0, "TO": 0.0, "FG%": 22.2, "FT%": 100.0, "3P%": 14.3}, "Shane Feden": {"GP": 10.0, "MIN": 2.3, "PTS": 0.6, "REB": 0.4, "AST": 0.2, "STL": 0.1, "BLK": 0.0, "TO": 0.0, "FG%": 40.0, "FT%": 50.0, "3P%": 33.3}, "Aidan Mckeon": {"GP": 6.0, "MIN": 1.8, "PTS": 0.3, "REB": 0.3, "AST": 0.2, "STL": 0.0, "BLK": 0.2, "TO": 0.2, "FG%": 100.0, "FT%": 0.0, "3P%": 0.0}}}, {"team": "Wisconsin Badgers", "score": 61, "home": true, "stats": {"AJ Storr": {"GP": 36.0, "MIN": 28.8, "PTS": 16.8, "REB": 3.9, "AST": 0.9, "STL": 0.6, "BLK": 0.1, "TO": 1.6, "FG%": 43.4, "FT%": 81.2, "3P%": 32.0}, "Steven Crowl": {"GP": 36.0, "MIN": 29.0, "PTS": 11.2, "REB": 7.3, "AST": 2.1, "STL": 0.3, "BLK": 0.5, "TO": 1.7, "FG%": 55.6, "FT%": 74.2, "3P%": 44.8}, "Tyler Wahl": {"GP": 36.0, "MIN": 28.4, "PTS": 10.6, "REB": 5.4, "AST": 1.9, "STL": 1.1, "BLK": 0.6, "TO": 1.7, "FG%": 53.5, "FT%": 65.9, "3P%": 18.8}, "Max Klesmit": {"GP": 36.0, "MIN": 28.6, "PTS": 9.9, "REB": 2.1, "AST": 1.9, "STL": 0.9, "BLK": 0.1, "TO": 1.1, "FG%": 43.7, "FT%": 82.4, "3P%": 39.8}, "Chucky Hepburn": {"GP": 35.0, "MIN": 33.3, "PTS": 9.2, "REB": 3.3, "AST": 3.9, "STL": 2.1, "BLK": 0.1, "TO": 1.2, "FG%": 42.9, "FT%": 73.7, "3P%": 32.2}, "John Blackwell": {"GP": 34.0, "MIN": 18.5, "PTS": 8.0, "REB": 3.2, "AST": 0.6, "STL": 0.4, "BLK": 0.1, "TO": 0.8, "FG%": 44.6, "FT%": 82.1, "3P%": 45.5}, "Connor Essegian": {"GP": 33.0, "MIN": 7.3, "PTS": 3.2, "REB": 0.8, "AST": 0.2, "STL": 0.1, "BLK": 0.0, "TO": 0.4, "FG%": 38.5, "FT%": 90.9, "3P%": 30.3}, "Nolan Winter": {"GP": 36.0, "MIN": 9.4, "PTS": 2.4, "REB": 1.8, "AST": 0.3, "STL": 0.2, "BLK": 0.0, "TO": 0.3, "FG%": 42.3, "FT%": 69.6, "3P%": 30.8}, "Kamari McGee": {"GP": 25.0, "MIN": 8.4, "PTS": 2.1, "REB": 0.8, "AST": 0.4, "STL": 0.5, "BLK": 0.0, "TO": 0.3, "FG%": 54.3, "FT%": 61.1, "3P%": 27.3}, "Carter Gilmore": {"GP": 33.0, "MIN": 9.2, "PTS": 1.8, "REB": 1.4, "AST": 0.5, "STL": 0.1, "BLK": 0.0, "TO": 0.5, "FG%": 48.7, "FT%": 79.2, "3P%": 25.0}, "Markus Ilver": {"GP": 27.0, "MIN": 5.9, "PTS": 1.1, "REB": 1.3, "AST": 0.2, "STL": 0.2, "BLK": 0.1, "TO": 0.2, "FG%": 31.4, "FT%": 66.7, "3P%": 25.0}, "Isaac Lindsey": {"GP": 16.0, "MIN": 3.8, "PTS": 0.6, "REB": 0.4, "AST": 0.2, "STL": 0.1, "BLK": 0.1, "TO": 0.2, "FG%": 30.8, "FT%": 50.0, "3P%": 14.3}, "Chris Hodges": {"GP": 11.0, "MIN": 2.0, "PTS": 0.1, "REB": 0.5, "AST": 0.2, "STL": 0.0, "BLK": 0.3, "TO": 0.0, "FG%": 0.0, "FT%": 25.0, "3P%": 0.0}, "Luke Haertle": {"GP": 11.0, "MIN": 1.0, "PTS": 0.0, "REB": 0.2, "AST": 0.0, "STL": 0.0, "BLK": 0.0, "TO": 0.1, "FG%": 0.0, "FT%": 0.0, "3P%": 0.0}, "Isaac Gard": {"GP": 6.0, "MIN": 0.8, "PTS": 0.0, "REB": 0.0, "AST": 0.0, "STL": 0.0, "BLK": 0.0, "TO": 0.0, "FG%": 0.0, "FT%": 0.0, "3P%": 0.0}}}]