[{"team": "Kansas Jayhawks", "score": 93, "home": true, "stats": {"Kevin McCullar Jr.": {"GP": 26.0, "MIN": 34.3, "PTS": 18.3, "REB": 6.0, "AST": 4.1, "STL": 1.5, "BLK": 0.4, "TO": 2.5, "FG%": 45.4, "FT%": 80.5, "3P%": 33.3}, "Hunter Dickinson": {"GP": 32.0, "MIN": 32.3, "PTS": 18.0, "REB": 11.1, "AST": 2.3, "STL": 1.0, "BLK": 1.5, "TO": 1.8, "FG%": 55.3, "FT%": 62.6, "3P%": 34.4}, "K.J. Adams Jr.": {"GP": 33.0, "MIN": 33.5, "PTS": 12.7, "REB": 4.5, "AST": 3.2, "STL": 1.2, "BLK": 0.6, "TO": 1.8, "FG%": 60.9, "FT%": 60.0, "3P%": 0.0}, "Johnny Furphy": {"GP": 32.0, "MIN": 23.9, "PTS": 9.0, "REB": 4.8, "AST": 1.0, "STL": 0.9, "BLK": 0.3, "TO": 0.8, "FG%": 47.9, "FT%": 76.2, "3P%": 35.6}, "Dajuan Harris Jr.": {"GP": 33.0, "MIN": 35.6, "PTS": 8.5, "REB": 1.9, "AST": 6.4, "STL": 1.5, "BLK": 0.4, "TO": 2.3, "FG%": 42.8, "FT%": 80.4, "3P%": 36.6}, "Nicolas Timberlake": {"GP": 33.0, "MIN": 14.8, "PTS": 5.1, "REB": 1.8, "AST": 0.6, "STL": 0.5, "BLK": 0.1, "TO": 0.6, "FG%": 38.3, "FT%": 80.0, "3P%": 29.8}, "Elmarko Jackson": {"GP": 33.0, "MIN": 18.7, "PTS": 4.2, "REB": 1.4, "AST": 1.7, "STL": 0.7, "BLK": 0.1, "TO": 1.5, "FG%": 40.2, "FT%": 78.4, "3P%": 27.9}, "Parker Braun": {"GP": 33.0, "MIN": 7.4, "PTS": 2.1, "REB": 1.5, "AST": 0.3, "STL": 0.2, "BLK": 0.6, "TO": 0.4, "FG%": 65.2, "FT%": 66.7, "3P%": 30.0}, "Michael Jankovich": {"GP": 10.0, "MIN": 3.6, "PTS": 1.8, "REB": 0.3, "AST": 0.0, "STL": 0.0, "BLK": 0.0, "TO": 0.1, "FG%": 50.0, "FT%": 50.0, "3P%": 45.5}, "Jamari McDowell": {"GP": 30.0, "MIN": 7.2, "PTS": 1.8, "REB": 1.3, "AST": 0.5, "STL": 0.2, "BLK": 0.1, "TO": 0.3, "FG%": 30.6, "FT%": 88.2, "3P%": 29.0}, "Wilder Evers": {"GP": 7.0, "MIN": 2.7, "PTS": 0.9, "REB": 0.4, "AST": 0.3, "STL": 0.0, "BLK": 0.1, "TO": 0.0, "FG%": 42.9, "FT%": 0.0, "3P%": 0.0}, "Patrick Cassidy": {"GP": 6.0, "MIN": 1.7, "PTS": 0.8, "REB": 0.5, "AST": 0.0, "STL": 0.0, "BLK": 0.0, "TO": 0.0, "FG%": 40.0, "FT%": 0.0, "3P%": 33.3}, "Dillon Wilhite": {"GP": 8.0, "MIN": 2.6, "PTS": 0.4, "REB": 0.3, "AST": 0.0, "STL": 0.0, "BLK": 0.0, "TO": 0.4, "FG%": 33.3, "FT%": 25.0, "3P%": 0.0}, "Chris Carter": {"GP": 1.0, "MIN": 1.0, "PTS": 0.0, "REB": 0.0, "AST": 0.0, "STL": 0.0, "BLK": 0.0, "TO": 0.0, "FG%": 0.0, "FT%": 0.0, "3P%": 0.0}}}, {"team": "Samford Bulldogs", "score": 89, "home": false, "stats": {"Achor Achor": {"GP": 33.0, "MIN": 22.7, "PTS": 16.1, "REB": 6.1, "AST": 1.5, "STL": 0.8, "BLK": 1.8, "TO": 1.9, "FG%": 58.6, "FT%": 71.2, "3P%": 43.5}, "A.J. Staton-McCray": {"GP": 31.0, "MIN": 21.3, "PTS": 11.5, "REB": 4.5, "AST": 1.3, "STL": 1.6, "BLK": 0.5, "TO": 1.6, "FG%": 44.2, "FT%": 83.5, "3P%": 41.3}, "Jaden Campbell": {"GP": 33.0, "MIN": 22.9, "PTS": 11.3, "REB": 3.2, "AST": 1.0, "STL": 0.9, "BLK": 0.5, "TO": 1.0, "FG%": 53.6, "FT%": 81.7, "3P%": 47.9}, "Jermaine Marshall": {"GP": 22.0, "MIN": 18.4, "PTS": 10.6, "REB": 5.1, "AST": 1.4, "STL": 1.3, "BLK": 0.3, "TO": 1.8, "FG%": 49.7, "FT%": 64.1, "3P%": 34.7}, "Rylan Jones": {"GP": 35.0, "MIN": 26.0, "PTS": 9.4, "REB": 3.0, "AST": 5.0, "STL": 1.6, "BLK": 0.1, "TO": 1.5, "FG%": 43.6, "FT%": 73.4, "3P%": 37.7}, "Garrett Hicks": {"GP": 35.0, "MIN": 18.5, "PTS": 6.5, "REB": 1.8, "AST": 1.5, "STL": 0.9, "BLK": 0.2, "TO": 0.7, "FG%": 45.3, "FT%": 80.0, "3P%": 34.5}, "Riley Allenspach": {"GP": 34.0, "MIN": 12.3, "PTS": 5.6, "REB": 3.1, "AST": 0.4, "STL": 0.3, "BLK": 0.1, "TO": 0.5, "FG%": 54.6, "FT%": 65.1, "3P%": 34.5}, "Nathan Johnson": {"GP": 35.0, "MIN": 16.8, "PTS": 5.5, "REB": 2.2, "AST": 0.6, "STL": 0.5, "BLK": 0.1, "TO": 0.7, "FG%": 44.8, "FT%": 68.4, "3P%": 38.4}, "Josh Holloway": {"GP": 35.0, "MIN": 12.8, "PTS": 4.3, "REB": 1.3, "AST": 2.1, "STL": 0.7, "BLK": 0.0, "TO": 1.6, "FG%": 39.0, "FT%": 59.3, "3P%": 27.3}, "Dallas Graziani": {"GP": 35.0, "MIN": 18.6, "PTS": 4.1, "REB": 1.4, "AST": 2.6, "STL": 1.5, "BLK": 0.0, "TO": 1.0, "FG%": 49.5, "FT%": 63.0, "3P%": 42.6}, "Lukas Walls": {"GP": 34.0, "MIN": 9.3, "PTS": 3.3, "REB": 1.1, "AST": 0.5, "STL": 0.4, "BLK": 0.1, "TO": 0.6, "FG%": 50.0, "FT%": 75.0, "3P%": 46.7}, "Chandler Leopard": {"GP": 30.0, "MIN": 7.7, "PTS": 3.0, "REB": 0.6, "AST": 0.2, "STL": 0.1, "BLK": 0.0, "TO": 0.2, "FG%": 46.7, "FT%": 85.7, "3P%": 46.6}, "Zach Loveday": {"GP": 23.0, "MIN": 6.5, "PTS": 2.8, "REB": 1.7, "AST": 0.3, "STL": 0.0, "BLK": 0.6, "TO": 0.5, "FG%": 63.6, "FT%": 63.6, "3P%": 16.7}, "Grayson Walters": {"GP": 7.0, "MIN": 2.0, "PTS": 1.4, "REB": 0.6, "AST": 0.0, "STL": 0.3, "BLK": 0.0, "TO": 0.1, "FG%": 50.0, "FT%": 50.0, "3P%": 33.3}, "Paulie Stramaglia": {"GP": 6.0, "MIN": 5.8, "PTS": 0.8, "REB": 2.0, "AST": 1.8, "STL": 0.3, "BLK": 0.0, "TO": 0.2, "FG%": 33.3, "FT%": 75.0, "3P%": 0.0}, "Owen LaRocca": {"GP": 7.0, "MIN": 2.0, "PTS": 0.7, "REB": 0.0, "AST": 0.0, "STL": 0.0, "BLK": 0.0, "TO": 0.1, "FG%": 16.7, "FT%": 100.0, "3P%": 16.7}, "Joshua Hughes": {"GP": 6.0, "MIN": 1.5, "PTS": 0.3, "REB": 0.0, "AST": 0.2, "STL": 0.0, "BLK": 0.0, "TO": 0.2, "FG%": 100.0, "FT%": 0.0, "3P%": 0.0}, "Thomas Kizer": {"GP": 5.0, "MIN": 1.4, "PTS": 0.0, "REB": 0.0, "AST": 0.0, "STL": 0.0, "BLK": 0.0, "TO": 0.0, "FG%": 0.0, "FT%": 0.0, "3P%": 0.0}}}]