[{"team": "Marquette Golden Eagles", "score": 87, "home": true, "stats": {"Kam Jones": {"GP": 34.0, "MIN": 29.0, "PTS": 17.1, "REB": 2.9, "AST": 2.5, "STL": 1.2, "BLK": 0.0, "TO": 1.4, "FG%": 50.2, "FT%": 72.0, "3P%": 41.5}, "Tyler Kolek": {"GP": 29.0, "MIN": 32.6, "PTS": 15.1, "REB": 4.8, "AST": 7.8, "STL": 1.7, "BLK": 0.1, "TO": 2.8, "FG%": 48.8, "FT%": 86.2, "3P%": 40.0}, "Oso Ighodaro": {"GP": 34.0, "MIN": 32.3, "PTS": 13.7, "REB": 7.0, "AST": 2.9, "STL": 1.0, "BLK": 1.3, "TO": 1.8, "FG%": 57.6, "FT%": 63.1, "3P%": 0.0}, "David Joplin": {"GP": 35.0, "MIN": 27.3, "PTS": 10.9, "REB": 4.0, "AST": 0.6, "STL": 0.8, "BLK": 0.9, "TO": 1.2, "FG%": 42.0, "FT%": 70.3, "3P%": 36.8}, "Stevie Mitchell": {"GP": 31.0, "MIN": 26.3, "PTS": 9.0, "REB": 4.1, "AST": 0.9, "STL": 1.9, "BLK": 0.2, "TO": 0.7, "FG%": 52.9, "FT%": 77.2, "3P%": 28.6}, "Chase Ross": {"GP": 30.0, "MIN": 21.7, "PTS": 6.1, "REB": 3.0, "AST": 0.7, "STL": 1.2, "BLK": 0.4, "TO": 0.8, "FG%": 41.7, "FT%": 70.9, "3P%": 35.4}, "Sean Jones": {"GP": 16.0, "MIN": 16.3, "PTS": 5.8, "REB": 1.5, "AST": 2.0, "STL": 0.9, "BLK": 0.0, "TO": 1.1, "FG%": 41.8, "FT%": 75.0, "3P%": 25.7}, "Ben Gold": {"GP": 35.0, "MIN": 17.2, "PTS": 5.2, "REB": 3.1, "AST": 0.7, "STL": 0.5, "BLK": 0.5, "TO": 0.5, "FG%": 44.9, "FT%": 61.5, "3P%": 35.7}, "Tre Norman": {"GP": 34.0, "MIN": 9.1, "PTS": 2.0, "REB": 1.2, "AST": 0.4, "STL": 0.4, "BLK": 0.1, "TO": 0.3, "FG%": 37.8, "FT%": 55.6, "3P%": 18.9}, "Zaide Lowery": {"GP": 31.0, "MIN": 9.5, "PTS": 1.6, "REB": 1.4, "AST": 0.3, "STL": 0.3, "BLK": 0.1, "TO": 0.3, "FG%": 32.7, "FT%": 64.3, "3P%": 31.0}, "Al Amadou": {"GP": 14.0, "MIN": 3.6, "PTS": 1.2, "REB": 0.4, "AST": 0.3, "STL": 0.0, "BLK": 0.2, "TO": 0.2, "FG%": 66.7, "FT%": 25.0, "3P%": 0.0}, "Jonah Lucas": {"GP": 11.0, "MIN": 1.3, "PTS": 0.5, "REB": 0.0, "AST": 0.0, "STL": 0.0, "BLK": 0.0, "TO": 0.2, "FG%": 28.6, "FT%": 0.0, "3P%": 33.3}, "Cameron Brown": {"GP": 11.0, "MIN": 1.5, "PTS": 0.3, "REB": 0.2, "AST": 0.0, "STL": 0.0, "BLK": 0.0, "TO": 0.0, "FG%": 14.3, "FT%": 0.0, "3P%": 33.3}, "Casey O'Malley": {"GP": 9.0, "MIN": 1.4, "PTS": 0.0, "REB": 0.2, "AST": 0.1, "STL": 0.1, "BLK": 0.0, "TO": 0.2, "FG%": 0.0, "FT%": 0.0, "3P%": 0.0}, "Jack Riley": {"GP": 11.0, "MIN": 1.4, "PTS": 0.0, "REB": 0.5, "AST": 0.0, "STL": 0.0, "BLK": 0.0, "TO": 0.0, "FG%": 0.0, "FT%": 0.0, "3P%": 0.0}}}, {"team": "Western Kentucky Hilltoppers", "score": 69, "home": false, "stats": {"Don McHenry": {"GP": 34.0, "MIN": 27.8, "PTS": 15.1, "REB": 3.4, "AST": 2.4, "STL": 0.9, "BLK": 0.1, "TO": 2.0, "FG%": 46.1, "FT%": 85.9, "3P%": 36.2}, "Brandon Newman": {"GP": 34.0, "MIN": 25.6, "PTS": 10.1, "REB": 5.3, "AST": 1.6, "STL": 1.3, "BLK": 0.3, "TO": 1.7, "FG%": 40.5, "FT%": 73.2, "3P%": 32.7}, "Rodney Howard": {"GP": 33.0, "MIN": 20.1, "PTS": 9.9, "REB": 4.8, "AST": 0.8, "STL": 0.4, "BLK": 0.5, "TO": 1.4, "FG%": 54.8, "FT%": 67.5, "3P%": 0.0}, "Khristian Lander": {"GP": 26.0, "MIN": 23.1, "PTS": 9.0, "REB": 2.7, "AST": 2.0, "STL": 1.0, "BLK": 0.1, "TO": 1.8, "FG%": 40.6, "FT%": 75.0, "3P%": 35.0}, "Tyrone Marshall Jr.": {"GP": 34.0, "MIN": 24.5, "PTS": 8.8, "REB": 4.5, "AST": 2.2, "STL": 1.5, "BLK": 1.1, "TO": 1.6, "FG%": 49.2, "FT%": 73.9, "3P%": 37.2}, "Dontaie Allen": {"GP": 33.0, "MIN": 20.8, "PTS": 8.2, "REB": 3.0, "AST": 0.6, "STL": 0.7, "BLK": 0.4, "TO": 1.1, "FG%": 40.5, "FT%": 71.2, "3P%": 40.0}, "Babacar Faye": {"GP": 34.0, "MIN": 18.5, "PTS": 7.5, "REB": 5.6, "AST": 0.8, "STL": 0.5, "BLK": 0.5, "TO": 1.0, "FG%": 61.4, "FT%": 69.1, "3P%": 0.0}, "Teagan Moore": {"GP": 28.0, "MIN": 14.0, "PTS": 6.2, "REB": 2.3, "AST": 0.6, "STL": 0.4, "BLK": 0.1, "TO": 0.9, "FG%": 47.9, "FT%": 80.3, "3P%": 21.1}, "Enoch Kalambay": {"GP": 34.0, "MIN": 18.4, "PTS": 6.2, "REB": 4.6, "AST": 1.2, "STL": 0.4, "BLK": 0.2, "TO": 1.3, "FG%": 49.7, "FT%": 66.7, "3P%": 22.2}, "Jalen Jackson": {"GP": 10.0, "MIN": 21.2, "PTS": 4.3, "REB": 1.9, "AST": 2.5, "STL": 1.4, "BLK": 0.3, "TO": 1.5, "FG%": 41.0, "FT%": 45.8, "3P%": 0.0}, "Jaylen Dorsey": {"GP": 8.0, "MIN": 1.8, "PTS": 1.3, "REB": 0.6, "AST": 0.1, "STL": 0.1, "BLK": 0.0, "TO": 0.5, "FG%": 60.0, "FT%": 66.7, "3P%": 0.0}, "Fallou Diagne": {"GP": 5.0, "MIN": 5.0, "PTS": 1.2, "REB": 0.0, "AST": 0.0, "STL": 0.0, "BLK": 0.4, "TO": 0.8, "FG%": 20.0, "FT%": 100.0, "3P%": 0.0}, "Jack Edelen": {"GP": 27.0, "MIN": 8.9, "PTS": 1.0, "REB": 0.6, "AST": 1.2, "STL": 0.4, "BLK": 0.0, "TO": 0.6, "FG%": 30.8, "FT%": 68.8, "3P%": 9.1}, "Tyler Olden": {"GP": 8.0, "MIN": 1.9, "PTS": 0.8, "REB": 0.1, "AST": 0.0, "STL": 0.1, "BLK": 0.0, "TO": 0.0, "FG%": 22.2, "FT%": 0.0, "3P%": 28.6}, "BJ Marable": {"GP": 10.0, "MIN": 5.0, "PTS": 0.7, "REB": 1.0, "AST": 0.1, "STL": 0.2, "BLK": 0.1, "TO": 0.7, "FG%": 28.6, "FT%": 27.3, "3P%": 0.0}}}]