[{"team": "Marquette Golden Eagles", "score": 81, "home": true, "stats": {"Kam Jones": {"GP": 35.0, "MIN": 28.9, "PTS": 17.1, "REB": 2.9, "AST": 2.5, "STL": 1.2, "BLK": 0.0, "TO": 1.3, "FG%": 50.3, "FT%": 72.0, "3P%": 41.4}, "Tyler Kolek": {"GP": 30.0, "MIN": 32.8, "PTS": 15.3, "REB": 4.8, "AST": 7.9, "STL": 1.6, "BLK": 0.1, "TO": 2.9, "FG%": 49.7, "FT%": 85.4, "3P%": 39.7}, "Oso Ighodaro": {"GP": 35.0, "MIN": 32.4, "PTS": 13.6, "REB": 6.8, "AST": 2.9, "STL": 1.1, "BLK": 1.3, "TO": 1.8, "FG%": 58.1, "FT%": 63.1, "3P%": 0.0}, "David Joplin": {"GP": 36.0, "MIN": 27.5, "PTS": 11.0, "REB": 4.0, "AST": 0.6, "STL": 0.8, "BLK": 0.9, "TO": 1.2, "FG%": 42.0, "FT%": 71.2, "3P%": 36.7}, "Stevie Mitchell": {"GP": 32.0, "MIN": 26.4, "PTS": 8.8, "REB": 4.1, "AST": 0.8, "STL": 1.9, "BLK": 0.2, "TO": 0.8, "FG%": 52.6, "FT%": 76.3, "3P%": 28.1}, "Chase Ross": {"GP": 31.0, "MIN": 21.8, "PTS": 6.3, "REB": 3.1, "AST": 0.7, "STL": 1.2, "BLK": 0.4, "TO": 0.8, "FG%": 43.3, "FT%": 70.9, "3P%": 37.3}, "Sean Jones": {"GP": 16.0, "MIN": 16.3, "PTS": 5.8, "REB": 1.5, "AST": 2.0, "STL": 0.9, "BLK": 0.0, "TO": 1.1, "FG%": 41.8, "FT%": 75.0, "3P%": 25.7}, "Ben Gold": {"GP": 36.0, "MIN": 17.0, "PTS": 5.1, "REB": 3.0, "AST": 0.7, "STL": 0.4, "BLK": 0.4, "TO": 0.5, "FG%": 45.3, "FT%": 53.3, "3P%": 36.2}, "Tre Norman": {"GP": 34.0, "MIN": 9.1, "PTS": 2.0, "REB": 1.2, "AST": 0.4, "STL": 0.4, "BLK": 0.1, "TO": 0.3, "FG%": 37.8, "FT%": 55.6, "3P%": 18.9}, "Zaide Lowery": {"GP": 31.0, "MIN": 9.5, "PTS": 1.6, "REB": 1.4, "AST": 0.3, "STL": 0.3, "BLK": 0.1, "TO": 0.3, "FG%": 32.7, "FT%": 64.3, "3P%": 31.0}, "Al Amadou": {"GP": 14.0, "MIN": 3.6, "PTS": 1.2, "REB": 0.4, "AST": 0.3, "STL": 0.0, "BLK": 0.2, "TO": 0.2, "FG%": 66.7, "FT%": 25.0, "3P%": 0.0}, "Jonah Lucas": {"GP": 11.0, "MIN": 1.3, "PTS": 0.5, "REB": 0.0, "AST": 0.0, "STL": 0.0, "BLK": 0.0, "TO": 0.2, "FG%": 28.6, "FT%": 0.0, "3P%": 33.3}, "Cameron Brown": {"GP": 11.0, "MIN": 1.5, "PTS": 0.3, "REB": 0.2, "AST": 0.0, "STL": 0.0, "BLK": 0.0, "TO": 0.0, "FG%": 14.3, "FT%": 0.0, "3P%": 33.3}, "Casey O'Malley": {"GP": 9.0, "MIN": 1.4, "PTS": 0.0, "REB": 0.2, "AST": 0.1, "STL": 0.1, "BLK": 0.0, "TO": 0.2, "FG%": 0.0, "FT%": 0.0, "3P%": 0.0}, "Jack Riley": {"GP": 11.0, "MIN": 1.4, "PTS": 0.0, "REB": 0.5, "AST": 0.0, "STL": 0.0, "BLK": 0.0, "TO": 0.0, "FG%": 0.0, "FT%": 0.0, "3P%": 0.0}}}, {"team": "Colorado Buffaloes", "score": 77, "home": false, "stats": {"KJ Simpson": {"GP": 37.0, "MIN": 35.1, "PTS": 19.7, "REB": 5.8, "AST": 4.9, "STL": 1.6, "BLK": 0.1, "TO": 2.2, "FG%": 47.5, "FT%": 87.6, "3P%": 43.4}, "Tristan da Silva": {"GP": 34.0, "MIN": 34.0, "PTS": 16.0, "REB": 5.1, "AST": 2.4, "STL": 1.1, "BLK": 0.6, "TO": 1.8, "FG%": 49.3, "FT%": 83.5, "3P%": 39.5}, "Cody Williams": {"GP": 24.0, "MIN": 28.1, "PTS": 11.9, "REB": 3.0, "AST": 1.6, "STL": 0.6, "BLK": 0.7, "TO": 2.0, "FG%": 55.2, "FT%": 71.4, "3P%": 41.5}, "J'Vonne Hadley": {"GP": 36.0, "MIN": 34.3, "PTS": 11.6, "REB": 6.0, "AST": 2.4, "STL": 1.2, "BLK": 0.3, "TO": 1.3, "FG%": 53.8, "FT%": 83.9, "3P%": 41.7}, "Eddie Lampkin Jr.": {"GP": 37.0, "MIN": 27.8, "PTS": 10.6, "REB": 7.0, "AST": 2.2, "STL": 0.3, "BLK": 0.1, "TO": 2.6, "FG%": 57.9, "FT%": 66.1, "3P%": 0.0}, "Julian Hammond III": {"GP": 24.0, "MIN": 21.3, "PTS": 7.4, "REB": 2.5, "AST": 1.8, "STL": 0.5, "BLK": 0.1, "TO": 1.6, "FG%": 44.8, "FT%": 76.0, "3P%": 40.0}, "Luke O'Brien": {"GP": 35.0, "MIN": 23.8, "PTS": 6.7, "REB": 3.8, "AST": 1.3, "STL": 0.7, "BLK": 0.4, "TO": 0.7, "FG%": 45.6, "FT%": 65.8, "3P%": 37.6}, "RJ Smith": {"GP": 7.0, "MIN": 11.6, "PTS": 2.9, "REB": 1.1, "AST": 0.7, "STL": 0.1, "BLK": 0.0, "TO": 0.6, "FG%": 33.3, "FT%": 71.4, "3P%": 45.5}, "Javon Ruffin": {"GP": 18.0, "MIN": 9.9, "PTS": 2.1, "REB": 1.6, "AST": 0.7, "STL": 0.2, "BLK": 0.1, "TO": 0.8, "FG%": 29.7, "FT%": 81.8, "3P%": 28.0}, "Bangot Dak": {"GP": 23.0, "MIN": 6.9, "PTS": 1.7, "REB": 1.2, "AST": 0.4, "STL": 0.2, "BLK": 0.2, "TO": 0.3, "FG%": 43.8, "FT%": 55.6, "3P%": 22.2}, "Assane Diop": {"GP": 32.0, "MIN": 6.9, "PTS": 1.3, "REB": 1.1, "AST": 0.3, "STL": 0.1, "BLK": 0.1, "TO": 0.5, "FG%": 39.5, "FT%": 81.3, "3P%": 0.0}, "Harrison Carrington": {"GP": 14.0, "MIN": 5.1, "PTS": 1.1, "REB": 0.6, "AST": 0.0, "STL": 0.1, "BLK": 0.1, "TO": 0.1, "FG%": 41.7, "FT%": 62.5, "3P%": 0.0}, "Jack Pease": {"GP": 1.0, "MIN": 2.0, "PTS": 0.0, "REB": 2.0, "AST": 1.0, "STL": 0.0, "BLK": 0.0, "TO": 0.0, "FG%": 0.0, "FT%": 0.0, "3P%": 0.0}, "Joe Hurlburt": {"GP": 10.0, "MIN": 2.4, "PTS": 0.0, "REB": 0.1, "AST": 0.2, "STL": 0.0, "BLK": 0.0, "TO": 0.3, "FG%": 0.0, "FT%": 0.0, "3P%": 0.0}, "Greg Gerhardt": {"GP": 1.0, "MIN": 1.0, "PTS": 0.0, "REB": 0.0, "AST": 0.0, "STL": 0.0, "BLK": 0.0, "TO": 0.0, "FG%": 0.0, "FT%": 0.0, "3P%": 0.0}}}]