[{"team": "Michigan State Spartans", "score": 69, "home": false, "stats": {"Tyson Walker": {"GP": 33.0, "MIN": 32.8, "PTS": 18.2, "REB": 2.9, "AST": 2.9, "STL": 1.9, "BLK": 0.1, "TO": 1.4, "FG%": 44.6, "FT%": 75.0, "3P%": 37.8}, "Malik Hall": {"GP": 34.0, "MIN": 28.4, "PTS": 12.5, "REB": 5.6, "AST": 1.9, "STL": 0.5, "BLK": 0.3, "TO": 1.4, "FG%": 52.3, "FT%": 72.3, "3P%": 34.5}, "A.J. Hoggard": {"GP": 34.0, "MIN": 28.6, "PTS": 10.9, "REB": 3.1, "AST": 5.3, "STL": 1.5, "BLK": 0.3, "TO": 1.8, "FG%": 41.7, "FT%": 78.7, "3P%": 34.3}, "Jaden Akins": {"GP": 34.0, "MIN": 28.4, "PTS": 10.4, "REB": 3.9, "AST": 1.2, "STL": 1.1, "BLK": 0.4, "TO": 1.0, "FG%": 41.3, "FT%": 72.7, "3P%": 36.0}, "Tre Holloman": {"GP": 34.0, "MIN": 19.8, "PTS": 5.8, "REB": 1.6, "AST": 2.5, "STL": 0.6, "BLK": 0.3, "TO": 0.8, "FG%": 47.1, "FT%": 80.0, "3P%": 42.5}, "Xavier Booker": {"GP": 26.0, "MIN": 9.1, "PTS": 3.7, "REB": 1.6, "AST": 0.2, "STL": 0.1, "BLK": 0.5, "TO": 0.3, "FG%": 42.5, "FT%": 63.2, "3P%": 31.9}, "Jeremy Fears Jr.": {"GP": 12.0, "MIN": 15.3, "PTS": 3.5, "REB": 1.9, "AST": 3.3, "STL": 0.8, "BLK": 0.2, "TO": 1.1, "FG%": 50.0, "FT%": 64.7, "3P%": 16.7}, "Carson Cooper": {"GP": 34.0, "MIN": 17.1, "PTS": 3.5, "REB": 4.5, "AST": 0.5, "STL": 0.4, "BLK": 0.7, "TO": 0.8, "FG%": 54.1, "FT%": 63.3, "3P%": 0.0}, "Mady Sissoko": {"GP": 34.0, "MIN": 15.4, "PTS": 3.3, "REB": 5.2, "AST": 0.3, "STL": 0.2, "BLK": 0.4, "TO": 0.9, "FG%": 56.3, "FT%": 70.5, "3P%": 0.0}, "Coen Carr": {"GP": 34.0, "MIN": 11.8, "PTS": 3.2, "REB": 1.9, "AST": 0.2, "STL": 0.5, "BLK": 0.5, "TO": 0.5, "FG%": 65.1, "FT%": 56.3, "3P%": 0.0}, "Jaxon Kohler": {"GP": 20.0, "MIN": 9.3, "PTS": 2.0, "REB": 2.1, "AST": 0.2, "STL": 0.1, "BLK": 0.6, "TO": 0.5, "FG%": 43.2, "FT%": 28.6, "3P%": 0.0}, "Davis Smith": {"GP": 11.0, "MIN": 2.5, "PTS": 1.2, "REB": 0.2, "AST": 0.2, "STL": 0.0, "BLK": 0.1, "TO": 0.1, "FG%": 30.0, "FT%": 71.4, "3P%": 40.0}, "Nick Sanders": {"GP": 8.0, "MIN": 1.4, "PTS": 0.4, "REB": 0.0, "AST": 0.0, "STL": 0.0, "BLK": 0.0, "TO": 0.0, "FG%": 33.3, "FT%": 0.0, "3P%": 33.3}, "Steven Izzo": {"GP": 9.0, "MIN": 1.3, "PTS": 0.3, "REB": 0.4, "AST": 0.2, "STL": 0.0, "BLK": 0.0, "TO": 0.1, "FG%": 20.0, "FT%": 33.3, "3P%": 0.0}}}, {"team": "Mississippi State Bulldogs", "score": 51, "home": true, "stats": {"Josh Hubbard": {"GP": 35.0, "MIN": 27.7, "PTS": 17.1, "REB": 2.2, "AST": 1.7, "STL": 0.7, "BLK": 0.1, "TO": 1.2, "FG%": 38.5, "FT%": 85.3, "3P%": 35.5}, "Tolu Smith": {"GP": 23.0, "MIN": 28.3, "PTS": 15.0, "REB": 8.1, "AST": 1.3, "STL": 0.7, "BLK": 0.4, "TO": 2.6, "FG%": 56.5, "FT%": 58.2, "3P%": 0.0}, "Cameron Matthews": {"GP": 35.0, "MIN": 28.7, "PTS": 9.4, "REB": 6.8, "AST": 2.9, "STL": 2.1, "BLK": 0.7, "TO": 2.2, "FG%": 62.4, "FT%": 55.5, "3P%": 8.7}, "Shakeel Moore": {"GP": 33.0, "MIN": 23.5, "PTS": 7.9, "REB": 2.2, "AST": 1.8, "STL": 0.8, "BLK": 0.2, "TO": 1.1, "FG%": 46.8, "FT%": 70.2, "3P%": 36.3}, "Dashawn Davis": {"GP": 35.0, "MIN": 23.8, "PTS": 6.6, "REB": 1.8, "AST": 2.7, "STL": 1.6, "BLK": 0.1, "TO": 1.3, "FG%": 37.6, "FT%": 70.2, "3P%": 33.3}, "D.J. Jeffries": {"GP": 33.0, "MIN": 26.2, "PTS": 6.5, "REB": 5.6, "AST": 1.6, "STL": 1.0, "BLK": 0.4, "TO": 1.3, "FG%": 41.1, "FT%": 59.3, "3P%": 27.8}, "Jimmy Bell Jr.": {"GP": 35.0, "MIN": 15.6, "PTS": 5.0, "REB": 4.9, "AST": 0.5, "STL": 0.4, "BLK": 0.6, "TO": 1.3, "FG%": 46.9, "FT%": 64.6, "3P%": 0.0}, "Trey Fort": {"GP": 20.0, "MIN": 11.2, "PTS": 5.0, "REB": 1.8, "AST": 0.5, "STL": 0.2, "BLK": 0.2, "TO": 0.6, "FG%": 38.2, "FT%": 64.3, "3P%": 34.9}, "KeShawn Murphy": {"GP": 21.0, "MIN": 13.2, "PTS": 4.7, "REB": 3.1, "AST": 1.0, "STL": 0.2, "BLK": 0.4, "TO": 1.0, "FG%": 45.9, "FT%": 69.6, "3P%": 17.9}, "Shawn Jones Jr.": {"GP": 35.0, "MIN": 17.0, "PTS": 4.5, "REB": 2.0, "AST": 1.0, "STL": 0.7, "BLK": 0.3, "TO": 0.8, "FG%": 42.0, "FT%": 76.7, "3P%": 27.7}, "Andrew Taylor": {"GP": 7.0, "MIN": 10.9, "PTS": 3.9, "REB": 1.4, "AST": 1.3, "STL": 0.3, "BLK": 0.0, "TO": 0.3, "FG%": 40.0, "FT%": 100.0, "3P%": 40.0}, "Gai Chol": {"GP": 16.0, "MIN": 6.4, "PTS": 2.1, "REB": 1.4, "AST": 0.0, "STL": 0.0, "BLK": 0.1, "TO": 0.3, "FG%": 60.0, "FT%": 100.0, "3P%": 0.0}, "Jaquan Scott": {"GP": 11.0, "MIN": 5.5, "PTS": 1.2, "REB": 1.5, "AST": 0.4, "STL": 0.4, "BLK": 0.1, "TO": 0.6, "FG%": 40.0, "FT%": 20.0, "3P%": 0.0}, "Adrian Myers": {"GP": 10.0, "MIN": 3.4, "PTS": 1.0, "REB": 0.5, "AST": 0.0, "STL": 0.2, "BLK": 0.0, "TO": 0.7, "FG%": 36.4, "FT%": 0.0, "3P%": 22.2}, "Isaac Stansbury": {"GP": 8.0, "MIN": 1.0, "PTS": 0.0, "REB": 0.3, "AST": 0.1, "STL": 0.0, "BLK": 0.0, "TO": 0.4, "FG%": 0.0, "FT%": 0.0, "3P%": 0.0}}}]