[{"team": "NC State Wolfpack", "score": 84, "home": false, "stats": {"DJ Horne": {"GP": 35.0, "MIN": 32.1, "PTS": 16.9, "REB": 3.2, "AST": 2.1, "STL": 1.4, "BLK": 0.1, "TO": 1.2, "FG%": 44.2, "FT%": 80.4, "3P%": 41.3}, "DJ Burns Jr.": {"GP": 36.0, "MIN": 24.4, "PTS": 12.4, "REB": 4.0, "AST": 2.8, "STL": 0.5, "BLK": 0.6, "TO": 1.8, "FG%": 51.7, "FT%": 67.1, "3P%": 20.0}, "Jayden Taylor": {"GP": 36.0, "MIN": 28.3, "PTS": 11.9, "REB": 3.8, "AST": 1.4, "STL": 1.2, "BLK": 0.5, "TO": 1.6, "FG%": 41.7, "FT%": 76.8, "3P%": 36.5}, "Casey Morsell": {"GP": 36.0, "MIN": 32.3, "PTS": 11.5, "REB": 2.8, "AST": 1.7, "STL": 1.0, "BLK": 0.5, "TO": 1.0, "FG%": 41.3, "FT%": 80.7, "3P%": 26.6}, "Mohamed Diarra": {"GP": 35.0, "MIN": 20.7, "PTS": 6.0, "REB": 7.4, "AST": 0.5, "STL": 0.7, "BLK": 1.0, "TO": 0.7, "FG%": 47.2, "FT%": 64.5, "3P%": 33.9}, "Michael O'Connell": {"GP": 36.0, "MIN": 23.9, "PTS": 5.7, "REB": 3.3, "AST": 3.0, "STL": 0.9, "BLK": 0.1, "TO": 1.1, "FG%": 46.5, "FT%": 83.7, "3P%": 35.4}, "Ben Middlebrooks": {"GP": 36.0, "MIN": 15.6, "PTS": 5.5, "REB": 4.1, "AST": 0.5, "STL": 0.8, "BLK": 0.5, "TO": 0.7, "FG%": 48.0, "FT%": 73.1, "3P%": 7.7}, "Dennis Parker Jr.": {"GP": 29.0, "MIN": 15.5, "PTS": 4.7, "REB": 3.2, "AST": 0.4, "STL": 0.7, "BLK": 0.2, "TO": 0.7, "FG%": 44.3, "FT%": 53.8, "3P%": 30.8}, "MJ Rice": {"GP": 9.0, "MIN": 8.8, "PTS": 4.1, "REB": 1.9, "AST": 0.1, "STL": 0.2, "BLK": 0.0, "TO": 0.7, "FG%": 48.4, "FT%": 44.4, "3P%": 23.1}, "LJ Thomas": {"GP": 12.0, "MIN": 7.5, "PTS": 2.6, "REB": 1.1, "AST": 0.8, "STL": 0.4, "BLK": 0.0, "TO": 0.1, "FG%": 40.0, "FT%": 63.6, "3P%": 57.1}, "Breon Pass": {"GP": 27.0, "MIN": 5.8, "PTS": 1.3, "REB": 0.5, "AST": 0.4, "STL": 0.1, "BLK": 0.1, "TO": 0.2, "FG%": 41.4, "FT%": 62.5, "3P%": 38.5}, "Kam Woods": {"GP": 13.0, "MIN": 7.4, "PTS": 1.2, "REB": 0.8, "AST": 0.2, "STL": 0.2, "BLK": 0.0, "TO": 0.6, "FG%": 29.4, "FT%": 50.0, "3P%": 40.0}, "Ernest Ross": {"GP": 13.0, "MIN": 3.8, "PTS": 0.3, "REB": 0.5, "AST": 0.0, "STL": 0.1, "BLK": 0.2, "TO": 0.1, "FG%": 18.2, "FT%": 0.0, "3P%": 0.0}, "Alex Nunnally": {"GP": 7.0, "MIN": 1.0, "PTS": 0.0, "REB": 0.1, "AST": 0.0, "STL": 0.0, "BLK": 0.0, "TO": 0.0, "FG%": 0.0, "FT%": 0.0, "3P%": 0.0}, "KJ Keatts": {"GP": 6.0, "MIN": 1.5, "PTS": 0.0, "REB": 0.2, "AST": 0.0, "STL": 0.0, "BLK": 0.0, "TO": 0.2, "FG%": 0.0, "FT%": 0.0, "3P%": 0.0}, "Jordan Snell": {"GP": 6.0, "MIN": 1.0, "PTS": 0.0, "REB": 0.2, "AST": 0.0, "STL": 0.0, "BLK": 0.0, "TO": 0.0, "FG%": 0.0, "FT%": 0.0, "3P%": 0.0}}}, {"team": "North Carolina Tar Heels", "score": 76, "home": true, "stats": {"RJ Davis": {"GP": 34.0, "MIN": 34.8, "PTS": 21.4, "REB": 3.8, "AST": 3.5, "STL": 1.2, "BLK": 0.2, "TO": 1.5, "FG%": 43.1, "FT%": 87.3, "3P%": 40.6}, "Armando Bacot": {"GP": 34.0, "MIN": 30.2, "PTS": 14.1, "REB": 10.2, "AST": 1.5, "STL": 0.6, "BLK": 1.5, "TO": 1.6, "FG%": 54.7, "FT%": 77.7, "3P%": 40.0}, "Harrison Ingram": {"GP": 34.0, "MIN": 32.7, "PTS": 12.1, "REB": 9.0, "AST": 2.2, "STL": 1.4, "BLK": 0.4, "TO": 1.5, "FG%": 42.4, "FT%": 61.2, "3P%": 37.0}, "Cormac Ryan": {"GP": 33.0, "MIN": 30.1, "PTS": 11.2, "REB": 2.8, "AST": 1.3, "STL": 0.7, "BLK": 0.4, "TO": 1.2, "FG%": 37.7, "FT%": 86.0, "3P%": 34.2}, "Elliot Cadeau": {"GP": 34.0, "MIN": 24.4, "PTS": 7.6, "REB": 2.2, "AST": 4.2, "STL": 0.9, "BLK": 0.1, "TO": 1.8, "FG%": 42.7, "FT%": 64.8, "3P%": 18.2}, "Seth Trimble": {"GP": 32.0, "MIN": 17.4, "PTS": 5.2, "REB": 2.2, "AST": 0.9, "STL": 0.4, "BLK": 0.2, "TO": 0.7, "FG%": 46.3, "FT%": 65.6, "3P%": 37.0}, "Jalen Washington": {"GP": 34.0, "MIN": 8.6, "PTS": 4.1, "REB": 2.7, "AST": 0.2, "STL": 0.1, "BLK": 0.6, "TO": 0.4, "FG%": 69.3, "FT%": 64.3, "3P%": 53.3}, "Jae'Lyn Withers": {"GP": 34.0, "MIN": 12.1, "PTS": 3.9, "REB": 3.4, "AST": 0.5, "STL": 0.4, "BLK": 0.5, "TO": 0.7, "FG%": 52.4, "FT%": 80.0, "3P%": 22.2}, "Paxson Wojcik": {"GP": 29.0, "MIN": 8.3, "PTS": 1.6, "REB": 0.9, "AST": 0.3, "STL": 0.1, "BLK": 0.0, "TO": 0.3, "FG%": 32.6, "FT%": 70.6, "3P%": 19.2}, "Rob Landry": {"GP": 5.0, "MIN": 2.0, "PTS": 1.2, "REB": 0.8, "AST": 0.0, "STL": 0.0, "BLK": 0.0, "TO": 0.0, "FG%": 50.0, "FT%": 0.0, "3P%": 66.7}, "James Okonkwo": {"GP": 13.0, "MIN": 3.2, "PTS": 1.2, "REB": 1.2, "AST": 0.0, "STL": 0.0, "BLK": 0.3, "TO": 0.2, "FG%": 55.6, "FT%": 100.0, "3P%": 0.0}, "Zayden High": {"GP": 21.0, "MIN": 4.7, "PTS": 0.9, "REB": 1.2, "AST": 0.1, "STL": 0.2, "BLK": 0.1, "TO": 0.4, "FG%": 33.3, "FT%": 66.7, "3P%": 0.0}, "Duwe Farris": {"GP": 6.0, "MIN": 2.0, "PTS": 0.3, "REB": 0.3, "AST": 0.0, "STL": 0.0, "BLK": 0.0, "TO": 0.0, "FG%": 25.0, "FT%": 0.0, "3P%": 0.0}, "Creighton Lebo": {"GP": 7.0, "MIN": 2.7, "PTS": 0.0, "REB": 0.3, "AST": 0.0, "STL": 0.3, "BLK": 0.0, "TO": 0.0, "FG%": 0.0, "FT%": 0.0, "3P%": 0.0}}}]