[{"team": "NC State Wolfpack", "score": 79, "home": true, "stats": {"DJ Horne": {"GP": 37.0, "MIN": 32.3, "PTS": 16.7, "REB": 3.3, "AST": 2.1, "STL": 1.4, "BLK": 0.1, "TO": 1.3, "FG%": 43.9, "FT%": 81.4, "3P%": 40.6}, "DJ Burns Jr.": {"GP": 38.0, "MIN": 24.6, "PTS": 12.8, "REB": 4.1, "AST": 2.7, "STL": 0.5, "BLK": 0.6, "TO": 1.8, "FG%": 52.7, "FT%": 67.7, "3P%": 20.0}, "Jayden Taylor": {"GP": 38.0, "MIN": 27.8, "PTS": 11.5, "REB": 3.7, "AST": 1.4, "STL": 1.2, "BLK": 0.5, "TO": 1.6, "FG%": 41.5, "FT%": 76.8, "3P%": 36.4}, "Casey Morsell": {"GP": 38.0, "MIN": 32.5, "PTS": 11.4, "REB": 2.8, "AST": 1.7, "STL": 1.1, "BLK": 0.5, "TO": 0.9, "FG%": 40.7, "FT%": 80.0, "3P%": 27.3}, "Mohamed Diarra": {"GP": 37.0, "MIN": 21.5, "PTS": 6.4, "REB": 7.7, "AST": 0.6, "STL": 0.7, "BLK": 1.1, "TO": 0.7, "FG%": 48.6, "FT%": 65.7, "3P%": 34.4}, "Ben Middlebrooks": {"GP": 38.0, "MIN": 15.7, "PTS": 5.8, "REB": 4.2, "AST": 0.5, "STL": 0.8, "BLK": 0.5, "TO": 0.7, "FG%": 48.2, "FT%": 73.7, "3P%": 7.7}, "Michael O'Connell": {"GP": 38.0, "MIN": 24.8, "PTS": 5.7, "REB": 3.3, "AST": 3.2, "STL": 0.8, "BLK": 0.1, "TO": 1.2, "FG%": 46.1, "FT%": 84.1, "3P%": 36.6}, "Dennis Parker Jr.": {"GP": 29.0, "MIN": 15.5, "PTS": 4.7, "REB": 3.2, "AST": 0.4, "STL": 0.7, "BLK": 0.2, "TO": 0.7, "FG%": 44.3, "FT%": 53.8, "3P%": 30.8}, "MJ Rice": {"GP": 9.0, "MIN": 8.8, "PTS": 4.1, "REB": 1.9, "AST": 0.1, "STL": 0.2, "BLK": 0.0, "TO": 0.7, "FG%": 48.4, "FT%": 44.4, "3P%": 23.1}, "LJ Thomas": {"GP": 12.0, "MIN": 7.5, "PTS": 2.6, "REB": 1.1, "AST": 0.8, "STL": 0.4, "BLK": 0.0, "TO": 0.1, "FG%": 40.0, "FT%": 63.6, "3P%": 57.1}, "Breon Pass": {"GP": 29.0, "MIN": 5.4, "PTS": 1.2, "REB": 0.4, "AST": 0.3, "STL": 0.1, "BLK": 0.1, "TO": 0.2, "FG%": 43.3, "FT%": 62.5, "3P%": 38.5}, "Kam Woods": {"GP": 13.0, "MIN": 7.4, "PTS": 1.2, "REB": 0.8, "AST": 0.2, "STL": 0.2, "BLK": 0.0, "TO": 0.6, "FG%": 29.4, "FT%": 50.0, "3P%": 40.0}, "Ernest Ross": {"GP": 13.0, "MIN": 3.8, "PTS": 0.3, "REB": 0.5, "AST": 0.0, "STL": 0.1, "BLK": 0.2, "TO": 0.1, "FG%": 18.2, "FT%": 0.0, "3P%": 0.0}, "Alex Nunnally": {"GP": 7.0, "MIN": 1.0, "PTS": 0.0, "REB": 0.1, "AST": 0.0, "STL": 0.0, "BLK": 0.0, "TO": 0.0, "FG%": 0.0, "FT%": 0.0, "3P%": 0.0}, "KJ Keatts": {"GP": 6.0, "MIN": 1.5, "PTS": 0.0, "REB": 0.2, "AST": 0.0, "STL": 0.0, "BLK": 0.0, "TO": 0.2, "FG%": 0.0, "FT%": 0.0, "3P%": 0.0}, "Jordan Snell": {"GP": 6.0, "MIN": 1.0, "PTS": 0.0, "REB": 0.2, "AST": 0.0, "STL": 0.0, "BLK": 0.0, "TO": 0.0, "FG%": 0.0, "FT%": 0.0, "3P%": 0.0}}}, {"team": "Oakland Golden Grizzlies", "score": 73, "home": false, "stats": {"Trey Townsend": {"GP": 36.0, "MIN": 36.4, "PTS": 17.3, "REB": 8.1, "AST": 3.1, "STL": 1.3, "BLK": 0.3, "TO": 2.5, "FG%": 45.5, "FT%": 77.9, "3P%": 37.5}, "Jack Gohlke": {"GP": 36.0, "MIN": 31.5, "PTS": 13.1, "REB": 4.1, "AST": 1.1, "STL": 0.7, "BLK": 0.1, "TO": 0.6, "FG%": 37.9, "FT%": 78.5, "3P%": 37.6}, "Blake Lampman": {"GP": 28.0, "MIN": 34.5, "PTS": 12.6, "REB": 3.2, "AST": 3.0, "STL": 1.1, "BLK": 0.7, "TO": 1.6, "FG%": 37.8, "FT%": 91.5, "3P%": 36.3}, "Chris Conway": {"GP": 35.0, "MIN": 27.0, "PTS": 10.0, "REB": 4.1, "AST": 1.3, "STL": 0.5, "BLK": 0.7, "TO": 0.9, "FG%": 54.2, "FT%": 75.9, "3P%": 21.4}, "DQ Cole": {"GP": 36.0, "MIN": 22.8, "PTS": 8.7, "REB": 4.2, "AST": 2.1, "STL": 0.9, "BLK": 0.3, "TO": 1.4, "FG%": 47.2, "FT%": 63.3, "3P%": 36.2}, "Rocket Watts": {"GP": 33.0, "MIN": 17.2, "PTS": 7.7, "REB": 1.7, "AST": 1.6, "STL": 0.6, "BLK": 0.0, "TO": 1.4, "FG%": 40.9, "FT%": 83.6, "3P%": 25.0}, "Isaiah Jones": {"GP": 33.0, "MIN": 19.0, "PTS": 4.9, "REB": 4.2, "AST": 1.5, "STL": 0.8, "BLK": 0.2, "TO": 1.0, "FG%": 57.3, "FT%": 74.5, "3P%": 23.5}, "Tuburu Naivalurua": {"GP": 35.0, "MIN": 12.5, "PTS": 3.3, "REB": 3.3, "AST": 0.3, "STL": 0.4, "BLK": 0.7, "TO": 0.4, "FG%": 50.5, "FT%": 50.0, "3P%": 100.0}, "Tone Hunter": {"GP": 30.0, "MIN": 9.7, "PTS": 1.8, "REB": 1.2, "AST": 1.6, "STL": 0.6, "BLK": 0.0, "TO": 1.0, "FG%": 40.0, "FT%": 66.7, "3P%": 25.0}, "Michael Rogers": {"GP": 8.0, "MIN": 3.3, "PTS": 1.5, "REB": 0.4, "AST": 0.1, "STL": 0.0, "BLK": 0.0, "TO": 0.5, "FG%": 57.1, "FT%": 50.0, "3P%": 0.0}, "Osei Price": {"GP": 30.0, "MIN": 4.9, "PTS": 1.3, "REB": 0.7, "AST": 0.2, "STL": 0.1, "BLK": 0.0, "TO": 0.3, "FG%": 46.7, "FT%": 50.0, "3P%": 42.1}, "Cooper Craggs": {"GP": 3.0, "MIN": 3.3, "PTS": 0.7, "REB": 1.0, "AST": 0.3, "STL": 0.0, "BLK": 0.0, "TO": 0.3, "FG%": 50.0, "FT%": 0.0, "3P%": 0.0}, "Aundre Polk": {"GP": 10.0, "MIN": 3.9, "PTS": 0.6, "REB": 0.7, "AST": 0.0, "STL": 0.0, "BLK": 0.2, "TO": 0.4, "FG%": 28.6, "FT%": 100.0, "3P%": 0.0}, "Evan Solomon": {"GP": 3.0, "MIN": 1.7, "PTS": 0.0, "REB": 0.0, "AST": 0.0, "STL": 0.0, "BLK": 0.0, "TO": 0.0, "FG%": 0.0, "FT%": 0.0, "3P%": 0.0}}}]