[{"team": "NC State Wolfpack", "score": 67, "home": false, "stats": {"DJ Horne": {"GP": 38.0, "MIN": 32.2, "PTS": 16.8, "REB": 3.4, "AST": 2.1, "STL": 1.3, "BLK": 0.1, "TO": 1.3, "FG%": 43.8, "FT%": 81.1, "3P%": 41.1}, "DJ Burns Jr.": {"GP": 39.0, "MIN": 24.7, "PTS": 12.6, "REB": 4.1, "AST": 2.8, "STL": 0.5, "BLK": 0.6, "TO": 1.9, "FG%": 52.7, "FT%": 67.7, "3P%": 20.0}, "Casey Morsell": {"GP": 39.0, "MIN": 32.6, "PTS": 11.5, "REB": 2.7, "AST": 1.6, "STL": 1.1, "BLK": 0.5, "TO": 0.9, "FG%": 41.2, "FT%": 80.0, "3P%": 27.2}, "Jayden Taylor": {"GP": 39.0, "MIN": 27.7, "PTS": 11.4, "REB": 3.6, "AST": 1.4, "STL": 1.2, "BLK": 0.5, "TO": 1.6, "FG%": 41.2, "FT%": 75.7, "3P%": 36.3}, "Mohamed Diarra": {"GP": 38.0, "MIN": 21.9, "PTS": 6.5, "REB": 7.9, "AST": 0.6, "STL": 0.7, "BLK": 1.1, "TO": 0.7, "FG%": 49.2, "FT%": 66.2, "3P%": 33.3}, "Michael O'Connell": {"GP": 39.0, "MIN": 25.1, "PTS": 5.8, "REB": 3.3, "AST": 3.2, "STL": 0.9, "BLK": 0.1, "TO": 1.2, "FG%": 45.2, "FT%": 80.4, "3P%": 37.3}, "Ben Middlebrooks": {"GP": 39.0, "MIN": 15.6, "PTS": 5.7, "REB": 4.3, "AST": 0.6, "STL": 0.8, "BLK": 0.5, "TO": 0.6, "FG%": 48.9, "FT%": 73.7, "3P%": 7.7}, "Dennis Parker Jr.": {"GP": 29.0, "MIN": 15.5, "PTS": 4.7, "REB": 3.2, "AST": 0.4, "STL": 0.7, "BLK": 0.2, "TO": 0.7, "FG%": 44.3, "FT%": 53.8, "3P%": 30.8}, "MJ Rice": {"GP": 9.0, "MIN": 8.8, "PTS": 4.1, "REB": 1.9, "AST": 0.1, "STL": 0.2, "BLK": 0.0, "TO": 0.7, "FG%": 48.4, "FT%": 44.4, "3P%": 23.1}, "LJ Thomas": {"GP": 12.0, "MIN": 7.5, "PTS": 2.6, "REB": 1.1, "AST": 0.8, "STL": 0.4, "BLK": 0.0, "TO": 0.1, "FG%": 40.0, "FT%": 63.6, "3P%": 57.1}, "Breon Pass": {"GP": 30.0, "MIN": 5.2, "PTS": 1.2, "REB": 0.4, "AST": 0.3, "STL": 0.1, "BLK": 0.1, "TO": 0.2, "FG%": 43.3, "FT%": 62.5, "3P%": 38.5}, "Kam Woods": {"GP": 13.0, "MIN": 7.4, "PTS": 1.2, "REB": 0.8, "AST": 0.2, "STL": 0.2, "BLK": 0.0, "TO": 0.6, "FG%": 29.4, "FT%": 50.0, "3P%": 40.0}, "Ernest Ross": {"GP": 14.0, "MIN": 3.6, "PTS": 0.3, "REB": 0.4, "AST": 0.0, "STL": 0.1, "BLK": 0.1, "TO": 0.1, "FG%": 18.2, "FT%": 0.0, "3P%": 0.0}, "Alex Nunnally": {"GP": 7.0, "MIN": 1.0, "PTS": 0.0, "REB": 0.1, "AST": 0.0, "STL": 0.0, "BLK": 0.0, "TO": 0.0, "FG%": 0.0, "FT%": 0.0, "3P%": 0.0}, "KJ Keatts": {"GP": 6.0, "MIN": 1.5, "PTS": 0.0, "REB": 0.2, "AST": 0.0, "STL": 0.0, "BLK": 0.0, "TO": 0.2, "FG%": 0.0, "FT%": 0.0, "3P%": 0.0}, "Jordan Snell": {"GP": 6.0, "MIN": 1.0, "PTS": 0.0, "REB": 0.2, "AST": 0.0, "STL": 0.0, "BLK": 0.0, "TO": 0.0, "FG%": 0.0, "FT%": 0.0, "3P%": 0.0}}}, {"team": "Marquette Golden Eagles", "score": 58, "home": true, "stats": {"Kam Jones": {"GP": 36.0, "MIN": 28.9, "PTS": 17.2, "REB": 2.9, "AST": 2.4, "STL": 1.1, "BLK": 0.1, "TO": 1.4, "FG%": 50.1, "FT%": 72.4, "3P%": 40.6}, "Tyler Kolek": {"GP": 31.0, "MIN": 33.0, "PTS": 15.3, "REB": 4.9, "AST": 7.7, "STL": 1.6, "BLK": 0.2, "TO": 2.9, "FG%": 49.6, "FT%": 85.1, "3P%": 38.8}, "Oso Ighodaro": {"GP": 36.0, "MIN": 32.5, "PTS": 13.4, "REB": 6.9, "AST": 2.9, "STL": 1.1, "BLK": 1.3, "TO": 1.8, "FG%": 57.6, "FT%": 62.3, "3P%": 0.0}, "David Joplin": {"GP": 37.0, "MIN": 27.7, "PTS": 10.8, "REB": 3.9, "AST": 0.6, "STL": 0.8, "BLK": 0.9, "TO": 1.2, "FG%": 41.3, "FT%": 68.1, "3P%": 35.5}, "Stevie Mitchell": {"GP": 33.0, "MIN": 26.5, "PTS": 8.8, "REB": 4.1, "AST": 0.8, "STL": 1.9, "BLK": 0.2, "TO": 0.8, "FG%": 51.6, "FT%": 76.6, "3P%": 26.5}, "Chase Ross": {"GP": 32.0, "MIN": 21.8, "PTS": 6.1, "REB": 3.1, "AST": 0.7, "STL": 1.3, "BLK": 0.4, "TO": 0.8, "FG%": 42.5, "FT%": 71.9, "3P%": 36.2}, "Sean Jones": {"GP": 16.0, "MIN": 16.3, "PTS": 5.8, "REB": 1.5, "AST": 2.0, "STL": 0.9, "BLK": 0.0, "TO": 1.1, "FG%": 41.8, "FT%": 75.0, "3P%": 25.7}, "Ben Gold": {"GP": 37.0, "MIN": 16.8, "PTS": 5.0, "REB": 3.0, "AST": 0.6, "STL": 0.4, "BLK": 0.4, "TO": 0.5, "FG%": 44.7, "FT%": 52.9, "3P%": 35.9}, "Tre Norman": {"GP": 34.0, "MIN": 9.1, "PTS": 2.0, "REB": 1.2, "AST": 0.4, "STL": 0.4, "BLK": 0.1, "TO": 0.3, "FG%": 37.8, "FT%": 55.6, "3P%": 18.9}, "Zaide Lowery": {"GP": 31.0, "MIN": 9.5, "PTS": 1.6, "REB": 1.4, "AST": 0.3, "STL": 0.3, "BLK": 0.1, "TO": 0.3, "FG%": 32.7, "FT%": 64.3, "3P%": 31.0}, "Al Amadou": {"GP": 14.0, "MIN": 3.6, "PTS": 1.2, "REB": 0.4, "AST": 0.3, "STL": 0.0, "BLK": 0.2, "TO": 0.2, "FG%": 66.7, "FT%": 25.0, "3P%": 0.0}, "Jonah Lucas": {"GP": 11.0, "MIN": 1.3, "PTS": 0.5, "REB": 0.0, "AST": 0.0, "STL": 0.0, "BLK": 0.0, "TO": 0.2, "FG%": 28.6, "FT%": 0.0, "3P%": 33.3}, "Cameron Brown": {"GP": 11.0, "MIN": 1.5, "PTS": 0.3, "REB": 0.2, "AST": 0.0, "STL": 0.0, "BLK": 0.0, "TO": 0.0, "FG%": 14.3, "FT%": 0.0, "3P%": 33.3}, "Casey O'Malley": {"GP": 9.0, "MIN": 1.4, "PTS": 0.0, "REB": 0.2, "AST": 0.1, "STL": 0.1, "BLK": 0.0, "TO": 0.2, "FG%": 0.0, "FT%": 0.0, "3P%": 0.0}, "Jack Riley": {"GP": 11.0, "MIN": 1.4, "PTS": 0.0, "REB": 0.5, "AST": 0.0, "STL": 0.0, "BLK": 0.0, "TO": 0.0, "FG%": 0.0, "FT%": 0.0, "3P%": 0.0}}}]