[{"team": "North Carolina Tar Heels", "score": 90, "home": true, "stats": {"RJ Davis": {"GP": 35.0, "MIN": 34.7, "PTS": 21.4, "REB": 3.7, "AST": 3.5, "STL": 1.2, "BLK": 0.2, "TO": 1.5, "FG%": 43.5, "FT%": 87.5, "3P%": 41.0}, "Armando Bacot": {"GP": 35.0, "MIN": 30.2, "PTS": 14.3, "REB": 10.3, "AST": 1.5, "STL": 0.6, "BLK": 1.5, "TO": 1.6, "FG%": 54.7, "FT%": 78.0, "3P%": 40.0}, "Harrison Ingram": {"GP": 35.0, "MIN": 32.6, "PTS": 12.1, "REB": 8.9, "AST": 2.1, "STL": 1.4, "BLK": 0.4, "TO": 1.5, "FG%": 42.7, "FT%": 61.2, "3P%": 37.2}, "Cormac Ryan": {"GP": 34.0, "MIN": 30.1, "PTS": 11.3, "REB": 2.8, "AST": 1.3, "STL": 0.7, "BLK": 0.4, "TO": 1.2, "FG%": 38.0, "FT%": 86.2, "3P%": 34.2}, "Elliot Cadeau": {"GP": 35.0, "MIN": 24.3, "PTS": 7.3, "REB": 2.3, "AST": 4.1, "STL": 0.8, "BLK": 0.1, "TO": 1.9, "FG%": 42.3, "FT%": 64.8, "3P%": 18.2}, "Seth Trimble": {"GP": 33.0, "MIN": 17.3, "PTS": 5.2, "REB": 2.2, "AST": 0.9, "STL": 0.4, "BLK": 0.2, "TO": 0.6, "FG%": 46.8, "FT%": 65.6, "3P%": 39.3}, "Jae'Lyn Withers": {"GP": 35.0, "MIN": 12.4, "PTS": 4.2, "REB": 3.6, "AST": 0.5, "STL": 0.4, "BLK": 0.5, "TO": 0.7, "FG%": 53.8, "FT%": 78.0, "3P%": 22.2}, "Jalen Washington": {"GP": 35.0, "MIN": 8.5, "PTS": 4.0, "REB": 2.6, "AST": 0.2, "STL": 0.1, "BLK": 0.6, "TO": 0.4, "FG%": 69.3, "FT%": 64.3, "3P%": 53.3}, "Paxson Wojcik": {"GP": 30.0, "MIN": 8.3, "PTS": 1.6, "REB": 0.9, "AST": 0.3, "STL": 0.1, "BLK": 0.0, "TO": 0.3, "FG%": 33.3, "FT%": 70.6, "3P%": 21.4}, "Rob Landry": {"GP": 6.0, "MIN": 1.8, "PTS": 1.3, "REB": 0.7, "AST": 0.0, "STL": 0.0, "BLK": 0.0, "TO": 0.0, "FG%": 60.0, "FT%": 0.0, "3P%": 66.7}, "James Okonkwo": {"GP": 14.0, "MIN": 3.1, "PTS": 1.1, "REB": 1.1, "AST": 0.0, "STL": 0.0, "BLK": 0.3, "TO": 0.2, "FG%": 55.6, "FT%": 100.0, "3P%": 0.0}, "Zayden High": {"GP": 22.0, "MIN": 4.6, "PTS": 0.8, "REB": 1.2, "AST": 0.1, "STL": 0.2, "BLK": 0.1, "TO": 0.4, "FG%": 31.6, "FT%": 66.7, "3P%": 0.0}, "Duwe Farris": {"GP": 7.0, "MIN": 1.9, "PTS": 0.3, "REB": 0.3, "AST": 0.1, "STL": 0.0, "BLK": 0.0, "TO": 0.0, "FG%": 25.0, "FT%": 0.0, "3P%": 0.0}, "Creighton Lebo": {"GP": 8.0, "MIN": 2.6, "PTS": 0.0, "REB": 0.3, "AST": 0.0, "STL": 0.3, "BLK": 0.0, "TO": 0.0, "FG%": 0.0, "FT%": 0.0, "3P%": 0.0}}}, {"team": "Wagner Seahawks", "score": 62, "home": false, "stats": {"Melvin Council Jr.": {"GP": 33.0, "MIN": 35.8, "PTS": 14.9, "REB": 5.7, "AST": 3.5, "STL": 1.4, "BLK": 0.6, "TO": 1.9, "FG%": 38.6, "FT%": 74.8, "3P%": 26.5}, "Tahron Allen": {"GP": 32.0, "MIN": 27.6, "PTS": 10.5, "REB": 5.1, "AST": 0.9, "STL": 0.6, "BLK": 0.2, "TO": 1.3, "FG%": 40.5, "FT%": 70.7, "3P%": 44.1}, "Julian Brown": {"GP": 32.0, "MIN": 31.0, "PTS": 10.0, "REB": 2.9, "AST": 1.8, "STL": 0.5, "BLK": 0.2, "TO": 1.0, "FG%": 36.8, "FT%": 85.1, "3P%": 36.1}, "Zaire Williams": {"GP": 9.0, "MIN": 24.7, "PTS": 9.3, "REB": 2.1, "AST": 1.2, "STL": 1.3, "BLK": 0.0, "TO": 1.1, "FG%": 35.2, "FT%": 63.3, "3P%": 30.0}, "Rahmir Moore": {"GP": 3.0, "MIN": 30.3, "PTS": 8.7, "REB": 3.0, "AST": 2.0, "STL": 1.0, "BLK": 0.3, "TO": 2.7, "FG%": 36.0, "FT%": 87.5, "3P%": 20.0}, "Javier Ezquerra": {"GP": 33.0, "MIN": 34.7, "PTS": 7.0, "REB": 3.9, "AST": 4.4, "STL": 1.4, "BLK": 0.0, "TO": 2.0, "FG%": 33.7, "FT%": 56.5, "3P%": 31.9}, "Keyontae Lewis": {"GP": 33.0, "MIN": 21.3, "PTS": 6.9, "REB": 5.4, "AST": 0.4, "STL": 0.1, "BLK": 0.6, "TO": 0.8, "FG%": 56.4, "FT%": 61.1, "3P%": 0.0}, "Tyje Kelton": {"GP": 33.0, "MIN": 20.7, "PTS": 5.9, "REB": 4.0, "AST": 0.5, "STL": 0.6, "BLK": 0.4, "TO": 0.4, "FG%": 35.8, "FT%": 60.9, "3P%": 35.2}, "Rob Taylor II": {"GP": 8.0, "MIN": 15.9, "PTS": 5.1, "REB": 3.8, "AST": 0.3, "STL": 0.6, "BLK": 0.4, "TO": 0.8, "FG%": 44.4, "FT%": 60.0, "3P%": 0.0}, "Di'Andre Howell-South": {"GP": 11.0, "MIN": 17.5, "PTS": 4.1, "REB": 1.9, "AST": 1.1, "STL": 0.5, "BLK": 0.2, "TO": 0.0, "FG%": 35.4, "FT%": 75.0, "3P%": 14.3}, "Seck Zongo": {"GP": 30.0, "MIN": 15.2, "PTS": 3.5, "REB": 3.3, "AST": 0.5, "STL": 0.5, "BLK": 0.2, "TO": 0.6, "FG%": 48.0, "FT%": 63.3, "3P%": 10.0}, "Damien Mazil": {"GP": 2.0, "MIN": 1.0, "PTS": 1.0, "REB": 0.0, "AST": 0.0, "STL": 0.0, "BLK": 0.0, "TO": 0.0, "FG%": 100.0, "FT%": 0.0, "3P%": 0.0}}}]