[{"team": "North Carolina Tar Heels", "score": 85, "home": true, "stats": {"RJ Davis": {"GP": 36.0, "MIN": 34.7, "PTS": 21.3, "REB": 3.6, "AST": 3.4, "STL": 1.2, "BLK": 0.2, "TO": 1.5, "FG%": 43.6, "FT%": 87.2, "3P%": 41.1}, "Armando Bacot": {"GP": 36.0, "MIN": 30.2, "PTS": 14.4, "REB": 10.2, "AST": 1.6, "STL": 0.6, "BLK": 1.5, "TO": 1.6, "FG%": 54.5, "FT%": 78.1, "3P%": 40.0}, "Harrison Ingram": {"GP": 36.0, "MIN": 32.6, "PTS": 12.2, "REB": 8.8, "AST": 2.1, "STL": 1.4, "BLK": 0.4, "TO": 1.4, "FG%": 43.1, "FT%": 61.2, "3P%": 38.7}, "Cormac Ryan": {"GP": 35.0, "MIN": 30.1, "PTS": 11.3, "REB": 2.8, "AST": 1.2, "STL": 0.7, "BLK": 0.4, "TO": 1.2, "FG%": 37.8, "FT%": 87.1, "3P%": 34.3}, "Elliot Cadeau": {"GP": 36.0, "MIN": 24.2, "PTS": 7.3, "REB": 2.2, "AST": 4.1, "STL": 0.8, "BLK": 0.1, "TO": 1.8, "FG%": 42.1, "FT%": 64.8, "3P%": 16.7}, "Seth Trimble": {"GP": 34.0, "MIN": 17.3, "PTS": 5.1, "REB": 2.2, "AST": 0.9, "STL": 0.4, "BLK": 0.2, "TO": 0.6, "FG%": 46.9, "FT%": 65.6, "3P%": 37.9}, "Jae'Lyn Withers": {"GP": 36.0, "MIN": 12.4, "PTS": 4.2, "REB": 3.6, "AST": 0.6, "STL": 0.4, "BLK": 0.5, "TO": 0.7, "FG%": 53.7, "FT%": 78.0, "3P%": 21.1}, "Jalen Washington": {"GP": 36.0, "MIN": 8.5, "PTS": 4.0, "REB": 2.6, "AST": 0.2, "STL": 0.1, "BLK": 0.6, "TO": 0.4, "FG%": 70.1, "FT%": 64.3, "3P%": 53.3}, "Paxson Wojcik": {"GP": 31.0, "MIN": 8.1, "PTS": 1.5, "REB": 0.9, "AST": 0.4, "STL": 0.1, "BLK": 0.0, "TO": 0.3, "FG%": 32.6, "FT%": 70.6, "3P%": 20.7}, "Rob Landry": {"GP": 7.0, "MIN": 1.7, "PTS": 1.1, "REB": 0.6, "AST": 0.0, "STL": 0.0, "BLK": 0.0, "TO": 0.0, "FG%": 60.0, "FT%": 0.0, "3P%": 66.7}, "James Okonkwo": {"GP": 15.0, "MIN": 2.9, "PTS": 1.0, "REB": 1.0, "AST": 0.0, "STL": 0.0, "BLK": 0.3, "TO": 0.2, "FG%": 55.6, "FT%": 100.0, "3P%": 0.0}, "Zayden High": {"GP": 23.0, "MIN": 4.5, "PTS": 0.8, "REB": 1.1, "AST": 0.1, "STL": 0.2, "BLK": 0.1, "TO": 0.4, "FG%": 31.6, "FT%": 66.7, "3P%": 0.0}, "Duwe Farris": {"GP": 8.0, "MIN": 1.8, "PTS": 0.3, "REB": 0.3, "AST": 0.1, "STL": 0.0, "BLK": 0.0, "TO": 0.0, "FG%": 25.0, "FT%": 0.0, "3P%": 0.0}, "Creighton Lebo": {"GP": 9.0, "MIN": 2.4, "PTS": 0.0, "REB": 0.3, "AST": 0.0, "STL": 0.2, "BLK": 0.0, "TO": 0.0, "FG%": 0.0, "FT%": 0.0, "3P%": 0.0}}}, {"team": "Michigan State Spartans", "score": 69, "home": false, "stats": {"Tyson Walker": {"GP": 34.0, "MIN": 32.9, "PTS": 18.4, "REB": 2.9, "AST": 2.8, "STL": 1.9, "BLK": 0.1, "TO": 1.4, "FG%": 44.9, "FT%": 74.6, "3P%": 37.6}, "Malik Hall": {"GP": 35.0, "MIN": 28.6, "PTS": 12.7, "REB": 5.7, "AST": 1.9, "STL": 0.5, "BLK": 0.3, "TO": 1.4, "FG%": 52.5, "FT%": 72.8, "3P%": 32.8}, "A.J. Hoggard": {"GP": 35.0, "MIN": 28.7, "PTS": 10.7, "REB": 3.1, "AST": 5.2, "STL": 1.4, "BLK": 0.3, "TO": 1.8, "FG%": 40.7, "FT%": 78.7, "3P%": 34.7}, "Jaden Akins": {"GP": 35.0, "MIN": 28.5, "PTS": 10.4, "REB": 3.9, "AST": 1.2, "STL": 1.1, "BLK": 0.4, "TO": 1.0, "FG%": 41.0, "FT%": 73.9, "3P%": 36.4}, "Tre Holloman": {"GP": 35.0, "MIN": 19.7, "PTS": 5.7, "REB": 1.6, "AST": 2.4, "STL": 0.6, "BLK": 0.3, "TO": 0.9, "FG%": 47.1, "FT%": 80.0, "3P%": 42.5}, "Xavier Booker": {"GP": 27.0, "MIN": 9.3, "PTS": 3.7, "REB": 1.7, "AST": 0.2, "STL": 0.1, "BLK": 0.5, "TO": 0.3, "FG%": 43.9, "FT%": 63.2, "3P%": 33.3}, "Jeremy Fears Jr.": {"GP": 12.0, "MIN": 15.3, "PTS": 3.5, "REB": 1.9, "AST": 3.3, "STL": 0.8, "BLK": 0.2, "TO": 1.1, "FG%": 50.0, "FT%": 64.7, "3P%": 16.7}, "Carson Cooper": {"GP": 35.0, "MIN": 17.0, "PTS": 3.4, "REB": 4.4, "AST": 0.5, "STL": 0.4, "BLK": 0.7, "TO": 0.7, "FG%": 53.3, "FT%": 63.3, "3P%": 0.0}, "Mady Sissoko": {"GP": 35.0, "MIN": 15.2, "PTS": 3.3, "REB": 5.1, "AST": 0.3, "STL": 0.2, "BLK": 0.4, "TO": 0.9, "FG%": 56.8, "FT%": 70.5, "3P%": 0.0}, "Coen Carr": {"GP": 35.0, "MIN": 11.6, "PTS": 3.1, "REB": 1.8, "AST": 0.3, "STL": 0.5, "BLK": 0.5, "TO": 0.5, "FG%": 65.1, "FT%": 56.0, "3P%": 0.0}, "Jaxon Kohler": {"GP": 21.0, "MIN": 9.2, "PTS": 2.0, "REB": 2.0, "AST": 0.2, "STL": 0.1, "BLK": 0.5, "TO": 0.4, "FG%": 43.5, "FT%": 28.6, "3P%": 0.0}, "Davis Smith": {"GP": 12.0, "MIN": 2.3, "PTS": 1.1, "REB": 0.2, "AST": 0.2, "STL": 0.0, "BLK": 0.1, "TO": 0.1, "FG%": 30.0, "FT%": 71.4, "3P%": 40.0}, "Nick Sanders": {"GP": 9.0, "MIN": 1.3, "PTS": 0.3, "REB": 0.0, "AST": 0.0, "STL": 0.0, "BLK": 0.0, "TO": 0.0, "FG%": 25.0, "FT%": 0.0, "3P%": 33.3}, "Steven Izzo": {"GP": 10.0, "MIN": 1.3, "PTS": 0.3, "REB": 0.4, "AST": 0.2, "STL": 0.0, "BLK": 0.0, "TO": 0.1, "FG%": 20.0, "FT%": 33.3, "3P%": 0.0}}}]