[{"team": "Northwestern Wildcats", "score": 77, "home": false, "stats": {"Boo Buie": {"GP": 33.0, "MIN": 36.8, "PTS": 19.3, "REB": 3.4, "AST": 5.1, "STL": 1.4, "BLK": 0.1, "TO": 2.3, "FG%": 44.7, "FT%": 85.3, "3P%": 44.1}, "Brooks Barnhizer": {"GP": 33.0, "MIN": 36.8, "PTS": 14.5, "REB": 7.5, "AST": 2.7, "STL": 1.8, "BLK": 0.8, "TO": 1.5, "FG%": 42.9, "FT%": 75.7, "3P%": 35.5}, "Ryan Langborg": {"GP": 31.0, "MIN": 33.4, "PTS": 12.7, "REB": 3.1, "AST": 2.6, "STL": 1.3, "BLK": 0.2, "TO": 0.9, "FG%": 43.4, "FT%": 77.4, "3P%": 41.3}, "Ty Berry": {"GP": 23.0, "MIN": 29.7, "PTS": 11.6, "REB": 3.9, "AST": 1.4, "STL": 1.3, "BLK": 0.0, "TO": 1.1, "FG%": 44.9, "FT%": 89.5, "3P%": 43.3}, "Nick Martinelli": {"GP": 33.0, "MIN": 25.8, "PTS": 8.8, "REB": 4.2, "AST": 1.1, "STL": 0.5, "BLK": 0.2, "TO": 0.7, "FG%": 49.4, "FT%": 78.0, "3P%": 28.3}, "Matthew Nicholson": {"GP": 29.0, "MIN": 22.3, "PTS": 5.3, "REB": 4.3, "AST": 1.8, "STL": 0.5, "BLK": 1.4, "TO": 0.6, "FG%": 65.7, "FT%": 52.5, "3P%": 0.0}, "Luke Hunger": {"GP": 30.0, "MIN": 12.2, "PTS": 3.7, "REB": 1.9, "AST": 0.6, "STL": 0.1, "BLK": 0.2, "TO": 0.5, "FG%": 45.5, "FT%": 68.4, "3P%": 20.7}, "Blake Smith": {"GP": 10.0, "MIN": 14.5, "PTS": 2.6, "REB": 1.8, "AST": 0.5, "STL": 0.6, "BLK": 0.2, "TO": 0.6, "FG%": 77.8, "FT%": 61.1, "3P%": 33.3}, "Blake Preston": {"GP": 27.0, "MIN": 10.4, "PTS": 2.0, "REB": 2.1, "AST": 0.9, "STL": 0.2, "BLK": 0.3, "TO": 0.5, "FG%": 47.7, "FT%": 41.9, "3P%": 0.0}, "Justin Mullins": {"GP": 18.0, "MIN": 4.7, "PTS": 0.4, "REB": 0.4, "AST": 0.2, "STL": 0.2, "BLK": 0.3, "TO": 0.3, "FG%": 30.0, "FT%": 33.3, "3P%": 50.0}, "Gus Hurlburt": {"GP": 5.0, "MIN": 1.0, "PTS": 0.4, "REB": 0.0, "AST": 0.0, "STL": 0.0, "BLK": 0.0, "TO": 0.0, "FG%": 100.0, "FT%": 0.0, "3P%": 0.0}, "Jordan Clayton": {"GP": 27.0, "MIN": 7.3, "PTS": 0.3, "REB": 0.6, "AST": 0.4, "STL": 0.2, "BLK": 0.0, "TO": 0.4, "FG%": 17.4, "FT%": 0.0, "3P%": 8.3}}}, {"team": "Florida Atlantic Owls", "score": 65, "home": true, "stats": {"Johnell Davis": {"GP": 34.0, "MIN": 32.3, "PTS": 18.2, "REB": 6.3, "AST": 2.9, "STL": 1.4, "BLK": 0.2, "TO": 2.9, "FG%": 48.3, "FT%": 85.7, "3P%": 41.4}, "Vladislav Goldin": {"GP": 34.0, "MIN": 25.0, "PTS": 15.7, "REB": 6.9, "AST": 0.7, "STL": 0.5, "BLK": 1.6, "TO": 1.6, "FG%": 67.3, "FT%": 66.3, "3P%": 0.0}, "Alijah Martin": {"GP": 34.0, "MIN": 30.6, "PTS": 13.1, "REB": 5.9, "AST": 1.6, "STL": 1.6, "BLK": 0.3, "TO": 1.4, "FG%": 41.4, "FT%": 75.0, "3P%": 33.8}, "Nicholas Boyd": {"GP": 27.0, "MIN": 23.9, "PTS": 9.3, "REB": 2.7, "AST": 1.8, "STL": 0.9, "BLK": 0.0, "TO": 1.1, "FG%": 40.0, "FT%": 84.2, "3P%": 34.1}, "Brandon Weatherspoon": {"GP": 34.0, "MIN": 23.7, "PTS": 7.2, "REB": 3.4, "AST": 1.5, "STL": 1.0, "BLK": 0.1, "TO": 0.5, "FG%": 45.8, "FT%": 84.4, "3P%": 34.5}, "Bryan Greenlee": {"GP": 34.0, "MIN": 25.1, "PTS": 6.1, "REB": 2.2, "AST": 2.6, "STL": 0.7, "BLK": 0.0, "TO": 1.4, "FG%": 38.9, "FT%": 59.5, "3P%": 33.9}, "Jalen Gaffney": {"GP": 34.0, "MIN": 24.8, "PTS": 5.6, "REB": 3.3, "AST": 2.4, "STL": 0.6, "BLK": 0.1, "TO": 1.0, "FG%": 43.5, "FT%": 72.7, "3P%": 39.1}, "Giancarlo Rosado": {"GP": 25.0, "MIN": 12.6, "PTS": 4.8, "REB": 3.0, "AST": 1.3, "STL": 0.1, "BLK": 0.3, "TO": 1.2, "FG%": 52.6, "FT%": 57.8, "3P%": 100.0}, "Tre Carroll": {"GP": 24.0, "MIN": 7.9, "PTS": 4.0, "REB": 1.8, "AST": 0.4, "STL": 0.3, "BLK": 0.1, "TO": 0.4, "FG%": 49.3, "FT%": 70.4, "3P%": 20.0}, "Brenen Lorient": {"GP": 31.0, "MIN": 8.4, "PTS": 2.2, "REB": 1.3, "AST": 0.4, "STL": 0.3, "BLK": 0.4, "TO": 0.4, "FG%": 45.8, "FT%": 39.3, "3P%": 23.1}, "Alejandro Ralat": {"GP": 1.0, "MIN": 5.0, "PTS": 2.0, "REB": 0.0, "AST": 1.0, "STL": 0.0, "BLK": 0.0, "TO": 0.0, "FG%": 50.0, "FT%": 0.0, "3P%": 0.0}, "Leo Beath": {"GP": 5.0, "MIN": 2.2, "PTS": 1.0, "REB": 0.2, "AST": 0.0, "STL": 0.0, "BLK": 0.0, "TO": 0.0, "FG%": 50.0, "FT%": 50.0, "3P%": 0.0}, "Isaiah Gaines": {"GP": 12.0, "MIN": 2.2, "PTS": 0.7, "REB": 0.4, "AST": 0.2, "STL": 0.1, "BLK": 0.1, "TO": 0.1, "FG%": 100.0, "FT%": 0.0, "3P%": 0.0}, "Jack Johnson": {"GP": 5.0, "MIN": 1.0, "PTS": 0.0, "REB": 0.0, "AST": 0.0, "STL": 0.0, "BLK": 0.0, "TO": 0.0, "FG%": 0.0, "FT%": 0.0, "3P%": 0.0}}}]