[{"team": "Oakland Golden Grizzlies", "score": 80, "home": false, "stats": {"Trey Townsend": {"GP": 35.0, "MIN": 36.1, "PTS": 16.9, "REB": 7.9, "AST": 3.1, "STL": 1.3, "BLK": 0.3, "TO": 2.6, "FG%": 45.5, "FT%": 78.0, "3P%": 34.5}, "Blake Lampman": {"GP": 27.0, "MIN": 34.6, "PTS": 12.8, "REB": 3.3, "AST": 3.0, "STL": 1.2, "BLK": 0.7, "TO": 1.7, "FG%": 38.2, "FT%": 93.3, "3P%": 36.5}, "Jack Gohlke": {"GP": 35.0, "MIN": 31.2, "PTS": 12.8, "REB": 4.0, "AST": 1.1, "STL": 0.7, "BLK": 0.1, "TO": 0.6, "FG%": 38.0, "FT%": 78.3, "3P%": 37.8}, "Chris Conway": {"GP": 34.0, "MIN": 26.6, "PTS": 10.0, "REB": 4.1, "AST": 1.3, "STL": 0.5, "BLK": 0.6, "TO": 0.9, "FG%": 54.3, "FT%": 75.9, "3P%": 16.7}, "DQ Cole": {"GP": 35.0, "MIN": 22.3, "PTS": 8.8, "REB": 4.1, "AST": 2.1, "STL": 0.8, "BLK": 0.2, "TO": 1.5, "FG%": 47.9, "FT%": 63.3, "3P%": 36.8}, "Rocket Watts": {"GP": 32.0, "MIN": 17.2, "PTS": 7.8, "REB": 1.7, "AST": 1.6, "STL": 0.7, "BLK": 0.0, "TO": 1.4, "FG%": 41.2, "FT%": 83.6, "3P%": 25.4}, "Isaiah Jones": {"GP": 32.0, "MIN": 19.5, "PTS": 5.1, "REB": 4.4, "AST": 1.6, "STL": 0.9, "BLK": 0.2, "TO": 1.1, "FG%": 57.3, "FT%": 74.5, "3P%": 23.5}, "Tuburu Naivalurua": {"GP": 34.0, "MIN": 12.8, "PTS": 3.4, "REB": 3.4, "AST": 0.3, "STL": 0.4, "BLK": 0.7, "TO": 0.4, "FG%": 50.5, "FT%": 50.0, "3P%": 100.0}, "Tone Hunter": {"GP": 29.0, "MIN": 9.9, "PTS": 1.9, "REB": 1.2, "AST": 1.6, "STL": 0.6, "BLK": 0.0, "TO": 1.0, "FG%": 40.0, "FT%": 66.7, "3P%": 25.0}, "Michael Rogers": {"GP": 8.0, "MIN": 3.3, "PTS": 1.5, "REB": 0.4, "AST": 0.1, "STL": 0.0, "BLK": 0.0, "TO": 0.5, "FG%": 57.1, "FT%": 50.0, "3P%": 0.0}, "Osei Price": {"GP": 29.0, "MIN": 5.1, "PTS": 1.3, "REB": 0.7, "AST": 0.2, "STL": 0.1, "BLK": 0.0, "TO": 0.3, "FG%": 46.7, "FT%": 50.0, "3P%": 42.1}, "Cooper Craggs": {"GP": 3.0, "MIN": 3.3, "PTS": 0.7, "REB": 1.0, "AST": 0.3, "STL": 0.0, "BLK": 0.0, "TO": 0.3, "FG%": 50.0, "FT%": 0.0, "3P%": 0.0}, "Aundre Polk": {"GP": 10.0, "MIN": 3.9, "PTS": 0.6, "REB": 0.7, "AST": 0.0, "STL": 0.0, "BLK": 0.2, "TO": 0.4, "FG%": 28.6, "FT%": 100.0, "3P%": 0.0}, "Evan Solomon": {"GP": 3.0, "MIN": 1.7, "PTS": 0.0, "REB": 0.0, "AST": 0.0, "STL": 0.0, "BLK": 0.0, "TO": 0.0, "FG%": 0.0, "FT%": 0.0, "3P%": 0.0}}}, {"team": "Kentucky Wildcats", "score": 76, "home": true, "stats": {"Antonio Reeves": {"GP": 33.0, "MIN": 31.5, "PTS": 20.2, "REB": 4.2, "AST": 1.6, "STL": 0.7, "BLK": 0.2, "TO": 1.2, "FG%": 51.2, "FT%": 86.3, "3P%": 44.7}, "Rob Dillingham": {"GP": 32.0, "MIN": 23.3, "PTS": 15.2, "REB": 2.9, "AST": 3.9, "STL": 1.0, "BLK": 0.1, "TO": 2.0, "FG%": 47.5, "FT%": 79.6, "3P%": 44.4}, "Reed Sheppard": {"GP": 33.0, "MIN": 28.9, "PTS": 12.5, "REB": 4.1, "AST": 4.5, "STL": 2.5, "BLK": 0.7, "TO": 2.0, "FG%": 53.6, "FT%": 83.1, "3P%": 52.1}, "Tre Mitchell": {"GP": 27.0, "MIN": 30.2, "PTS": 10.7, "REB": 7.2, "AST": 2.6, "STL": 0.7, "BLK": 1.0, "TO": 1.4, "FG%": 48.4, "FT%": 74.4, "3P%": 30.5}, "D.J. Wagner": {"GP": 29.0, "MIN": 25.8, "PTS": 9.9, "REB": 1.9, "AST": 3.3, "STL": 0.8, "BLK": 0.2, "TO": 1.5, "FG%": 40.5, "FT%": 76.6, "3P%": 29.2}, "Justin Edwards": {"GP": 32.0, "MIN": 21.5, "PTS": 8.8, "REB": 3.4, "AST": 0.9, "STL": 0.9, "BLK": 0.2, "TO": 0.8, "FG%": 48.6, "FT%": 77.6, "3P%": 36.5}, "Adou Thiero": {"GP": 25.0, "MIN": 21.3, "PTS": 7.2, "REB": 5.0, "AST": 1.1, "STL": 0.7, "BLK": 1.1, "TO": 0.7, "FG%": 49.2, "FT%": 80.0, "3P%": 31.8}, "Zvonimir Ivisic": {"GP": 15.0, "MIN": 11.7, "PTS": 5.5, "REB": 3.3, "AST": 0.6, "STL": 0.3, "BLK": 1.3, "TO": 1.0, "FG%": 57.7, "FT%": 77.3, "3P%": 37.5}, "Aaron Bradshaw": {"GP": 26.0, "MIN": 13.8, "PTS": 4.9, "REB": 3.3, "AST": 0.3, "STL": 0.3, "BLK": 0.7, "TO": 0.3, "FG%": 57.6, "FT%": 56.8, "3P%": 28.6}, "Ugonna Onyenso": {"GP": 24.0, "MIN": 18.6, "PTS": 3.6, "REB": 4.8, "AST": 0.2, "STL": 0.3, "BLK": 2.8, "TO": 0.7, "FG%": 55.0, "FT%": 58.8, "3P%": 0.0}, "Jordan Burks": {"GP": 20.0, "MIN": 7.1, "PTS": 1.9, "REB": 1.7, "AST": 0.3, "STL": 0.2, "BLK": 0.2, "TO": 0.3, "FG%": 60.0, "FT%": 55.6, "3P%": 40.0}, "Joey Hart": {"GP": 7.0, "MIN": 1.4, "PTS": 0.4, "REB": 0.0, "AST": 0.0, "STL": 0.0, "BLK": 0.0, "TO": 0.1, "FG%": 50.0, "FT%": 0.0, "3P%": 100.0}, "Brennan Canada": {"GP": 5.0, "MIN": 1.0, "PTS": 0.0, "REB": 0.4, "AST": 0.2, "STL": 0.0, "BLK": 0.0, "TO": 0.0, "FG%": 0.0, "FT%": 0.0, "3P%": 0.0}, "Kareem Watkins": {"GP": 6.0, "MIN": 1.0, "PTS": 0.0, "REB": 0.2, "AST": 0.2, "STL": 0.0, "BLK": 0.0, "TO": 0.0, "FG%": 0.0, "FT%": 0.0, "3P%": 0.0}, "Grant Darbyshire": {"GP": 4.0, "MIN": 1.0, "PTS": 0.0, "REB": 0.0, "AST": 0.0, "STL": 0.0, "BLK": 0.0, "TO": 0.0, "FG%": 0.0, "FT%": 0.0, "3P%": 0.0}, "Walker Horn": {"GP": 4.0, "MIN": 1.0, "PTS": 0.0, "REB": 0.0, "AST": 0.0, "STL": 0.0, "BLK": 0.0, "TO": 0.0, "FG%": 0.0, "FT%": 0.0, "3P%": 0.0}}}]