[{"team": "Oregon Ducks", "score": 87, "home": false, "stats": {"N'Faly Dante": {"GP": 21.0, "MIN": 30.6, "PTS": 16.5, "REB": 8.7, "AST": 1.5, "STL": 1.7, "BLK": 1.9, "TO": 2.3, "FG%": 70.5, "FT%": 60.4, "3P%": 0.0}, "Jermaine Couisnard": {"GP": 35.0, "MIN": 32.4, "PTS": 16.1, "REB": 4.5, "AST": 3.3, "STL": 1.6, "BLK": 0.1, "TO": 1.7, "FG%": 40.0, "FT%": 75.4, "3P%": 33.7}, "Jackson Shelstad": {"GP": 31.0, "MIN": 32.5, "PTS": 13.0, "REB": 2.8, "AST": 2.8, "STL": 0.6, "BLK": 0.2, "TO": 1.7, "FG%": 45.4, "FT%": 85.7, "3P%": 34.5}, "Nate Bittle": {"GP": 5.0, "MIN": 17.0, "PTS": 10.0, "REB": 4.4, "AST": 0.8, "STL": 0.6, "BLK": 1.0, "TO": 0.6, "FG%": 48.7, "FT%": 72.7, "3P%": 33.3}, "Jesse Zarzuela": {"GP": 5.0, "MIN": 27.8, "PTS": 10.0, "REB": 2.4, "AST": 2.2, "STL": 0.4, "BLK": 0.0, "TO": 1.2, "FG%": 38.1, "FT%": 86.7, "3P%": 26.3}, "Keeshawn Barthelemy": {"GP": 18.0, "MIN": 23.0, "PTS": 7.9, "REB": 2.2, "AST": 2.3, "STL": 0.9, "BLK": 0.1, "TO": 1.1, "FG%": 46.2, "FT%": 66.7, "3P%": 38.5}, "Jadrian Tracey": {"GP": 35.0, "MIN": 26.5, "PTS": 7.6, "REB": 3.6, "AST": 1.7, "STL": 0.8, "BLK": 0.1, "TO": 1.3, "FG%": 41.6, "FT%": 77.8, "3P%": 36.6}, "Kwame Evans Jr.": {"GP": 35.0, "MIN": 22.1, "PTS": 7.5, "REB": 4.9, "AST": 1.1, "STL": 1.3, "BLK": 1.0, "TO": 0.7, "FG%": 45.2, "FT%": 79.5, "3P%": 27.4}, "Kario Oquendo": {"GP": 35.0, "MIN": 17.9, "PTS": 7.4, "REB": 2.4, "AST": 1.0, "STL": 0.3, "BLK": 0.3, "TO": 0.7, "FG%": 46.2, "FT%": 66.0, "3P%": 33.8}, "Brennan Rigsby": {"GP": 35.0, "MIN": 22.2, "PTS": 6.2, "REB": 2.7, "AST": 1.1, "STL": 0.7, "BLK": 0.1, "TO": 0.7, "FG%": 41.3, "FT%": 69.0, "3P%": 35.6}, "Mahamadou Diawara": {"GP": 35.0, "MIN": 11.2, "PTS": 2.1, "REB": 2.9, "AST": 0.4, "STL": 0.2, "BLK": 0.3, "TO": 0.7, "FG%": 48.9, "FT%": 62.2, "3P%": 0.0}, "Mookie Cook": {"GP": 5.0, "MIN": 6.4, "PTS": 1.2, "REB": 0.6, "AST": 0.2, "STL": 0.4, "BLK": 0.0, "TO": 0.2, "FG%": 60.0, "FT%": 0.0, "3P%": 0.0}, "James Cooper": {"GP": 11.0, "MIN": 2.8, "PTS": 0.4, "REB": 0.5, "AST": 0.0, "STL": 0.1, "BLK": 0.0, "TO": 0.1, "FG%": 100.0, "FT%": 0.0, "3P%": 0.0}, "Gabe Reichle": {"GP": 11.0, "MIN": 3.2, "PTS": 0.2, "REB": 0.0, "AST": 0.0, "STL": 0.0, "BLK": 0.0, "TO": 0.1, "FG%": 50.0, "FT%": 0.0, "3P%": 0.0}, "Andre Warren": {"GP": 2.0, "MIN": 3.5, "PTS": 0.0, "REB": 0.0, "AST": 0.0, "STL": 0.0, "BLK": 0.0, "TO": 0.0, "FG%": 0.0, "FT%": 0.0, "3P%": 0.0}, "Kaleb McCloud": {"GP": 2.0, "MIN": 1.0, "PTS": 0.0, "REB": 0.5, "AST": 0.0, "STL": 0.0, "BLK": 0.0, "TO": 0.0, "FG%": 0.0, "FT%": 0.0, "3P%": 0.0}}}, {"team": "South Carolina Gamecocks", "score": 73, "home": true, "stats": {"Meechie Johnson": {"GP": 33.0, "MIN": 29.1, "PTS": 14.1, "REB": 4.1, "AST": 2.9, "STL": 0.9, "BLK": 0.1, "TO": 1.6, "FG%": 39.9, "FT%": 78.8, "3P%": 32.1}, "B.J. Mack": {"GP": 34.0, "MIN": 24.8, "PTS": 13.6, "REB": 4.7, "AST": 1.3, "STL": 0.3, "BLK": 0.5, "TO": 1.3, "FG%": 41.4, "FT%": 80.1, "3P%": 32.1}, "Collin Murray-Boyles": {"GP": 28.0, "MIN": 22.8, "PTS": 10.4, "REB": 5.7, "AST": 1.8, "STL": 1.0, "BLK": 1.0, "TO": 1.2, "FG%": 59.7, "FT%": 66.7, "3P%": 0.0}, "Ta'Lon Cooper": {"GP": 34.0, "MIN": 33.7, "PTS": 9.9, "REB": 4.2, "AST": 4.2, "STL": 0.7, "BLK": 0.3, "TO": 1.2, "FG%": 48.0, "FT%": 71.7, "3P%": 45.9}, "Myles Stute": {"GP": 27.0, "MIN": 23.4, "PTS": 8.3, "REB": 3.3, "AST": 1.0, "STL": 0.6, "BLK": 0.2, "TO": 1.2, "FG%": 41.0, "FT%": 68.4, "3P%": 38.5}, "Jacobi Wright": {"GP": 34.0, "MIN": 22.9, "PTS": 5.9, "REB": 1.8, "AST": 1.9, "STL": 0.4, "BLK": 0.1, "TO": 0.6, "FG%": 36.1, "FT%": 71.4, "3P%": 32.2}, "Zachary Davis": {"GP": 33.0, "MIN": 22.9, "PTS": 5.9, "REB": 3.6, "AST": 1.3, "STL": 0.7, "BLK": 0.2, "TO": 1.0, "FG%": 43.2, "FT%": 66.7, "3P%": 25.0}, "Josh Gray": {"GP": 31.0, "MIN": 9.9, "PTS": 3.2, "REB": 2.8, "AST": 0.5, "STL": 0.1, "BLK": 0.6, "TO": 0.6, "FG%": 54.3, "FT%": 49.0, "3P%": 0.0}, "Benjamin Bosmans-Verdonk": {"GP": 17.0, "MIN": 9.7, "PTS": 2.5, "REB": 2.9, "AST": 0.5, "STL": 0.2, "BLK": 0.2, "TO": 0.7, "FG%": 60.7, "FT%": 66.7, "3P%": 0.0}, "Morris Ugusuk": {"GP": 30.0, "MIN": 10.3, "PTS": 2.2, "REB": 0.7, "AST": 0.5, "STL": 0.2, "BLK": 0.1, "TO": 0.5, "FG%": 33.8, "FT%": 77.8, "3P%": 29.2}, "Stephen Clark": {"GP": 26.0, "MIN": 10.0, "PTS": 2.2, "REB": 2.1, "AST": 0.7, "STL": 0.2, "BLK": 0.5, "TO": 0.5, "FG%": 48.9, "FT%": 56.3, "3P%": 28.6}, "Eli Sparkman": {"GP": 4.0, "MIN": 5.5, "PTS": 1.0, "REB": 1.0, "AST": 0.0, "STL": 0.0, "BLK": 0.0, "TO": 0.3, "FG%": 20.0, "FT%": 100.0, "3P%": 0.0}, "Ebrima Dibba": {"GP": 6.0, "MIN": 4.8, "PTS": 0.5, "REB": 0.7, "AST": 0.3, "STL": 0.0, "BLK": 0.0, "TO": 0.2, "FG%": 20.0, "FT%": 25.0, "3P%": 0.0}, "Danny Grajzl": {"GP": 4.0, "MIN": 1.8, "PTS": 0.0, "REB": 0.0, "AST": 0.0, "STL": 0.0, "BLK": 0.0, "TO": 0.0, "FG%": 0.0, "FT%": 0.0, "3P%": 0.0}}}]