[{"team": "Purdue Boilermakers", "score": 78, "home": true, "stats": {"Zach Edey": {"GP": 34.0, "MIN": 31.3, "PTS": 24.6, "REB": 12.0, "AST": 2.1, "STL": 0.2, "BLK": 2.2, "TO": 2.2, "FG%": 62.0, "FT%": 71.1, "3P%": 50.0}, "Braden Smith": {"GP": 34.0, "MIN": 33.8, "PTS": 12.5, "REB": 5.8, "AST": 7.4, "STL": 1.6, "BLK": 0.1, "TO": 2.6, "FG%": 45.2, "FT%": 81.3, "3P%": 43.9}, "Lance Jones": {"GP": 34.0, "MIN": 28.3, "PTS": 12.1, "REB": 2.7, "AST": 2.0, "STL": 1.4, "BLK": 0.2, "TO": 1.5, "FG%": 41.1, "FT%": 73.9, "3P%": 35.7}, "Fletcher Loyer": {"GP": 34.0, "MIN": 27.1, "PTS": 10.4, "REB": 2.1, "AST": 1.8, "STL": 0.7, "BLK": 0.0, "TO": 1.2, "FG%": 42.1, "FT%": 85.4, "3P%": 44.8}, "Mason Gillis": {"GP": 34.0, "MIN": 20.8, "PTS": 6.9, "REB": 3.9, "AST": 1.7, "STL": 0.3, "BLK": 0.0, "TO": 0.9, "FG%": 49.3, "FT%": 85.4, "3P%": 47.3}, "Trey Kaufman-Renn": {"GP": 34.0, "MIN": 16.9, "PTS": 6.2, "REB": 4.1, "AST": 1.0, "STL": 0.3, "BLK": 0.3, "TO": 0.7, "FG%": 50.3, "FT%": 55.7, "3P%": 36.4}, "Myles Colvin": {"GP": 26.0, "MIN": 8.8, "PTS": 3.6, "REB": 0.8, "AST": 0.4, "STL": 0.3, "BLK": 0.2, "TO": 0.5, "FG%": 45.9, "FT%": 50.0, "3P%": 42.9}, "Camden Heide": {"GP": 34.0, "MIN": 12.6, "PTS": 3.2, "REB": 2.0, "AST": 0.4, "STL": 0.2, "BLK": 0.3, "TO": 0.3, "FG%": 56.0, "FT%": 71.4, "3P%": 45.7}, "Will Berg": {"GP": 13.0, "MIN": 4.0, "PTS": 2.5, "REB": 1.7, "AST": 0.0, "STL": 0.0, "BLK": 0.0, "TO": 0.5, "FG%": 73.7, "FT%": 38.5, "3P%": 0.0}, "Caleb Furst": {"GP": 34.0, "MIN": 9.3, "PTS": 2.3, "REB": 2.6, "AST": 0.6, "STL": 0.2, "BLK": 0.2, "TO": 0.5, "FG%": 44.8, "FT%": 67.6, "3P%": 27.3}, "Brian Waddell": {"GP": 13.0, "MIN": 4.2, "PTS": 0.8, "REB": 0.6, "AST": 0.2, "STL": 0.0, "BLK": 0.1, "TO": 0.1, "FG%": 33.3, "FT%": 42.9, "3P%": 0.0}, "Sam King": {"GP": 5.0, "MIN": 1.8, "PTS": 0.8, "REB": 0.6, "AST": 0.2, "STL": 0.2, "BLK": 0.4, "TO": 0.2, "FG%": 0.0, "FT%": 66.7, "3P%": 0.0}, "Ethan Morton": {"GP": 33.0, "MIN": 11.1, "PTS": 0.7, "REB": 1.0, "AST": 1.2, "STL": 0.5, "BLK": 0.2, "TO": 0.3, "FG%": 23.5, "FT%": 57.1, "3P%": 21.1}, "Carson Barrett": {"GP": 11.0, "MIN": 1.7, "PTS": 0.5, "REB": 0.5, "AST": 0.2, "STL": 0.0, "BLK": 0.0, "TO": 0.1, "FG%": 66.7, "FT%": 0.0, "3P%": 66.7}, "Chase Martin": {"GP": 11.0, "MIN": 1.8, "PTS": 0.2, "REB": 0.4, "AST": 0.2, "STL": 0.1, "BLK": 0.0, "TO": 0.3, "FG%": 14.3, "FT%": 0.0, "3P%": 0.0}, "Josh Furst": {"GP": 1.0, "MIN": 1.0, "PTS": 0.0, "REB": 1.0, "AST": 0.0, "STL": 0.0, "BLK": 0.0, "TO": 0.0, "FG%": 0.0, "FT%": 0.0, "3P%": 0.0}, "Jace Rayl": {"GP": 1.0, "MIN": 1.0, "PTS": 0.0, "REB": 0.0, "AST": 0.0, "STL": 0.0, "BLK": 0.0, "TO": 0.0, "FG%": 0.0, "FT%": 0.0, "3P%": 0.0}}}, {"team": "Grambling Tigers", "score": 50, "home": false, "stats": {"Kintavious Dozier": {"GP": 36.0, "MIN": 26.4, "PTS": 13.0, "REB": 3.0, "AST": 1.0, "STL": 1.0, "BLK": 0.2, "TO": 1.6, "FG%": 44.6, "FT%": 76.2, "3P%": 32.2}, "Tra'Michael Moton": {"GP": 36.0, "MIN": 29.4, "PTS": 11.9, "REB": 2.9, "AST": 2.7, "STL": 1.7, "BLK": 0.1, "TO": 2.2, "FG%": 40.1, "FT%": 80.5, "3P%": 37.1}, "Antwan Burnett": {"GP": 26.0, "MIN": 33.0, "PTS": 10.0, "REB": 5.9, "AST": 1.6, "STL": 0.8, "BLK": 0.1, "TO": 1.9, "FG%": 45.5, "FT%": 70.6, "3P%": 36.1}, "Jourdan Smith": {"GP": 32.0, "MIN": 28.0, "PTS": 9.8, "REB": 4.6, "AST": 1.0, "STL": 1.0, "BLK": 1.1, "TO": 1.4, "FG%": 41.8, "FT%": 77.3, "3P%": 33.3}, "Terrence Lewis": {"GP": 23.0, "MIN": 17.7, "PTS": 7.9, "REB": 2.3, "AST": 0.3, "STL": 0.5, "BLK": 0.2, "TO": 0.8, "FG%": 53.4, "FT%": 66.7, "3P%": 46.2}, "Jalen Johnson": {"GP": 36.0, "MIN": 21.1, "PTS": 7.3, "REB": 3.8, "AST": 0.5, "STL": 0.6, "BLK": 0.3, "TO": 0.9, "FG%": 47.8, "FT%": 58.7, "3P%": 22.2}, "Mikale Stevenson": {"GP": 36.0, "MIN": 17.8, "PTS": 4.8, "REB": 1.8, "AST": 2.1, "STL": 1.0, "BLK": 0.2, "TO": 1.7, "FG%": 39.5, "FT%": 79.2, "3P%": 30.8}, "Jonathan Aku": {"GP": 36.0, "MIN": 22.4, "PTS": 4.5, "REB": 5.1, "AST": 0.4, "STL": 0.4, "BLK": 1.0, "TO": 1.2, "FG%": 58.3, "FT%": 45.0, "3P%": 0.0}, "Jimel Cofer": {"GP": 25.0, "MIN": 10.0, "PTS": 3.4, "REB": 1.5, "AST": 0.3, "STL": 0.6, "BLK": 0.2, "TO": 0.7, "FG%": 45.9, "FT%": 75.9, "3P%": 33.3}, "Zahad Munford": {"GP": 32.0, "MIN": 9.5, "PTS": 1.7, "REB": 1.0, "AST": 0.4, "STL": 0.4, "BLK": 0.1, "TO": 0.7, "FG%": 27.0, "FT%": 50.0, "3P%": 12.9}, "Quintin Murrell": {"GP": 20.0, "MIN": 8.5, "PTS": 1.6, "REB": 1.1, "AST": 0.3, "STL": 0.3, "BLK": 0.0, "TO": 0.5, "FG%": 32.1, "FT%": 65.0, "3P%": 10.0}, "William Reynolds": {"GP": 5.0, "MIN": 4.0, "PTS": 1.2, "REB": 0.2, "AST": 0.2, "STL": 0.0, "BLK": 0.0, "TO": 0.0, "FG%": 28.6, "FT%": 0.0, "3P%": 40.0}, "Malik Lamin": {"GP": 19.0, "MIN": 7.0, "PTS": 0.6, "REB": 0.7, "AST": 0.2, "STL": 0.1, "BLK": 0.1, "TO": 0.3, "FG%": 41.7, "FT%": 33.3, "3P%": 0.0}, "Elvis Nnaji": {"GP": 3.0, "MIN": 6.0, "PTS": 0.3, "REB": 2.0, "AST": 0.0, "STL": 0.0, "BLK": 0.3, "TO": 0.3, "FG%": 0.0, "FT%": 50.0, "3P%": 0.0}}}]