[{"team": "Purdue Boilermakers", "score": 106, "home": true, "stats": {"Zach Edey": {"GP": 35.0, "MIN": 31.2, "PTS": 24.5, "REB": 12.1, "AST": 2.1, "STL": 0.3, "BLK": 2.3, "TO": 2.2, "FG%": 62.3, "FT%": 71.4, "3P%": 50.0}, "Braden Smith": {"GP": 35.0, "MIN": 33.5, "PTS": 12.3, "REB": 5.7, "AST": 7.3, "STL": 1.6, "BLK": 0.1, "TO": 2.7, "FG%": 44.9, "FT%": 81.3, "3P%": 44.0}, "Lance Jones": {"GP": 35.0, "MIN": 28.3, "PTS": 12.0, "REB": 2.7, "AST": 2.0, "STL": 1.3, "BLK": 0.2, "TO": 1.5, "FG%": 40.9, "FT%": 73.9, "3P%": 35.8}, "Fletcher Loyer": {"GP": 35.0, "MIN": 27.2, "PTS": 10.5, "REB": 2.1, "AST": 1.9, "STL": 0.7, "BLK": 0.0, "TO": 1.2, "FG%": 42.6, "FT%": 86.0, "3P%": 44.9}, "Mason Gillis": {"GP": 35.0, "MIN": 20.7, "PTS": 6.8, "REB": 3.9, "AST": 1.7, "STL": 0.3, "BLK": 0.0, "TO": 0.9, "FG%": 49.7, "FT%": 85.4, "3P%": 47.8}, "Trey Kaufman-Renn": {"GP": 35.0, "MIN": 17.1, "PTS": 6.6, "REB": 4.2, "AST": 1.0, "STL": 0.3, "BLK": 0.4, "TO": 0.7, "FG%": 51.2, "FT%": 55.4, "3P%": 34.8}, "Myles Colvin": {"GP": 27.0, "MIN": 9.0, "PTS": 3.8, "REB": 0.9, "AST": 0.4, "STL": 0.3, "BLK": 0.1, "TO": 0.4, "FG%": 46.8, "FT%": 50.0, "3P%": 44.4}, "Camden Heide": {"GP": 35.0, "MIN": 12.6, "PTS": 3.4, "REB": 2.0, "AST": 0.4, "STL": 0.2, "BLK": 0.3, "TO": 0.3, "FG%": 56.8, "FT%": 73.3, "3P%": 44.7}, "Will Berg": {"GP": 14.0, "MIN": 3.9, "PTS": 2.6, "REB": 1.9, "AST": 0.1, "STL": 0.0, "BLK": 0.0, "TO": 0.4, "FG%": 75.0, "FT%": 46.7, "3P%": 0.0}, "Caleb Furst": {"GP": 35.0, "MIN": 9.2, "PTS": 2.2, "REB": 2.5, "AST": 0.6, "STL": 0.2, "BLK": 0.2, "TO": 0.5, "FG%": 44.1, "FT%": 67.6, "3P%": 27.3}, "Brian Waddell": {"GP": 14.0, "MIN": 4.2, "PTS": 1.1, "REB": 0.6, "AST": 0.2, "STL": 0.0, "BLK": 0.1, "TO": 0.1, "FG%": 42.9, "FT%": 42.9, "3P%": 16.7}, "Sam King": {"GP": 6.0, "MIN": 1.7, "PTS": 1.0, "REB": 0.7, "AST": 0.2, "STL": 0.2, "BLK": 0.3, "TO": 0.2, "FG%": 25.0, "FT%": 66.7, "3P%": 0.0}, "Ethan Morton": {"GP": 34.0, "MIN": 10.9, "PTS": 0.7, "REB": 0.9, "AST": 1.2, "STL": 0.4, "BLK": 0.2, "TO": 0.3, "FG%": 23.5, "FT%": 57.1, "3P%": 21.1}, "Carson Barrett": {"GP": 12.0, "MIN": 1.8, "PTS": 0.5, "REB": 0.5, "AST": 0.2, "STL": 0.0, "BLK": 0.0, "TO": 0.2, "FG%": 50.0, "FT%": 0.0, "3P%": 50.0}, "Chase Martin": {"GP": 12.0, "MIN": 1.8, "PTS": 0.2, "REB": 0.3, "AST": 0.2, "STL": 0.1, "BLK": 0.0, "TO": 0.3, "FG%": 12.5, "FT%": 0.0, "3P%": 0.0}, "Josh Furst": {"GP": 1.0, "MIN": 1.0, "PTS": 0.0, "REB": 1.0, "AST": 0.0, "STL": 0.0, "BLK": 0.0, "TO": 0.0, "FG%": 0.0, "FT%": 0.0, "3P%": 0.0}, "Jace Rayl": {"GP": 1.0, "MIN": 1.0, "PTS": 0.0, "REB": 0.0, "AST": 0.0, "STL": 0.0, "BLK": 0.0, "TO": 0.0, "FG%": 0.0, "FT%": 0.0, "3P%": 0.0}}}, {"team": "Utah State Aggies", "score": 67, "home": false, "stats": {"Great Osobor": {"GP": 35.0, "MIN": 33.7, "PTS": 17.7, "REB": 9.0, "AST": 2.8, "STL": 1.3, "BLK": 1.4, "TO": 2.8, "FG%": 57.7, "FT%": 63.7, "3P%": 21.4}, "Ian Martinez": {"GP": 34.0, "MIN": 30.9, "PTS": 13.3, "REB": 3.6, "AST": 1.8, "STL": 0.9, "BLK": 0.8, "TO": 1.8, "FG%": 47.4, "FT%": 85.6, "3P%": 38.1}, "Darius Brown II": {"GP": 35.0, "MIN": 36.0, "PTS": 12.3, "REB": 4.3, "AST": 6.5, "STL": 1.5, "BLK": 0.2, "TO": 1.9, "FG%": 44.6, "FT%": 86.5, "3P%": 39.8}, "Mason Falslev": {"GP": 34.0, "MIN": 28.0, "PTS": 11.3, "REB": 4.4, "AST": 2.4, "STL": 1.3, "BLK": 0.3, "TO": 1.4, "FG%": 56.2, "FT%": 64.2, "3P%": 30.5}, "Josh Uduje": {"GP": 35.0, "MIN": 24.0, "PTS": 8.7, "REB": 2.5, "AST": 0.9, "STL": 0.8, "BLK": 0.3, "TO": 0.8, "FG%": 42.5, "FT%": 73.6, "3P%": 27.5}, "Isaac Johnson": {"GP": 35.0, "MIN": 14.9, "PTS": 6.6, "REB": 3.1, "AST": 0.8, "STL": 0.3, "BLK": 0.5, "TO": 0.9, "FG%": 47.8, "FT%": 84.6, "3P%": 34.2}, "Max Agbonkpolo": {"GP": 10.0, "MIN": 23.6, "PTS": 5.4, "REB": 3.9, "AST": 0.7, "STL": 1.0, "BLK": 0.2, "TO": 0.9, "FG%": 32.8, "FT%": 70.0, "3P%": 15.6}, "Javon Jackson": {"GP": 28.0, "MIN": 14.0, "PTS": 4.5, "REB": 1.0, "AST": 0.5, "STL": 0.4, "BLK": 0.0, "TO": 0.4, "FG%": 41.4, "FT%": 80.8, "3P%": 37.9}, "Kalifa Sakho": {"GP": 33.0, "MIN": 10.1, "PTS": 2.7, "REB": 1.7, "AST": 0.2, "STL": 0.2, "BLK": 0.5, "TO": 0.4, "FG%": 66.0, "FT%": 57.6, "3P%": 0.0}, "Karson Templin": {"GP": 23.0, "MIN": 7.6, "PTS": 2.5, "REB": 1.7, "AST": 0.3, "STL": 0.2, "BLK": 0.3, "TO": 0.1, "FG%": 57.9, "FT%": 65.0, "3P%": 20.0}, "Jackson Grant": {"GP": 5.0, "MIN": 6.0, "PTS": 2.2, "REB": 1.2, "AST": 0.2, "STL": 0.0, "BLK": 0.0, "TO": 0.0, "FG%": 37.5, "FT%": 83.3, "3P%": 0.0}, "Nigel Burris": {"GP": 20.0, "MIN": 4.8, "PTS": 1.1, "REB": 1.3, "AST": 0.2, "STL": 0.1, "BLK": 0.1, "TO": 0.3, "FG%": 25.0, "FT%": 75.0, "3P%": 0.0}, "Landon Brenchley": {"GP": 13.0, "MIN": 2.9, "PTS": 0.7, "REB": 0.8, "AST": 0.4, "STL": 0.0, "BLK": 0.0, "TO": 0.3, "FG%": 42.9, "FT%": 37.5, "3P%": 0.0}}}]