[{"team": "Purdue Boilermakers", "score": 80, "home": true, "stats": {"Zach Edey": {"GP": 36.0, "MIN": 31.4, "PTS": 24.6, "REB": 12.1, "AST": 2.1, "STL": 0.3, "BLK": 2.2, "TO": 2.2, "FG%": 62.4, "FT%": 71.4, "3P%": 50.0}, "Braden Smith": {"GP": 36.0, "MIN": 33.6, "PTS": 12.3, "REB": 5.8, "AST": 7.5, "STL": 1.6, "BLK": 0.1, "TO": 2.6, "FG%": 45.2, "FT%": 81.3, "3P%": 44.2}, "Lance Jones": {"GP": 36.0, "MIN": 28.4, "PTS": 12.0, "REB": 2.7, "AST": 2.1, "STL": 1.3, "BLK": 0.2, "TO": 1.5, "FG%": 41.1, "FT%": 73.9, "3P%": 35.7}, "Fletcher Loyer": {"GP": 36.0, "MIN": 27.4, "PTS": 10.5, "REB": 2.0, "AST": 1.9, "STL": 0.7, "BLK": 0.0, "TO": 1.2, "FG%": 43.0, "FT%": 86.0, "3P%": 45.0}, "Mason Gillis": {"GP": 36.0, "MIN": 20.9, "PTS": 6.8, "REB": 3.8, "AST": 1.8, "STL": 0.3, "BLK": 0.0, "TO": 0.8, "FG%": 49.7, "FT%": 85.4, "3P%": 48.3}, "Trey Kaufman-Renn": {"GP": 36.0, "MIN": 17.0, "PTS": 6.6, "REB": 4.1, "AST": 1.0, "STL": 0.3, "BLK": 0.4, "TO": 0.8, "FG%": 51.1, "FT%": 55.4, "3P%": 33.3}, "Myles Colvin": {"GP": 28.0, "MIN": 8.8, "PTS": 3.7, "REB": 0.9, "AST": 0.4, "STL": 0.3, "BLK": 0.1, "TO": 0.4, "FG%": 46.3, "FT%": 50.0, "3P%": 43.6}, "Camden Heide": {"GP": 36.0, "MIN": 12.6, "PTS": 3.5, "REB": 2.0, "AST": 0.4, "STL": 0.2, "BLK": 0.3, "TO": 0.3, "FG%": 57.8, "FT%": 73.3, "3P%": 46.2}, "Will Berg": {"GP": 14.0, "MIN": 3.9, "PTS": 2.6, "REB": 1.9, "AST": 0.1, "STL": 0.0, "BLK": 0.0, "TO": 0.4, "FG%": 75.0, "FT%": 46.7, "3P%": 0.0}, "Caleb Furst": {"GP": 35.0, "MIN": 9.2, "PTS": 2.2, "REB": 2.5, "AST": 0.6, "STL": 0.2, "BLK": 0.2, "TO": 0.5, "FG%": 44.1, "FT%": 67.6, "3P%": 27.3}, "Brian Waddell": {"GP": 14.0, "MIN": 4.2, "PTS": 1.1, "REB": 0.6, "AST": 0.2, "STL": 0.0, "BLK": 0.1, "TO": 0.1, "FG%": 42.9, "FT%": 42.9, "3P%": 16.7}, "Sam King": {"GP": 6.0, "MIN": 1.7, "PTS": 1.0, "REB": 0.7, "AST": 0.2, "STL": 0.2, "BLK": 0.3, "TO": 0.2, "FG%": 25.0, "FT%": 66.7, "3P%": 0.0}, "Ethan Morton": {"GP": 35.0, "MIN": 10.6, "PTS": 0.7, "REB": 0.9, "AST": 1.2, "STL": 0.4, "BLK": 0.2, "TO": 0.3, "FG%": 23.5, "FT%": 57.1, "3P%": 21.1}, "Carson Barrett": {"GP": 12.0, "MIN": 1.8, "PTS": 0.5, "REB": 0.5, "AST": 0.2, "STL": 0.0, "BLK": 0.0, "TO": 0.2, "FG%": 50.0, "FT%": 0.0, "3P%": 50.0}, "Chase Martin": {"GP": 12.0, "MIN": 1.8, "PTS": 0.2, "REB": 0.3, "AST": 0.2, "STL": 0.1, "BLK": 0.0, "TO": 0.3, "FG%": 12.5, "FT%": 0.0, "3P%": 0.0}, "Josh Furst": {"GP": 1.0, "MIN": 1.0, "PTS": 0.0, "REB": 1.0, "AST": 0.0, "STL": 0.0, "BLK": 0.0, "TO": 0.0, "FG%": 0.0, "FT%": 0.0, "3P%": 0.0}, "Jace Rayl": {"GP": 1.0, "MIN": 1.0, "PTS": 0.0, "REB": 0.0, "AST": 0.0, "STL": 0.0, "BLK": 0.0, "TO": 0.0, "FG%": 0.0, "FT%": 0.0, "3P%": 0.0}}}, {"team": "Gonzaga Bulldogs", "score": 68, "home": false, "stats": {"Graham Ike": {"GP": 35.0, "MIN": 24.2, "PTS": 16.5, "REB": 7.4, "AST": 0.9, "STL": 0.6, "BLK": 0.7, "TO": 1.6, "FG%": 60.9, "FT%": 78.4, "3P%": 36.8}, "Anton Watson": {"GP": 35.0, "MIN": 31.4, "PTS": 14.5, "REB": 7.1, "AST": 2.6, "STL": 1.5, "BLK": 0.7, "TO": 1.4, "FG%": 57.8, "FT%": 65.3, "3P%": 41.2}, "Nolan Hickman": {"GP": 35.0, "MIN": 35.3, "PTS": 14.0, "REB": 2.3, "AST": 2.7, "STL": 1.0, "BLK": 0.3, "TO": 1.3, "FG%": 47.1, "FT%": 88.3, "3P%": 41.3}, "Ryan Nembhard": {"GP": 35.0, "MIN": 35.8, "PTS": 12.6, "REB": 4.0, "AST": 6.9, "STL": 1.2, "BLK": 0.0, "TO": 2.3, "FG%": 44.5, "FT%": 75.2, "3P%": 32.1}, "Braden Huff": {"GP": 35.0, "MIN": 13.3, "PTS": 9.3, "REB": 3.4, "AST": 0.5, "STL": 0.3, "BLK": 0.7, "TO": 0.4, "FG%": 59.8, "FT%": 55.4, "3P%": 33.8}, "Ben Gregg": {"GP": 35.0, "MIN": 23.6, "PTS": 9.0, "REB": 5.7, "AST": 1.2, "STL": 1.2, "BLK": 0.7, "TO": 0.7, "FG%": 54.1, "FT%": 72.9, "3P%": 37.7}, "Dusty Stromer": {"GP": 35.0, "MIN": 23.5, "PTS": 4.8, "REB": 3.3, "AST": 1.1, "STL": 0.6, "BLK": 0.5, "TO": 0.9, "FG%": 37.1, "FT%": 81.1, "3P%": 35.8}, "Luka Krajnovic": {"GP": 16.0, "MIN": 8.3, "PTS": 2.9, "REB": 1.3, "AST": 0.6, "STL": 0.4, "BLK": 0.1, "TO": 0.9, "FG%": 46.7, "FT%": 78.9, "3P%": 33.3}, "Jun Seok Yeo": {"GP": 25.0, "MIN": 6.9, "PTS": 2.3, "REB": 1.2, "AST": 0.2, "STL": 0.1, "BLK": 0.2, "TO": 0.3, "FG%": 43.5, "FT%": 66.7, "3P%": 13.6}, "Colby Brooks": {"GP": 14.0, "MIN": 2.9, "PTS": 1.0, "REB": 1.2, "AST": 0.1, "STL": 0.0, "BLK": 0.0, "TO": 0.1, "FG%": 33.3, "FT%": 44.4, "3P%": 0.0}, "Pavle Stosic": {"GP": 14.0, "MIN": 3.3, "PTS": 1.0, "REB": 0.8, "AST": 0.1, "STL": 0.1, "BLK": 0.2, "TO": 0.4, "FG%": 37.5, "FT%": 50.0, "3P%": 0.0}, "Joe Few": {"GP": 15.0, "MIN": 3.9, "PTS": 0.3, "REB": 0.3, "AST": 0.5, "STL": 0.2, "BLK": 0.1, "TO": 0.2, "FG%": 14.3, "FT%": 30.0, "3P%": 0.0}}}]