[{"team": "San Diego State Aztecs", "score": 85, "home": true, "stats": {"Jaedon LeDee": {"GP": 35.0, "MIN": 32.7, "PTS": 21.5, "REB": 8.4, "AST": 1.3, "STL": 1.2, "BLK": 0.5, "TO": 2.4, "FG%": 56.4, "FT%": 74.0, "3P%": 45.2}, "Reese Waters": {"GP": 36.0, "MIN": 25.8, "PTS": 9.8, "REB": 3.7, "AST": 1.2, "STL": 0.6, "BLK": 0.2, "TO": 1.0, "FG%": 40.5, "FT%": 90.3, "3P%": 35.1}, "Lamont Butler": {"GP": 36.0, "MIN": 27.6, "PTS": 9.4, "REB": 2.6, "AST": 2.9, "STL": 1.5, "BLK": 0.2, "TO": 1.4, "FG%": 42.4, "FT%": 58.7, "3P%": 30.8}, "Micah Parrish": {"GP": 36.0, "MIN": 27.6, "PTS": 9.3, "REB": 4.1, "AST": 1.9, "STL": 1.1, "BLK": 0.4, "TO": 0.8, "FG%": 38.9, "FT%": 73.7, "3P%": 28.7}, "Darrion Trammell": {"GP": 34.0, "MIN": 27.7, "PTS": 7.9, "REB": 2.6, "AST": 3.3, "STL": 1.3, "BLK": 0.1, "TO": 1.4, "FG%": 38.7, "FT%": 81.8, "3P%": 32.8}, "Elijah Saunders": {"GP": 36.0, "MIN": 20.1, "PTS": 6.3, "REB": 3.7, "AST": 0.8, "STL": 0.5, "BLK": 0.3, "TO": 0.8, "FG%": 42.5, "FT%": 95.8, "3P%": 33.1}, "Jay Pal": {"GP": 36.0, "MIN": 17.2, "PTS": 5.1, "REB": 4.2, "AST": 0.8, "STL": 0.3, "BLK": 1.0, "TO": 1.2, "FG%": 45.0, "FT%": 70.1, "3P%": 29.4}, "Miles Byrd": {"GP": 33.0, "MIN": 14.0, "PTS": 4.1, "REB": 2.5, "AST": 0.9, "STL": 0.8, "BLK": 0.6, "TO": 0.8, "FG%": 38.1, "FT%": 84.6, "3P%": 31.5}, "Miles Heide": {"GP": 36.0, "MIN": 8.7, "PTS": 1.9, "REB": 2.2, "AST": 0.1, "STL": 0.2, "BLK": 0.5, "TO": 0.4, "FG%": 64.6, "FT%": 36.8, "3P%": 0.0}, "BJ Davis": {"GP": 11.0, "MIN": 5.8, "PTS": 1.1, "REB": 0.5, "AST": 0.1, "STL": 0.2, "BLK": 0.1, "TO": 0.4, "FG%": 14.3, "FT%": 77.8, "3P%": 9.1}, "Cam Lawin": {"GP": 8.0, "MIN": 2.6, "PTS": 0.8, "REB": 0.1, "AST": 0.1, "STL": 0.0, "BLK": 0.0, "TO": 0.0, "FG%": 33.3, "FT%": 50.0, "3P%": 25.0}, "Cade Alger": {"GP": 8.0, "MIN": 2.4, "PTS": 0.5, "REB": 0.6, "AST": 0.1, "STL": 0.0, "BLK": 0.0, "TO": 0.3, "FG%": 14.3, "FT%": 100.0, "3P%": 0.0}, "Demarshay Johnson Jr.": {"GP": 15.0, "MIN": 5.1, "PTS": 0.4, "REB": 1.0, "AST": 0.1, "STL": 0.2, "BLK": 0.3, "TO": 0.3, "FG%": 42.9, "FT%": 0.0, "3P%": 0.0}, "Ryan Schwarz": {"GP": 6.0, "MIN": 3.2, "PTS": 0.0, "REB": 0.5, "AST": 0.0, "STL": 0.0, "BLK": 0.0, "TO": 0.5, "FG%": 0.0, "FT%": 0.0, "3P%": 0.0}, "Desai Lopez": {"GP": 3.0, "MIN": 2.7, "PTS": 0.0, "REB": 0.3, "AST": 0.0, "STL": 0.0, "BLK": 0.0, "TO": 0.3, "FG%": 0.0, "FT%": 0.0, "3P%": 0.0}}}, {"team": "Yale Bulldogs", "score": 57, "home": false, "stats": {"Danny Wolf": {"GP": 32.0, "MIN": 30.8, "PTS": 14.1, "REB": 9.7, "AST": 2.4, "STL": 1.0, "BLK": 1.3, "TO": 2.3, "FG%": 47.2, "FT%": 71.7, "3P%": 34.5}, "John Poulakidas": {"GP": 33.0, "MIN": 31.0, "PTS": 13.4, "REB": 2.3, "AST": 1.9, "STL": 0.5, "BLK": 0.4, "TO": 0.9, "FG%": 44.7, "FT%": 76.6, "3P%": 40.5}, "Matt Knowling": {"GP": 28.0, "MIN": 28.2, "PTS": 11.6, "REB": 4.9, "AST": 2.6, "STL": 0.5, "BLK": 0.3, "TO": 0.9, "FG%": 56.7, "FT%": 60.8, "3P%": 14.3}, "Bez Mbeng": {"GP": 33.0, "MIN": 32.4, "PTS": 11.1, "REB": 4.2, "AST": 4.1, "STL": 1.9, "BLK": 0.3, "TO": 1.8, "FG%": 42.1, "FT%": 68.6, "3P%": 25.2}, "August Mahoney": {"GP": 33.0, "MIN": 27.1, "PTS": 10.3, "REB": 2.5, "AST": 1.3, "STL": 0.6, "BLK": 0.1, "TO": 0.9, "FG%": 47.8, "FT%": 85.0, "3P%": 45.3}, "Nick Townsend": {"GP": 33.0, "MIN": 17.7, "PTS": 6.0, "REB": 3.9, "AST": 1.1, "STL": 0.4, "BLK": 0.1, "TO": 0.7, "FG%": 44.8, "FT%": 79.6, "3P%": 29.6}, "Casey Simmons": {"GP": 32.0, "MIN": 13.3, "PTS": 3.5, "REB": 2.0, "AST": 0.3, "STL": 0.5, "BLK": 0.2, "TO": 0.5, "FG%": 51.1, "FT%": 56.7, "3P%": 23.5}, "Luke Kolaja": {"GP": 2.0, "MIN": 5.0, "PTS": 3.0, "REB": 0.0, "AST": 0.0, "STL": 0.0, "BLK": 0.0, "TO": 0.5, "FG%": 75.0, "FT%": 0.0, "3P%": 0.0}, "Yassine Gharram": {"GP": 33.0, "MIN": 13.9, "PTS": 2.5, "REB": 2.1, "AST": 1.3, "STL": 0.3, "BLK": 0.1, "TO": 0.7, "FG%": 39.5, "FT%": 59.3, "3P%": 15.8}, "Samson Aletan": {"GP": 21.0, "MIN": 7.2, "PTS": 2.2, "REB": 1.5, "AST": 0.2, "STL": 0.2, "BLK": 0.5, "TO": 0.4, "FG%": 63.0, "FT%": 63.2, "3P%": 0.0}, "Jack Molloy": {"GP": 18.0, "MIN": 5.9, "PTS": 1.7, "REB": 1.4, "AST": 0.1, "STL": 0.1, "BLK": 0.1, "TO": 0.2, "FG%": 36.4, "FT%": 100.0, "3P%": 26.7}, "Devon Arlington": {"GP": 7.0, "MIN": 3.1, "PTS": 1.6, "REB": 0.3, "AST": 0.1, "STL": 0.3, "BLK": 0.0, "TO": 0.3, "FG%": 45.5, "FT%": 0.0, "3P%": 33.3}, "Trevor Mullin": {"GP": 10.0, "MIN": 3.7, "PTS": 1.5, "REB": 0.4, "AST": 0.1, "STL": 0.2, "BLK": 0.0, "TO": 0.1, "FG%": 29.4, "FT%": 75.0, "3P%": 28.6}, "Teo Rice": {"GP": 11.0, "MIN": 4.2, "PTS": 1.5, "REB": 0.9, "AST": 0.5, "STL": 0.3, "BLK": 0.1, "TO": 0.2, "FG%": 35.3, "FT%": 75.0, "3P%": 14.3}, "Yussif Basa-Ama": {"GP": 14.0, "MIN": 4.1, "PTS": 1.1, "REB": 1.1, "AST": 0.4, "STL": 0.3, "BLK": 0.1, "TO": 0.0, "FG%": 50.0, "FT%": 50.0, "3P%": 0.0}, "Emir Buyukhanli": {"GP": 8.0, "MIN": 4.6, "PTS": 0.8, "REB": 0.9, "AST": 0.1, "STL": 0.5, "BLK": 0.0, "TO": 0.3, "FG%": 37.5, "FT%": 0.0, "3P%": 0.0}}}]