[{"team": "San Diego State Aztecs", "score": 69, "home": true, "stats": {"Jaedon LeDee": {"GP": 34.0, "MIN": 32.8, "PTS": 21.4, "REB": 8.4, "AST": 1.3, "STL": 1.2, "BLK": 0.6, "TO": 2.4, "FG%": 55.9, "FT%": 74.0, "3P%": 42.5}, "Reese Waters": {"GP": 35.0, "MIN": 26.0, "PTS": 10.0, "REB": 3.7, "AST": 1.2, "STL": 0.6, "BLK": 0.2, "TO": 1.0, "FG%": 41.1, "FT%": 90.3, "3P%": 35.9}, "Lamont Butler": {"GP": 35.0, "MIN": 27.7, "PTS": 9.4, "REB": 2.6, "AST": 2.9, "STL": 1.5, "BLK": 0.2, "TO": 1.5, "FG%": 42.3, "FT%": 58.9, "3P%": 29.7}, "Micah Parrish": {"GP": 35.0, "MIN": 27.6, "PTS": 9.4, "REB": 4.0, "AST": 1.9, "STL": 1.1, "BLK": 0.5, "TO": 0.8, "FG%": 38.9, "FT%": 73.3, "3P%": 29.4}, "Darrion Trammell": {"GP": 33.0, "MIN": 27.7, "PTS": 7.6, "REB": 2.5, "AST": 3.3, "STL": 1.2, "BLK": 0.1, "TO": 1.4, "FG%": 37.8, "FT%": 80.6, "3P%": 31.2}, "Elijah Saunders": {"GP": 35.0, "MIN": 20.0, "PTS": 6.2, "REB": 3.7, "AST": 0.8, "STL": 0.5, "BLK": 0.3, "TO": 0.8, "FG%": 41.8, "FT%": 95.8, "3P%": 32.2}, "Jay Pal": {"GP": 35.0, "MIN": 17.3, "PTS": 5.2, "REB": 4.2, "AST": 0.8, "STL": 0.3, "BLK": 1.0, "TO": 1.3, "FG%": 46.1, "FT%": 70.1, "3P%": 30.3}, "Miles Byrd": {"GP": 32.0, "MIN": 14.0, "PTS": 3.9, "REB": 2.6, "AST": 0.9, "STL": 0.8, "BLK": 0.6, "TO": 0.8, "FG%": 36.8, "FT%": 84.6, "3P%": 28.6}, "Miles Heide": {"GP": 35.0, "MIN": 8.7, "PTS": 2.0, "REB": 2.3, "AST": 0.1, "STL": 0.2, "BLK": 0.5, "TO": 0.4, "FG%": 64.6, "FT%": 36.8, "3P%": 0.0}, "Cam Lawin": {"GP": 7.0, "MIN": 2.6, "PTS": 0.9, "REB": 0.1, "AST": 0.1, "STL": 0.0, "BLK": 0.0, "TO": 0.0, "FG%": 33.3, "FT%": 50.0, "3P%": 25.0}, "BJ Davis": {"GP": 10.0, "MIN": 6.1, "PTS": 0.8, "REB": 0.5, "AST": 0.1, "STL": 0.2, "BLK": 0.1, "TO": 0.4, "FG%": 7.7, "FT%": 71.4, "3P%": 9.1}, "Demarshay Johnson Jr.": {"GP": 14.0, "MIN": 5.2, "PTS": 0.4, "REB": 1.0, "AST": 0.1, "STL": 0.2, "BLK": 0.3, "TO": 0.2, "FG%": 42.9, "FT%": 0.0, "3P%": 0.0}, "Cade Alger": {"GP": 7.0, "MIN": 2.3, "PTS": 0.3, "REB": 0.4, "AST": 0.1, "STL": 0.0, "BLK": 0.0, "TO": 0.3, "FG%": 0.0, "FT%": 100.0, "3P%": 0.0}, "Ryan Schwarz": {"GP": 5.0, "MIN": 3.2, "PTS": 0.0, "REB": 0.6, "AST": 0.0, "STL": 0.0, "BLK": 0.0, "TO": 0.6, "FG%": 0.0, "FT%": 0.0, "3P%": 0.0}, "Desai Lopez": {"GP": 3.0, "MIN": 2.7, "PTS": 0.0, "REB": 0.3, "AST": 0.0, "STL": 0.0, "BLK": 0.0, "TO": 0.3, "FG%": 0.0, "FT%": 0.0, "3P%": 0.0}}}, {"team": "UAB Blazers", "score": 65, "home": false, "stats": {"Yaxel Lendeborg": {"GP": 35.0, "MIN": 30.1, "PTS": 13.8, "REB": 10.6, "AST": 2.1, "STL": 0.7, "BLK": 2.1, "TO": 2.0, "FG%": 51.3, "FT%": 80.0, "3P%": 33.3}, "Eric Gaines": {"GP": 35.0, "MIN": 33.7, "PTS": 12.3, "REB": 3.9, "AST": 5.5, "STL": 2.3, "BLK": 0.5, "TO": 2.4, "FG%": 39.3, "FT%": 75.0, "3P%": 26.9}, "Efrem Johnson": {"GP": 34.0, "MIN": 30.9, "PTS": 11.2, "REB": 2.3, "AST": 1.7, "STL": 0.4, "BLK": 0.2, "TO": 1.3, "FG%": 42.9, "FT%": 82.1, "3P%": 35.9}, "Alejandro Vasquez": {"GP": 34.0, "MIN": 23.0, "PTS": 11.1, "REB": 3.4, "AST": 1.1, "STL": 0.6, "BLK": 0.3, "TO": 1.2, "FG%": 44.0, "FT%": 80.9, "3P%": 39.4}, "Javian Davis": {"GP": 35.0, "MIN": 26.6, "PTS": 9.0, "REB": 5.6, "AST": 1.1, "STL": 0.8, "BLK": 0.4, "TO": 1.6, "FG%": 56.2, "FT%": 71.6, "3P%": 0.0}, "Christian Coleman": {"GP": 35.0, "MIN": 19.2, "PTS": 7.7, "REB": 4.5, "AST": 0.5, "STL": 0.5, "BLK": 0.8, "TO": 1.1, "FG%": 54.6, "FT%": 62.5, "3P%": 0.0}, "Daniel Ortiz": {"GP": 35.0, "MIN": 16.7, "PTS": 6.6, "REB": 1.4, "AST": 0.8, "STL": 0.7, "BLK": 0.1, "TO": 0.5, "FG%": 36.3, "FT%": 81.8, "3P%": 33.1}, "Tony Toney": {"GP": 35.0, "MIN": 17.3, "PTS": 4.6, "REB": 1.9, "AST": 0.7, "STL": 0.6, "BLK": 0.1, "TO": 0.7, "FG%": 41.0, "FT%": 59.1, "3P%": 28.1}, "James White": {"GP": 7.0, "MIN": 11.0, "PTS": 3.4, "REB": 1.9, "AST": 0.4, "STL": 0.6, "BLK": 0.0, "TO": 0.4, "FG%": 41.7, "FT%": 80.0, "3P%": 0.0}, "KJ Satterfield": {"GP": 1.0, "MIN": 5.0, "PTS": 3.0, "REB": 1.0, "AST": 0.0, "STL": 0.0, "BLK": 0.0, "TO": 0.0, "FG%": 33.3, "FT%": 0.0, "3P%": 33.3}, "Barry Dunning Jr.": {"GP": 15.0, "MIN": 4.3, "PTS": 1.2, "REB": 1.1, "AST": 0.1, "STL": 0.1, "BLK": 0.1, "TO": 0.3, "FG%": 31.6, "FT%": 71.4, "3P%": 20.0}, "Will Shaver": {"GP": 18.0, "MIN": 4.9, "PTS": 1.1, "REB": 1.0, "AST": 0.0, "STL": 0.1, "BLK": 0.2, "TO": 0.3, "FG%": 35.3, "FT%": 50.0, "3P%": 0.0}, "Jon Coleman": {"GP": 3.0, "MIN": 1.3, "PTS": 0.0, "REB": 0.3, "AST": 0.3, "STL": 0.0, "BLK": 0.0, "TO": 0.0, "FG%": 0.0, "FT%": 0.0, "3P%": 0.0}, "Ryan Donohoo": {"GP": 1.0, "MIN": 2.0, "PTS": 0.0, "REB": 0.0, "AST": 1.0, "STL": 0.0, "BLK": 0.0, "TO": 0.0, "FG%": 0.0, "FT%": 0.0, "3P%": 0.0}}}]