[{"team": "Tennessee Volunteers", "score": 62, "home": true, "stats": {"Dalton Knecht": {"GP": 34.0, "MIN": 30.2, "PTS": 21.1, "REB": 4.9, "AST": 1.7, "STL": 0.6, "BLK": 0.6, "TO": 1.7, "FG%": 46.1, "FT%": 76.8, "3P%": 39.1}, "Jonas Aidoo": {"GP": 34.0, "MIN": 25.4, "PTS": 12.0, "REB": 7.6, "AST": 1.0, "STL": 0.7, "BLK": 1.9, "TO": 1.0, "FG%": 52.8, "FT%": 62.6, "3P%": 20.0}, "Zakai Zeigler": {"GP": 34.0, "MIN": 31.2, "PTS": 11.7, "REB": 2.7, "AST": 6.0, "STL": 1.8, "BLK": 0.1, "TO": 2.2, "FG%": 39.7, "FT%": 72.5, "3P%": 34.9}, "Josiah-Jordan James": {"GP": 34.0, "MIN": 28.8, "PTS": 8.2, "REB": 6.5, "AST": 1.9, "STL": 1.4, "BLK": 0.6, "TO": 1.1, "FG%": 38.9, "FT%": 82.1, "3P%": 31.9}, "Jordan Gainey": {"GP": 34.0, "MIN": 18.4, "PTS": 6.9, "REB": 1.8, "AST": 1.3, "STL": 0.9, "BLK": 0.1, "TO": 0.9, "FG%": 35.0, "FT%": 87.0, "3P%": 27.9}, "Santiago Vescovi": {"GP": 34.0, "MIN": 25.6, "PTS": 6.5, "REB": 3.7, "AST": 2.5, "STL": 1.1, "BLK": 0.0, "TO": 1.0, "FG%": 37.2, "FT%": 79.6, "3P%": 32.8}, "Tobe Awaka": {"GP": 33.0, "MIN": 12.8, "PTS": 5.2, "REB": 4.6, "AST": 0.3, "STL": 0.3, "BLK": 0.6, "TO": 0.7, "FG%": 62.0, "FT%": 73.8, "3P%": 0.0}, "Jahmai Mashack": {"GP": 34.0, "MIN": 17.6, "PTS": 4.6, "REB": 2.9, "AST": 1.2, "STL": 0.8, "BLK": 0.3, "TO": 0.6, "FG%": 45.4, "FT%": 70.8, "3P%": 38.9}, "D.J. Jefferson": {"GP": 1.0, "MIN": 3.0, "PTS": 3.0, "REB": 2.0, "AST": 0.0, "STL": 0.0, "BLK": 0.0, "TO": 1.0, "FG%": 100.0, "FT%": 0.0, "3P%": 100.0}, "Freddie Dilione V": {"GP": 17.0, "MIN": 5.3, "PTS": 1.8, "REB": 0.6, "AST": 0.8, "STL": 0.4, "BLK": 0.1, "TO": 0.8, "FG%": 52.2, "FT%": 80.0, "3P%": 28.6}, "J.P. Estrella": {"GP": 23.0, "MIN": 4.7, "PTS": 1.7, "REB": 0.8, "AST": 0.1, "STL": 0.0, "BLK": 0.1, "TO": 0.4, "FG%": 70.0, "FT%": 71.4, "3P%": 0.0}, "Cameron Carr": {"GP": 13.0, "MIN": 4.5, "PTS": 1.5, "REB": 0.6, "AST": 0.5, "STL": 0.1, "BLK": 0.2, "TO": 0.3, "FG%": 26.9, "FT%": 66.7, "3P%": 23.5}, "Cade Phillips": {"GP": 13.0, "MIN": 6.0, "PTS": 0.9, "REB": 1.4, "AST": 0.4, "STL": 0.1, "BLK": 0.3, "TO": 0.2, "FG%": 66.7, "FT%": 88.9, "3P%": 0.0}, "Colin Coyne": {"GP": 4.0, "MIN": 2.0, "PTS": 0.5, "REB": 0.3, "AST": 0.0, "STL": 0.3, "BLK": 0.0, "TO": 0.0, "FG%": 50.0, "FT%": 0.0, "3P%": 0.0}, "Grant Hurst": {"GP": 4.0, "MIN": 1.5, "PTS": 0.0, "REB": 0.3, "AST": 0.0, "STL": 0.0, "BLK": 0.0, "TO": 0.5, "FG%": 0.0, "FT%": 0.0, "3P%": 0.0}, "Kaylan Makan": {"GP": 1.0, "MIN": 2.0, "PTS": 0.0, "REB": 0.0, "AST": 0.0, "STL": 0.0, "BLK": 0.0, "TO": 0.0, "FG%": 0.0, "FT%": 0.0, "3P%": 0.0}}}, {"team": "Texas Longhorns", "score": 58, "home": false, "stats": {"Max Abmas": {"GP": 34.0, "MIN": 35.0, "PTS": 16.8, "REB": 3.1, "AST": 4.1, "STL": 0.9, "BLK": 0.1, "TO": 2.3, "FG%": 42.5, "FT%": 90.0, "3P%": 36.2}, "Dylan Disu": {"GP": 25.0, "MIN": 25.7, "PTS": 15.5, "REB": 5.0, "AST": 1.5, "STL": 1.3, "BLK": 1.1, "TO": 1.6, "FG%": 46.5, "FT%": 81.2, "3P%": 45.1}, "Tyrese Hunter": {"GP": 33.0, "MIN": 32.2, "PTS": 11.1, "REB": 2.9, "AST": 4.1, "STL": 1.3, "BLK": 0.2, "TO": 2.7, "FG%": 45.2, "FT%": 71.6, "3P%": 34.3}, "Dillon Mitchell": {"GP": 34.0, "MIN": 29.0, "PTS": 9.6, "REB": 7.5, "AST": 1.4, "STL": 1.0, "BLK": 0.9, "TO": 1.4, "FG%": 58.5, "FT%": 59.8, "3P%": 0.0}, "Kadin Shedrick": {"GP": 32.0, "MIN": 17.2, "PTS": 7.7, "REB": 3.0, "AST": 0.5, "STL": 0.8, "BLK": 1.1, "TO": 0.9, "FG%": 59.2, "FT%": 72.4, "3P%": 37.5}, "Chendall Weaver": {"GP": 34.0, "MIN": 18.4, "PTS": 6.2, "REB": 3.0, "AST": 0.6, "STL": 0.6, "BLK": 0.4, "TO": 0.4, "FG%": 49.0, "FT%": 74.0, "3P%": 23.7}, "Ithiel Horton": {"GP": 34.0, "MIN": 20.0, "PTS": 5.9, "REB": 2.7, "AST": 0.8, "STL": 0.5, "BLK": 0.1, "TO": 0.7, "FG%": 38.9, "FT%": 71.9, "3P%": 35.1}, "Brock Cunningham": {"GP": 34.0, "MIN": 22.0, "PTS": 4.4, "REB": 3.8, "AST": 2.1, "STL": 1.0, "BLK": 0.4, "TO": 0.9, "FG%": 40.8, "FT%": 89.3, "3P%": 36.8}, "Ze'Rik Onyema": {"GP": 23.0, "MIN": 9.1, "PTS": 3.3, "REB": 2.2, "AST": 0.2, "STL": 0.1, "BLK": 0.7, "TO": 0.6, "FG%": 54.5, "FT%": 71.4, "3P%": 0.0}, "Chris Johnson": {"GP": 17.0, "MIN": 4.5, "PTS": 1.1, "REB": 0.3, "AST": 0.4, "STL": 0.2, "BLK": 0.0, "TO": 0.4, "FG%": 42.1, "FT%": 0.0, "3P%": 28.6}, "Devon Pryor": {"GP": 7.0, "MIN": 3.6, "PTS": 0.7, "REB": 1.0, "AST": 0.0, "STL": 0.0, "BLK": 0.0, "TO": 0.0, "FG%": 22.2, "FT%": 0.0, "3P%": 20.0}, "Alex Anamekwe": {"GP": 6.0, "MIN": 1.8, "PTS": 0.3, "REB": 0.3, "AST": 0.0, "STL": 0.0, "BLK": 0.0, "TO": 0.3, "FG%": 0.0, "FT%": 100.0, "3P%": 0.0}, "Gavin Perryman": {"GP": 7.0, "MIN": 1.6, "PTS": 0.3, "REB": 0.4, "AST": 0.1, "STL": 0.3, "BLK": 0.0, "TO": 0.1, "FG%": 25.0, "FT%": 0.0, "3P%": 0.0}, "Cole Bott": {"GP": 2.0, "MIN": 1.5, "PTS": 0.0, "REB": 0.5, "AST": 0.0, "STL": 0.0, "BLK": 0.0, "TO": 0.5, "FG%": 0.0, "FT%": 0.0, "3P%": 0.0}, "Preston Clark": {"GP": 3.0, "MIN": 1.0, "PTS": 0.0, "REB": 0.0, "AST": 0.0, "STL": 0.0, "BLK": 0.0, "TO": 0.0, "FG%": 0.0, "FT%": 0.0, "3P%": 0.0}}}]