[{"team": "Tennessee Volunteers", "score": 82, "home": true, "stats": {"Dalton Knecht": {"GP": 35.0, "MIN": 30.4, "PTS": 21.2, "REB": 4.9, "AST": 1.8, "STL": 0.7, "BLK": 0.7, "TO": 1.7, "FG%": 45.8, "FT%": 77.2, "3P%": 39.2}, "Zakai Zeigler": {"GP": 35.0, "MIN": 31.4, "PTS": 11.9, "REB": 2.8, "AST": 6.0, "STL": 1.8, "BLK": 0.1, "TO": 2.2, "FG%": 39.8, "FT%": 71.9, "3P%": 35.3}, "Jonas Aidoo": {"GP": 35.0, "MIN": 25.1, "PTS": 11.7, "REB": 7.5, "AST": 0.9, "STL": 0.7, "BLK": 1.9, "TO": 1.0, "FG%": 52.1, "FT%": 62.6, "3P%": 20.0}, "Josiah-Jordan James": {"GP": 35.0, "MIN": 29.1, "PTS": 8.4, "REB": 6.4, "AST": 1.9, "STL": 1.3, "BLK": 0.6, "TO": 1.0, "FG%": 39.6, "FT%": 83.1, "3P%": 33.1}, "Jordan Gainey": {"GP": 35.0, "MIN": 18.3, "PTS": 6.9, "REB": 1.8, "AST": 1.2, "STL": 0.9, "BLK": 0.2, "TO": 0.9, "FG%": 35.6, "FT%": 87.0, "3P%": 28.0}, "Santiago Vescovi": {"GP": 34.0, "MIN": 25.6, "PTS": 6.5, "REB": 3.7, "AST": 2.5, "STL": 1.1, "BLK": 0.0, "TO": 1.0, "FG%": 37.2, "FT%": 79.6, "3P%": 32.8}, "Tobe Awaka": {"GP": 34.0, "MIN": 13.1, "PTS": 5.2, "REB": 4.6, "AST": 0.3, "STL": 0.3, "BLK": 0.6, "TO": 0.7, "FG%": 59.8, "FT%": 74.2, "3P%": 0.0}, "Jahmai Mashack": {"GP": 35.0, "MIN": 17.8, "PTS": 4.6, "REB": 3.1, "AST": 1.3, "STL": 0.8, "BLK": 0.3, "TO": 0.6, "FG%": 45.2, "FT%": 70.8, "3P%": 36.8}, "D.J. Jefferson": {"GP": 1.0, "MIN": 3.0, "PTS": 3.0, "REB": 2.0, "AST": 0.0, "STL": 0.0, "BLK": 0.0, "TO": 1.0, "FG%": 100.0, "FT%": 0.0, "3P%": 100.0}, "Freddie Dilione V": {"GP": 18.0, "MIN": 5.2, "PTS": 1.7, "REB": 0.6, "AST": 0.8, "STL": 0.3, "BLK": 0.1, "TO": 0.8, "FG%": 52.2, "FT%": 80.0, "3P%": 28.6}, "Cameron Carr": {"GP": 14.0, "MIN": 4.3, "PTS": 1.6, "REB": 0.6, "AST": 0.5, "STL": 0.1, "BLK": 0.1, "TO": 0.3, "FG%": 29.6, "FT%": 66.7, "3P%": 27.8}, "J.P. Estrella": {"GP": 24.0, "MIN": 4.5, "PTS": 1.6, "REB": 0.8, "AST": 0.1, "STL": 0.0, "BLK": 0.1, "TO": 0.4, "FG%": 70.0, "FT%": 71.4, "3P%": 0.0}, "Cade Phillips": {"GP": 13.0, "MIN": 6.0, "PTS": 0.9, "REB": 1.4, "AST": 0.4, "STL": 0.1, "BLK": 0.3, "TO": 0.2, "FG%": 66.7, "FT%": 88.9, "3P%": 0.0}, "Colin Coyne": {"GP": 4.0, "MIN": 2.0, "PTS": 0.5, "REB": 0.3, "AST": 0.0, "STL": 0.3, "BLK": 0.0, "TO": 0.0, "FG%": 50.0, "FT%": 0.0, "3P%": 0.0}, "Grant Hurst": {"GP": 4.0, "MIN": 1.5, "PTS": 0.0, "REB": 0.3, "AST": 0.0, "STL": 0.0, "BLK": 0.0, "TO": 0.5, "FG%": 0.0, "FT%": 0.0, "3P%": 0.0}, "Kaylan Makan": {"GP": 1.0, "MIN": 2.0, "PTS": 0.0, "REB": 0.0, "AST": 0.0, "STL": 0.0, "BLK": 0.0, "TO": 0.0, "FG%": 0.0, "FT%": 0.0, "3P%": 0.0}}}, {"team": "Creighton Bluejays", "score": 75, "home": false, "stats": {"Baylor Scheierman": {"GP": 35.0, "MIN": 36.8, "PTS": 18.5, "REB": 9.0, "AST": 3.9, "STL": 0.9, "BLK": 0.1, "TO": 2.2, "FG%": 44.8, "FT%": 87.6, "3P%": 38.1}, "Trey Alexander": {"GP": 35.0, "MIN": 37.2, "PTS": 17.6, "REB": 5.7, "AST": 4.7, "STL": 1.1, "BLK": 0.4, "TO": 2.5, "FG%": 44.6, "FT%": 82.4, "3P%": 33.9}, "Ryan Kalkbrenner": {"GP": 35.0, "MIN": 34.6, "PTS": 17.3, "REB": 7.6, "AST": 1.3, "STL": 0.4, "BLK": 3.1, "TO": 1.5, "FG%": 64.6, "FT%": 71.1, "3P%": 29.6}, "Steven Ashworth": {"GP": 35.0, "MIN": 31.7, "PTS": 11.1, "REB": 3.3, "AST": 4.2, "STL": 0.5, "BLK": 0.0, "TO": 1.5, "FG%": 39.4, "FT%": 90.7, "3P%": 34.9}, "Mason Miller": {"GP": 33.0, "MIN": 21.8, "PTS": 5.6, "REB": 3.3, "AST": 0.4, "STL": 0.2, "BLK": 0.1, "TO": 0.4, "FG%": 48.8, "FT%": 72.2, "3P%": 45.4}, "Francisco Farabello": {"GP": 35.0, "MIN": 21.9, "PTS": 3.8, "REB": 2.1, "AST": 1.5, "STL": 0.5, "BLK": 0.1, "TO": 0.9, "FG%": 49.5, "FT%": 70.0, "3P%": 42.0}, "Isaac Traudt": {"GP": 31.0, "MIN": 8.9, "PTS": 2.9, "REB": 1.2, "AST": 0.4, "STL": 0.1, "BLK": 0.0, "TO": 0.1, "FG%": 43.5, "FT%": 83.3, "3P%": 42.1}, "Fredrick King": {"GP": 30.0, "MIN": 6.4, "PTS": 2.6, "REB": 2.2, "AST": 0.1, "STL": 0.1, "BLK": 0.3, "TO": 0.3, "FG%": 57.1, "FT%": 52.0, "3P%": 0.0}, "Jasen Green": {"GP": 25.0, "MIN": 7.1, "PTS": 1.6, "REB": 1.7, "AST": 0.3, "STL": 0.0, "BLK": 0.0, "TO": 0.3, "FG%": 65.4, "FT%": 50.0, "3P%": 28.6}, "Josiah Dotzler": {"GP": 19.0, "MIN": 4.1, "PTS": 1.3, "REB": 0.4, "AST": 0.2, "STL": 0.2, "BLK": 0.0, "TO": 0.4, "FG%": 43.5, "FT%": 60.0, "3P%": 18.2}, "Johnathan Lawson": {"GP": 17.0, "MIN": 3.4, "PTS": 0.6, "REB": 0.7, "AST": 0.3, "STL": 0.0, "BLK": 0.1, "TO": 0.2, "FG%": 28.6, "FT%": 66.7, "3P%": 11.1}}}]