[{"team": "Tennessee Volunteers", "score": 83, "home": true, "stats": {"Dalton Knecht": {"GP": 33.0, "MIN": 30.0, "PTS": 21.2, "REB": 4.8, "AST": 1.8, "STL": 0.7, "BLK": 0.7, "TO": 1.7, "FG%": 46.7, "FT%": 76.3, "3P%": 40.1}, "Jonas Aidoo": {"GP": 33.0, "MIN": 25.2, "PTS": 12.0, "REB": 7.7, "AST": 0.9, "STL": 0.7, "BLK": 1.9, "TO": 1.0, "FG%": 53.5, "FT%": 62.1, "3P%": 20.0}, "Zakai Zeigler": {"GP": 33.0, "MIN": 30.9, "PTS": 11.8, "REB": 2.7, "AST": 6.0, "STL": 1.8, "BLK": 0.1, "TO": 2.2, "FG%": 40.6, "FT%": 72.9, "3P%": 35.8}, "Josiah-Jordan James": {"GP": 33.0, "MIN": 28.8, "PTS": 8.2, "REB": 6.4, "AST": 2.0, "STL": 1.4, "BLK": 0.6, "TO": 1.1, "FG%": 38.5, "FT%": 82.1, "3P%": 31.6}, "Jordan Gainey": {"GP": 33.0, "MIN": 18.5, "PTS": 6.9, "REB": 1.8, "AST": 1.3, "STL": 0.8, "BLK": 0.2, "TO": 0.9, "FG%": 35.4, "FT%": 86.5, "3P%": 28.8}, "Santiago Vescovi": {"GP": 33.0, "MIN": 25.8, "PTS": 6.7, "REB": 3.7, "AST": 2.5, "STL": 1.1, "BLK": 0.0, "TO": 1.0, "FG%": 37.4, "FT%": 79.6, "3P%": 33.6}, "Tobe Awaka": {"GP": 32.0, "MIN": 12.9, "PTS": 5.1, "REB": 4.6, "AST": 0.3, "STL": 0.3, "BLK": 0.6, "TO": 0.7, "FG%": 61.1, "FT%": 73.0, "3P%": 0.0}, "Jahmai Mashack": {"GP": 33.0, "MIN": 17.6, "PTS": 4.7, "REB": 2.9, "AST": 1.3, "STL": 0.8, "BLK": 0.3, "TO": 0.6, "FG%": 44.9, "FT%": 70.8, "3P%": 38.9}, "D.J. Jefferson": {"GP": 1.0, "MIN": 3.0, "PTS": 3.0, "REB": 2.0, "AST": 0.0, "STL": 0.0, "BLK": 0.0, "TO": 1.0, "FG%": 100.0, "FT%": 0.0, "3P%": 100.0}, "Freddie Dilione V": {"GP": 17.0, "MIN": 5.3, "PTS": 1.8, "REB": 0.6, "AST": 0.8, "STL": 0.4, "BLK": 0.1, "TO": 0.8, "FG%": 52.2, "FT%": 80.0, "3P%": 28.6}, "J.P. Estrella": {"GP": 22.0, "MIN": 4.8, "PTS": 1.7, "REB": 0.9, "AST": 0.1, "STL": 0.0, "BLK": 0.1, "TO": 0.5, "FG%": 70.0, "FT%": 71.4, "3P%": 0.0}, "Cameron Carr": {"GP": 13.0, "MIN": 4.5, "PTS": 1.5, "REB": 0.6, "AST": 0.5, "STL": 0.1, "BLK": 0.2, "TO": 0.3, "FG%": 26.9, "FT%": 66.7, "3P%": 23.5}, "Cade Phillips": {"GP": 13.0, "MIN": 6.0, "PTS": 0.9, "REB": 1.4, "AST": 0.4, "STL": 0.1, "BLK": 0.3, "TO": 0.2, "FG%": 66.7, "FT%": 88.9, "3P%": 0.0}, "Colin Coyne": {"GP": 4.0, "MIN": 2.0, "PTS": 0.5, "REB": 0.3, "AST": 0.0, "STL": 0.3, "BLK": 0.0, "TO": 0.0, "FG%": 50.0, "FT%": 0.0, "3P%": 0.0}, "Grant Hurst": {"GP": 4.0, "MIN": 1.5, "PTS": 0.0, "REB": 0.3, "AST": 0.0, "STL": 0.0, "BLK": 0.0, "TO": 0.5, "FG%": 0.0, "FT%": 0.0, "3P%": 0.0}, "Kaylan Makan": {"GP": 1.0, "MIN": 2.0, "PTS": 0.0, "REB": 0.0, "AST": 0.0, "STL": 0.0, "BLK": 0.0, "TO": 0.0, "FG%": 0.0, "FT%": 0.0, "3P%": 0.0}}}, {"team": "Saint Peter's Peacocks", "score": 49, "home": false, "stats": {"Corey Washington": {"GP": 26.0, "MIN": 28.5, "PTS": 15.9, "REB": 6.3, "AST": 0.5, "STL": 1.2, "BLK": 0.8, "TO": 1.1, "FG%": 45.5, "FT%": 77.3, "3P%": 30.8}, "Latrell Reid": {"GP": 33.0, "MIN": 32.8, "PTS": 11.3, "REB": 4.4, "AST": 4.5, "STL": 0.9, "BLK": 0.1, "TO": 2.7, "FG%": 36.8, "FT%": 65.4, "3P%": 34.0}, "Michael Houge": {"GP": 25.0, "MIN": 17.5, "PTS": 8.4, "REB": 5.2, "AST": 0.0, "STL": 0.3, "BLK": 0.6, "TO": 1.0, "FG%": 42.9, "FT%": 74.2, "3P%": 22.2}, "Roy Clarke": {"GP": 32.0, "MIN": 25.3, "PTS": 7.2, "REB": 3.1, "AST": 1.8, "STL": 0.8, "BLK": 0.2, "TO": 1.9, "FG%": 35.1, "FT%": 75.8, "3P%": 30.5}, "Marcus Randolph": {"GP": 32.0, "MIN": 20.4, "PTS": 6.5, "REB": 1.3, "AST": 0.7, "STL": 0.4, "BLK": 0.1, "TO": 1.1, "FG%": 38.8, "FT%": 70.8, "3P%": 40.4}, "Armoni Zeigler": {"GP": 33.0, "MIN": 18.9, "PTS": 6.2, "REB": 2.5, "AST": 1.2, "STL": 0.9, "BLK": 0.5, "TO": 1.0, "FG%": 38.7, "FT%": 62.0, "3P%": 34.8}, "Mouhamed Sow": {"GP": 33.0, "MIN": 22.6, "PTS": 5.4, "REB": 4.9, "AST": 0.5, "STL": 0.8, "BLK": 1.1, "TO": 1.2, "FG%": 41.2, "FT%": 73.1, "3P%": 27.3}, "Brent Bland": {"GP": 33.0, "MIN": 23.4, "PTS": 5.1, "REB": 2.8, "AST": 1.1, "STL": 1.2, "BLK": 0.1, "TO": 0.9, "FG%": 31.2, "FT%": 75.0, "3P%": 30.5}, "Stephon Roberts": {"GP": 32.0, "MIN": 13.2, "PTS": 2.5, "REB": 3.0, "AST": 0.2, "STL": 0.5, "BLK": 1.0, "TO": 0.6, "FG%": 61.1, "FT%": 64.3, "3P%": 50.0}, "Elijah Wood": {"GP": 25.0, "MIN": 7.1, "PTS": 1.9, "REB": 0.9, "AST": 0.2, "STL": 0.4, "BLK": 0.1, "TO": 0.2, "FG%": 39.5, "FT%": 50.0, "3P%": 35.3}, "Elijah Perkins": {"GP": 20.0, "MIN": 8.1, "PTS": 1.4, "REB": 0.8, "AST": 0.4, "STL": 0.3, "BLK": 0.1, "TO": 0.6, "FG%": 31.0, "FT%": 81.8, "3P%": 0.0}}}]