[{"team": "Texas Longhorns", "score": 56, "home": true, "stats": {"Max Abmas": {"GP": 33.0, "MIN": 35.1, "PTS": 17.0, "REB": 2.9, "AST": 4.2, "STL": 0.9, "BLK": 0.1, "TO": 2.2, "FG%": 42.8, "FT%": 89.8, "3P%": 36.3}, "Dylan Disu": {"GP": 24.0, "MIN": 25.3, "PTS": 15.7, "REB": 5.0, "AST": 1.5, "STL": 1.2, "BLK": 1.1, "TO": 1.7, "FG%": 48.0, "FT%": 80.7, "3P%": 46.4}, "Tyrese Hunter": {"GP": 32.0, "MIN": 32.0, "PTS": 11.0, "REB": 2.8, "AST": 4.2, "STL": 1.4, "BLK": 0.3, "TO": 2.6, "FG%": 44.8, "FT%": 71.6, "3P%": 34.3}, "Dillon Mitchell": {"GP": 33.0, "MIN": 29.1, "PTS": 9.9, "REB": 7.6, "AST": 1.5, "STL": 1.0, "BLK": 0.9, "TO": 1.4, "FG%": 58.8, "FT%": 59.8, "3P%": 0.0}, "Kadin Shedrick": {"GP": 31.0, "MIN": 17.4, "PTS": 7.8, "REB": 3.1, "AST": 0.5, "STL": 0.8, "BLK": 1.1, "TO": 1.0, "FG%": 58.9, "FT%": 72.9, "3P%": 37.5}, "Chendall Weaver": {"GP": 33.0, "MIN": 18.2, "PTS": 6.0, "REB": 3.0, "AST": 0.7, "STL": 0.6, "BLK": 0.4, "TO": 0.4, "FG%": 49.3, "FT%": 71.8, "3P%": 22.9}, "Ithiel Horton": {"GP": 33.0, "MIN": 20.3, "PTS": 6.0, "REB": 2.8, "AST": 0.8, "STL": 0.5, "BLK": 0.1, "TO": 0.7, "FG%": 39.0, "FT%": 71.9, "3P%": 35.9}, "Brock Cunningham": {"GP": 33.0, "MIN": 22.0, "PTS": 4.5, "REB": 3.8, "AST": 2.2, "STL": 1.0, "BLK": 0.4, "TO": 0.8, "FG%": 40.7, "FT%": 89.3, "3P%": 36.5}, "Ze'Rik Onyema": {"GP": 23.0, "MIN": 9.1, "PTS": 3.3, "REB": 2.2, "AST": 0.2, "STL": 0.1, "BLK": 0.7, "TO": 0.6, "FG%": 54.5, "FT%": 71.4, "3P%": 0.0}, "Chris Johnson": {"GP": 17.0, "MIN": 4.5, "PTS": 1.1, "REB": 0.3, "AST": 0.4, "STL": 0.2, "BLK": 0.0, "TO": 0.4, "FG%": 42.1, "FT%": 0.0, "3P%": 28.6}, "Devon Pryor": {"GP": 7.0, "MIN": 3.6, "PTS": 0.7, "REB": 1.0, "AST": 0.0, "STL": 0.0, "BLK": 0.0, "TO": 0.0, "FG%": 22.2, "FT%": 0.0, "3P%": 20.0}, "Alex Anamekwe": {"GP": 6.0, "MIN": 1.8, "PTS": 0.3, "REB": 0.3, "AST": 0.0, "STL": 0.0, "BLK": 0.0, "TO": 0.3, "FG%": 0.0, "FT%": 100.0, "3P%": 0.0}, "Gavin Perryman": {"GP": 7.0, "MIN": 1.6, "PTS": 0.3, "REB": 0.4, "AST": 0.1, "STL": 0.3, "BLK": 0.0, "TO": 0.1, "FG%": 25.0, "FT%": 0.0, "3P%": 0.0}, "Cole Bott": {"GP": 2.0, "MIN": 1.5, "PTS": 0.0, "REB": 0.5, "AST": 0.0, "STL": 0.0, "BLK": 0.0, "TO": 0.5, "FG%": 0.0, "FT%": 0.0, "3P%": 0.0}, "Preston Clark": {"GP": 3.0, "MIN": 1.0, "PTS": 0.0, "REB": 0.0, "AST": 0.0, "STL": 0.0, "BLK": 0.0, "TO": 0.0, "FG%": 0.0, "FT%": 0.0, "3P%": 0.0}}}, {"team": "Colorado State Rams", "score": 44, "home": false, "stats": {"Isaiah Stevens": {"GP": 36.0, "MIN": 34.8, "PTS": 16.0, "REB": 3.2, "AST": 6.8, "STL": 1.2, "BLK": 0.2, "TO": 2.4, "FG%": 47.4, "FT%": 83.6, "3P%": 44.0}, "Joel Scott": {"GP": 36.0, "MIN": 28.3, "PTS": 13.1, "REB": 6.1, "AST": 1.4, "STL": 0.8, "BLK": 0.9, "TO": 0.9, "FG%": 56.9, "FT%": 67.2, "3P%": 25.0}, "Nique Clifford": {"GP": 36.0, "MIN": 30.3, "PTS": 12.2, "REB": 7.6, "AST": 3.0, "STL": 1.4, "BLK": 0.9, "TO": 1.8, "FG%": 52.2, "FT%": 75.9, "3P%": 37.6}, "Patrick Cartier": {"GP": 35.0, "MIN": 23.1, "PTS": 10.4, "REB": 2.7, "AST": 1.9, "STL": 0.5, "BLK": 0.2, "TO": 1.1, "FG%": 51.7, "FT%": 84.8, "3P%": 36.0}, "Josiah Strong": {"GP": 30.0, "MIN": 25.3, "PTS": 6.6, "REB": 2.6, "AST": 1.5, "STL": 0.5, "BLK": 0.1, "TO": 0.8, "FG%": 41.8, "FT%": 72.7, "3P%": 21.4}, "Jalen Lake": {"GP": 31.0, "MIN": 22.8, "PTS": 6.0, "REB": 1.6, "AST": 1.3, "STL": 0.5, "BLK": 0.1, "TO": 0.6, "FG%": 37.1, "FT%": 76.7, "3P%": 30.2}, "Joe Palmer": {"GP": 36.0, "MIN": 16.2, "PTS": 5.0, "REB": 3.0, "AST": 0.7, "STL": 0.6, "BLK": 0.3, "TO": 0.6, "FG%": 38.4, "FT%": 76.3, "3P%": 32.7}, "Rashaan Mbemba": {"GP": 34.0, "MIN": 10.9, "PTS": 3.8, "REB": 2.2, "AST": 0.5, "STL": 0.3, "BLK": 0.3, "TO": 1.1, "FG%": 59.2, "FT%": 70.2, "3P%": 30.8}, "Kyle Evans": {"GP": 9.0, "MIN": 5.8, "PTS": 2.0, "REB": 1.3, "AST": 0.4, "STL": 0.1, "BLK": 0.3, "TO": 0.7, "FG%": 80.0, "FT%": 66.7, "3P%": 0.0}, "Taviontae Jackson": {"GP": 22.0, "MIN": 8.1, "PTS": 2.0, "REB": 1.5, "AST": 0.7, "STL": 0.4, "BLK": 0.1, "TO": 0.5, "FG%": 52.0, "FT%": 85.7, "3P%": 55.6}, "Javonte Johnson": {"GP": 19.0, "MIN": 6.3, "PTS": 1.9, "REB": 0.7, "AST": 0.3, "STL": 0.2, "BLK": 0.1, "TO": 0.4, "FG%": 44.8, "FT%": 100.0, "3P%": 37.5}, "Kyan Evans": {"GP": 36.0, "MIN": 8.1, "PTS": 1.7, "REB": 0.9, "AST": 0.8, "STL": 0.3, "BLK": 0.0, "TO": 0.6, "FG%": 41.3, "FT%": 68.4, "3P%": 32.1}, "Jack Payne": {"GP": 8.0, "MIN": 2.3, "PTS": 0.6, "REB": 0.9, "AST": 0.3, "STL": 0.1, "BLK": 0.0, "TO": 0.0, "FG%": 20.0, "FT%": 75.0, "3P%": 0.0}, "Luke Murphy": {"GP": 4.0, "MIN": 1.5, "PTS": 0.5, "REB": 0.0, "AST": 0.5, "STL": 0.3, "BLK": 0.0, "TO": 0.0, "FG%": 50.0, "FT%": 0.0, "3P%": 0.0}}}]