[{"team": "Texas A&M Aggies", "score": 98, "home": false, "stats": {"Wade Taylor IV": {"GP": 35.0, "MIN": 32.6, "PTS": 19.0, "REB": 3.4, "AST": 4.1, "STL": 1.9, "BLK": 0.0, "TO": 2.9, "FG%": 37.4, "FT%": 84.5, "3P%": 32.9}, "Tyrece Radford": {"GP": 30.0, "MIN": 32.5, "PTS": 16.1, "REB": 6.2, "AST": 2.5, "STL": 0.5, "BLK": 0.1, "TO": 1.3, "FG%": 40.9, "FT%": 70.4, "3P%": 27.6}, "Henry Coleman III": {"GP": 31.0, "MIN": 23.7, "PTS": 8.9, "REB": 5.7, "AST": 0.7, "STL": 0.7, "BLK": 0.1, "TO": 0.7, "FG%": 57.1, "FT%": 69.5, "3P%": 0.0}, "Solomon Washington": {"GP": 33.0, "MIN": 23.6, "PTS": 7.3, "REB": 5.7, "AST": 0.8, "STL": 0.8, "BLK": 1.1, "TO": 0.8, "FG%": 48.0, "FT%": 71.6, "3P%": 28.1}, "Jace Carter": {"GP": 35.0, "MIN": 25.0, "PTS": 6.9, "REB": 4.7, "AST": 0.6, "STL": 0.8, "BLK": 0.2, "TO": 0.6, "FG%": 32.6, "FT%": 64.1, "3P%": 24.1}, "Manny Obaseki": {"GP": 34.0, "MIN": 14.4, "PTS": 6.7, "REB": 1.4, "AST": 0.8, "STL": 0.6, "BLK": 0.1, "TO": 0.8, "FG%": 41.4, "FT%": 57.0, "3P%": 40.0}, "Andersson Garcia": {"GP": 35.0, "MIN": 28.0, "PTS": 5.8, "REB": 9.2, "AST": 1.5, "STL": 1.3, "BLK": 0.7, "TO": 0.9, "FG%": 54.5, "FT%": 70.5, "3P%": 42.1}, "Hayden Hefner": {"GP": 34.0, "MIN": 14.6, "PTS": 5.1, "REB": 1.7, "AST": 0.6, "STL": 0.4, "BLK": 0.1, "TO": 1.0, "FG%": 33.9, "FT%": 59.5, "3P%": 28.8}, "Eli Lawrence": {"GP": 24.0, "MIN": 6.3, "PTS": 2.1, "REB": 0.8, "AST": 0.2, "STL": 0.2, "BLK": 0.1, "TO": 0.3, "FG%": 26.8, "FT%": 50.0, "3P%": 14.6}, "Bryce Lindsay": {"GP": 8.0, "MIN": 6.9, "PTS": 1.8, "REB": 0.1, "AST": 0.6, "STL": 0.3, "BLK": 0.0, "TO": 0.8, "FG%": 33.3, "FT%": 0.0, "3P%": 18.2}, "Wildens Leveque": {"GP": 34.0, "MIN": 9.8, "PTS": 1.6, "REB": 2.6, "AST": 0.1, "STL": 0.1, "BLK": 0.6, "TO": 0.3, "FG%": 29.5, "FT%": 80.0, "3P%": 0.0}, "Jaelyn Lee": {"GP": 9.0, "MIN": 1.9, "PTS": 0.7, "REB": 0.4, "AST": 0.0, "STL": 0.1, "BLK": 0.1, "TO": 0.0, "FG%": 16.7, "FT%": 80.0, "3P%": 0.0}}}, {"team": "Nebraska Cornhuskers", "score": 83, "home": true, "stats": {"Keisei Tominaga": {"GP": 32.0, "MIN": 26.0, "PTS": 15.1, "REB": 2.3, "AST": 1.4, "STL": 0.9, "BLK": 0.0, "TO": 1.2, "FG%": 46.6, "FT%": 87.5, "3P%": 37.6}, "Brice Williams": {"GP": 34.0, "MIN": 29.7, "PTS": 13.4, "REB": 5.5, "AST": 2.5, "STL": 1.1, "BLK": 0.6, "TO": 1.8, "FG%": 44.4, "FT%": 84.4, "3P%": 38.8}, "Rienk Mast": {"GP": 32.0, "MIN": 29.8, "PTS": 12.3, "REB": 7.5, "AST": 3.0, "STL": 0.4, "BLK": 0.5, "TO": 1.8, "FG%": 43.3, "FT%": 83.8, "3P%": 34.4}, "Juwan Gary": {"GP": 28.0, "MIN": 27.1, "PTS": 11.6, "REB": 6.1, "AST": 1.3, "STL": 1.1, "BLK": 0.8, "TO": 0.7, "FG%": 49.8, "FT%": 67.9, "3P%": 30.6}, "C.J. Wilcher": {"GP": 33.0, "MIN": 18.0, "PTS": 7.7, "REB": 1.5, "AST": 0.8, "STL": 0.5, "BLK": 0.2, "TO": 1.0, "FG%": 45.1, "FT%": 93.9, "3P%": 39.4}, "Josiah Allick": {"GP": 33.0, "MIN": 23.9, "PTS": 7.3, "REB": 5.4, "AST": 1.3, "STL": 0.6, "BLK": 0.4, "TO": 1.0, "FG%": 55.0, "FT%": 64.4, "3P%": 36.4}, "Jamarques Lawrence": {"GP": 34.0, "MIN": 23.6, "PTS": 6.9, "REB": 3.1, "AST": 2.5, "STL": 0.8, "BLK": 0.0, "TO": 2.0, "FG%": 42.0, "FT%": 77.1, "3P%": 35.6}, "Eli Rice": {"GP": 17.0, "MIN": 9.8, "PTS": 4.2, "REB": 1.6, "AST": 0.4, "STL": 0.2, "BLK": 0.2, "TO": 0.2, "FG%": 41.3, "FT%": 71.9, "3P%": 37.0}, "Sam Hoiberg": {"GP": 34.0, "MIN": 19.7, "PTS": 3.4, "REB": 2.9, "AST": 1.7, "STL": 0.9, "BLK": 0.1, "TO": 0.7, "FG%": 37.8, "FT%": 68.4, "3P%": 30.6}, "Jarron Coleman": {"GP": 12.0, "MIN": 12.0, "PTS": 2.4, "REB": 1.7, "AST": 2.3, "STL": 0.3, "BLK": 0.1, "TO": 1.4, "FG%": 25.0, "FT%": 63.6, "3P%": 18.2}, "Matar Diop": {"GP": 19.0, "MIN": 3.7, "PTS": 0.8, "REB": 0.9, "AST": 0.3, "STL": 0.2, "BLK": 0.2, "TO": 0.3, "FG%": 50.0, "FT%": 33.3, "3P%": 50.0}, "Cale Jacobsen": {"GP": 20.0, "MIN": 2.7, "PTS": 0.7, "REB": 0.2, "AST": 0.3, "STL": 0.1, "BLK": 0.0, "TO": 0.1, "FG%": 50.0, "FT%": 50.0, "3P%": 33.3}, "Jeffrey Grace III": {"GP": 16.0, "MIN": 1.3, "PTS": 0.4, "REB": 0.2, "AST": 0.1, "STL": 0.0, "BLK": 0.0, "TO": 0.1, "FG%": 50.0, "FT%": 40.0, "3P%": 0.0}, "Henry Burt": {"GP": 7.0, "MIN": 1.6, "PTS": 0.3, "REB": 0.4, "AST": 0.0, "STL": 0.0, "BLK": 0.0, "TO": 0.0, "FG%": 50.0, "FT%": 0.0, "3P%": 0.0}}}]