[{"team": "UConn Huskies", "score": 73, "home": true, "stats": {"Tristen Newton": {"GP": 34.0, "MIN": 33.2, "PTS": 15.2, "REB": 7.0, "AST": 6.0, "STL": 1.0, "BLK": 0.4, "TO": 2.6, "FG%": 41.2, "FT%": 80.4, "3P%": 32.4}, "Cam Spencer": {"GP": 34.0, "MIN": 32.9, "PTS": 14.5, "REB": 4.5, "AST": 3.6, "STL": 1.4, "BLK": 0.2, "TO": 1.1, "FG%": 48.8, "FT%": 91.3, "3P%": 44.4}, "Alex Karaban": {"GP": 33.0, "MIN": 31.6, "PTS": 13.9, "REB": 5.0, "AST": 1.4, "STL": 0.9, "BLK": 0.8, "TO": 1.0, "FG%": 50.1, "FT%": 88.9, "3P%": 39.5}, "Donovan Clingan": {"GP": 29.0, "MIN": 22.0, "PTS": 12.5, "REB": 7.2, "AST": 1.5, "STL": 0.4, "BLK": 2.3, "TO": 0.8, "FG%": 63.8, "FT%": 57.0, "3P%": 33.3}, "Stephon Castle": {"GP": 28.0, "MIN": 26.7, "PTS": 10.8, "REB": 4.5, "AST": 2.9, "STL": 0.9, "BLK": 0.6, "TO": 1.5, "FG%": 46.8, "FT%": 75.6, "3P%": 28.1}, "Hassan Diarra": {"GP": 34.0, "MIN": 19.3, "PTS": 6.0, "REB": 2.9, "AST": 2.5, "STL": 0.9, "BLK": 0.4, "TO": 1.1, "FG%": 47.6, "FT%": 79.6, "3P%": 37.5}, "Samson Johnson": {"GP": 34.0, "MIN": 16.6, "PTS": 5.5, "REB": 3.0, "AST": 0.5, "STL": 0.5, "BLK": 0.9, "TO": 0.8, "FG%": 72.3, "FT%": 42.9, "3P%": 0.0}, "Solomon Ball": {"GP": 33.0, "MIN": 13.1, "PTS": 3.8, "REB": 1.1, "AST": 0.3, "STL": 0.2, "BLK": 0.0, "TO": 0.4, "FG%": 40.6, "FT%": 71.4, "3P%": 34.3}, "Jaylin Stewart": {"GP": 31.0, "MIN": 8.8, "PTS": 2.6, "REB": 1.2, "AST": 0.3, "STL": 0.1, "BLK": 0.2, "TO": 0.3, "FG%": 47.1, "FT%": 43.8, "3P%": 26.5}, "Apostolos Roumoglou": {"GP": 18.0, "MIN": 2.4, "PTS": 0.9, "REB": 0.6, "AST": 0.2, "STL": 0.1, "BLK": 0.1, "TO": 0.0, "FG%": 50.0, "FT%": 100.0, "3P%": 50.0}, "Jayden Ross": {"GP": 17.0, "MIN": 5.4, "PTS": 0.8, "REB": 0.7, "AST": 0.3, "STL": 0.2, "BLK": 0.0, "TO": 0.1, "FG%": 26.3, "FT%": 66.7, "3P%": 9.1}, "Andrew Hurley": {"GP": 12.0, "MIN": 1.5, "PTS": 0.6, "REB": 0.1, "AST": 0.0, "STL": 0.0, "BLK": 0.0, "TO": 0.1, "FG%": 33.3, "FT%": 50.0, "3P%": 40.0}, "Youssouf Singare": {"GP": 19.0, "MIN": 2.1, "PTS": 0.2, "REB": 0.6, "AST": 0.0, "STL": 0.0, "BLK": 0.1, "TO": 0.1, "FG%": 33.3, "FT%": 100.0, "3P%": 0.0}, "Andre Johnson Jr.": {"GP": 9.0, "MIN": 0.9, "PTS": 0.0, "REB": 0.0, "AST": 0.0, "STL": 0.1, "BLK": 0.0, "TO": 0.0, "FG%": 0.0, "FT%": 0.0, "3P%": 0.0}}}, {"team": "Marquette Golden Eagles", "score": 57, "home": false, "stats": {"Kam Jones": {"GP": 33.0, "MIN": 28.8, "PTS": 16.8, "REB": 2.9, "AST": 2.5, "STL": 1.2, "BLK": 0.0, "TO": 1.3, "FG%": 49.8, "FT%": 72.9, "3P%": 41.1}, "Tyler Kolek": {"GP": 28.0, "MIN": 32.4, "PTS": 15.0, "REB": 4.7, "AST": 7.6, "STL": 1.6, "BLK": 0.1, "TO": 2.8, "FG%": 48.6, "FT%": 88.0, "3P%": 40.0}, "Oso Ighodaro": {"GP": 33.0, "MIN": 32.3, "PTS": 14.0, "REB": 6.9, "AST": 2.9, "STL": 1.0, "BLK": 1.2, "TO": 1.8, "FG%": 58.3, "FT%": 63.1, "3P%": 0.0}, "David Joplin": {"GP": 34.0, "MIN": 27.3, "PTS": 10.9, "REB": 3.8, "AST": 0.5, "STL": 0.8, "BLK": 0.8, "TO": 1.2, "FG%": 42.0, "FT%": 70.3, "3P%": 37.0}, "Stevie Mitchell": {"GP": 30.0, "MIN": 26.1, "PTS": 8.8, "REB": 4.1, "AST": 0.8, "STL": 1.8, "BLK": 0.1, "TO": 0.7, "FG%": 52.3, "FT%": 77.4, "3P%": 28.3}, "Chase Ross": {"GP": 29.0, "MIN": 22.0, "PTS": 6.3, "REB": 3.1, "AST": 0.7, "STL": 1.2, "BLK": 0.4, "TO": 0.8, "FG%": 42.3, "FT%": 70.9, "3P%": 35.9}, "Sean Jones": {"GP": 16.0, "MIN": 16.3, "PTS": 5.8, "REB": 1.5, "AST": 2.0, "STL": 0.9, "BLK": 0.0, "TO": 1.1, "FG%": 41.8, "FT%": 75.0, "3P%": 25.7}, "Ben Gold": {"GP": 34.0, "MIN": 17.4, "PTS": 5.1, "REB": 3.1, "AST": 0.6, "STL": 0.5, "BLK": 0.4, "TO": 0.5, "FG%": 45.3, "FT%": 61.5, "3P%": 36.1}, "Tre Norman": {"GP": 33.0, "MIN": 9.4, "PTS": 2.1, "REB": 1.3, "AST": 0.5, "STL": 0.4, "BLK": 0.1, "TO": 0.3, "FG%": 38.4, "FT%": 71.4, "3P%": 19.4}, "Zaide Lowery": {"GP": 30.0, "MIN": 9.7, "PTS": 1.7, "REB": 1.4, "AST": 0.3, "STL": 0.3, "BLK": 0.1, "TO": 0.3, "FG%": 32.7, "FT%": 64.3, "3P%": 31.0}, "Al Amadou": {"GP": 13.0, "MIN": 3.8, "PTS": 1.3, "REB": 0.5, "AST": 0.3, "STL": 0.0, "BLK": 0.2, "TO": 0.2, "FG%": 66.7, "FT%": 25.0, "3P%": 0.0}, "Jonah Lucas": {"GP": 10.0, "MIN": 1.3, "PTS": 0.6, "REB": 0.0, "AST": 0.0, "STL": 0.0, "BLK": 0.0, "TO": 0.2, "FG%": 28.6, "FT%": 0.0, "3P%": 33.3}, "Cameron Brown": {"GP": 10.0, "MIN": 1.5, "PTS": 0.3, "REB": 0.2, "AST": 0.0, "STL": 0.0, "BLK": 0.0, "TO": 0.0, "FG%": 16.7, "FT%": 0.0, "3P%": 33.3}, "Casey O'Malley": {"GP": 9.0, "MIN": 1.4, "PTS": 0.0, "REB": 0.2, "AST": 0.1, "STL": 0.1, "BLK": 0.0, "TO": 0.2, "FG%": 0.0, "FT%": 0.0, "3P%": 0.0}, "Jack Riley": {"GP": 10.0, "MIN": 1.4, "PTS": 0.0, "REB": 0.5, "AST": 0.0, "STL": 0.0, "BLK": 0.0, "TO": 0.0, "FG%": 0.0, "FT%": 0.0, "3P%": 0.0}}}]