[{"team": "UConn Huskies", "score": 75, "home": true, "stats": {"Tristen Newton": {"GP": 36.0, "MIN": 33.1, "PTS": 15.3, "REB": 6.8, "AST": 6.2, "STL": 1.0, "BLK": 0.3, "TO": 2.6, "FG%": 42.0, "FT%": 80.6, "3P%": 32.1}, "Cam Spencer": {"GP": 36.0, "MIN": 32.7, "PTS": 14.4, "REB": 4.5, "AST": 3.6, "STL": 1.4, "BLK": 0.2, "TO": 1.1, "FG%": 48.8, "FT%": 91.5, "3P%": 44.0}, "Alex Karaban": {"GP": 35.0, "MIN": 31.4, "PTS": 13.7, "REB": 4.9, "AST": 1.4, "STL": 0.9, "BLK": 0.8, "TO": 0.9, "FG%": 50.1, "FT%": 87.5, "3P%": 38.7}, "Donovan Clingan": {"GP": 31.0, "MIN": 22.1, "PTS": 12.8, "REB": 7.4, "AST": 1.5, "STL": 0.5, "BLK": 2.4, "TO": 0.8, "FG%": 64.8, "FT%": 58.3, "3P%": 33.3}, "Stephon Castle": {"GP": 30.0, "MIN": 26.7, "PTS": 10.8, "REB": 4.4, "AST": 2.9, "STL": 0.8, "BLK": 0.6, "TO": 1.4, "FG%": 47.2, "FT%": 76.1, "3P%": 27.9}, "Hassan Diarra": {"GP": 36.0, "MIN": 19.3, "PTS": 5.9, "REB": 2.9, "AST": 2.4, "STL": 0.9, "BLK": 0.3, "TO": 1.1, "FG%": 47.1, "FT%": 78.0, "3P%": 34.4}, "Samson Johnson": {"GP": 36.0, "MIN": 16.5, "PTS": 5.4, "REB": 2.9, "AST": 0.4, "STL": 0.5, "BLK": 0.9, "TO": 0.8, "FG%": 72.0, "FT%": 42.9, "3P%": 0.0}, "Solomon Ball": {"GP": 35.0, "MIN": 12.6, "PTS": 3.6, "REB": 1.1, "AST": 0.3, "STL": 0.2, "BLK": 0.0, "TO": 0.4, "FG%": 39.3, "FT%": 69.6, "3P%": 32.9}, "Jaylin Stewart": {"GP": 33.0, "MIN": 9.1, "PTS": 2.6, "REB": 1.3, "AST": 0.3, "STL": 0.1, "BLK": 0.2, "TO": 0.3, "FG%": 46.7, "FT%": 43.8, "3P%": 27.8}, "Apostolos Roumoglou": {"GP": 20.0, "MIN": 2.4, "PTS": 1.0, "REB": 0.6, "AST": 0.2, "STL": 0.1, "BLK": 0.1, "TO": 0.0, "FG%": 54.5, "FT%": 100.0, "3P%": 50.0}, "Jayden Ross": {"GP": 19.0, "MIN": 5.1, "PTS": 0.7, "REB": 0.8, "AST": 0.3, "STL": 0.2, "BLK": 0.0, "TO": 0.1, "FG%": 23.8, "FT%": 40.0, "3P%": 9.1}, "Andrew Hurley": {"GP": 14.0, "MIN": 1.5, "PTS": 0.5, "REB": 0.1, "AST": 0.0, "STL": 0.0, "BLK": 0.0, "TO": 0.1, "FG%": 33.3, "FT%": 50.0, "3P%": 40.0}, "Andre Johnson Jr.": {"GP": 11.0, "MIN": 0.9, "PTS": 0.3, "REB": 0.0, "AST": 0.0, "STL": 0.1, "BLK": 0.0, "TO": 0.0, "FG%": 50.0, "FT%": 0.0, "3P%": 50.0}, "Youssouf Singare": {"GP": 21.0, "MIN": 2.0, "PTS": 0.2, "REB": 0.7, "AST": 0.0, "STL": 0.0, "BLK": 0.0, "TO": 0.0, "FG%": 33.3, "FT%": 100.0, "3P%": 0.0}}}, {"team": "Northwestern Wildcats", "score": 58, "home": false, "stats": {"Boo Buie": {"GP": 34.0, "MIN": 36.9, "PTS": 19.0, "REB": 3.3, "AST": 5.0, "STL": 1.4, "BLK": 0.1, "TO": 2.3, "FG%": 43.8, "FT%": 85.8, "3P%": 43.4}, "Brooks Barnhizer": {"GP": 34.0, "MIN": 36.7, "PTS": 14.6, "REB": 7.5, "AST": 2.6, "STL": 1.8, "BLK": 0.8, "TO": 1.5, "FG%": 42.9, "FT%": 76.6, "3P%": 34.8}, "Ryan Langborg": {"GP": 32.0, "MIN": 33.3, "PTS": 12.7, "REB": 3.0, "AST": 2.5, "STL": 1.3, "BLK": 0.2, "TO": 0.9, "FG%": 44.0, "FT%": 77.4, "3P%": 42.1}, "Ty Berry": {"GP": 23.0, "MIN": 29.7, "PTS": 11.6, "REB": 3.9, "AST": 1.4, "STL": 1.3, "BLK": 0.0, "TO": 1.1, "FG%": 44.9, "FT%": 89.5, "3P%": 43.3}, "Nick Martinelli": {"GP": 34.0, "MIN": 25.9, "PTS": 8.8, "REB": 4.3, "AST": 1.1, "STL": 0.5, "BLK": 0.2, "TO": 0.7, "FG%": 49.2, "FT%": 78.0, "3P%": 27.1}, "Matthew Nicholson": {"GP": 29.0, "MIN": 22.3, "PTS": 5.3, "REB": 4.3, "AST": 1.8, "STL": 0.5, "BLK": 1.4, "TO": 0.6, "FG%": 65.7, "FT%": 52.5, "3P%": 0.0}, "Luke Hunger": {"GP": 31.0, "MIN": 12.8, "PTS": 3.8, "REB": 2.1, "AST": 0.6, "STL": 0.1, "BLK": 0.2, "TO": 0.5, "FG%": 45.3, "FT%": 68.4, "3P%": 20.0}, "Blake Smith": {"GP": 11.0, "MIN": 14.0, "PTS": 2.4, "REB": 1.7, "AST": 0.5, "STL": 0.5, "BLK": 0.2, "TO": 0.5, "FG%": 63.6, "FT%": 61.1, "3P%": 33.3}, "Blake Preston": {"GP": 28.0, "MIN": 10.3, "PTS": 2.1, "REB": 2.0, "AST": 0.9, "STL": 0.2, "BLK": 0.3, "TO": 0.5, "FG%": 46.9, "FT%": 41.9, "3P%": 0.0}, "Justin Mullins": {"GP": 19.0, "MIN": 5.2, "PTS": 0.4, "REB": 0.6, "AST": 0.2, "STL": 0.2, "BLK": 0.3, "TO": 0.3, "FG%": 30.0, "FT%": 33.3, "3P%": 50.0}, "Gus Hurlburt": {"GP": 6.0, "MIN": 0.8, "PTS": 0.3, "REB": 0.0, "AST": 0.0, "STL": 0.0, "BLK": 0.0, "TO": 0.0, "FG%": 100.0, "FT%": 0.0, "3P%": 0.0}, "Jordan Clayton": {"GP": 28.0, "MIN": 7.1, "PTS": 0.3, "REB": 0.5, "AST": 0.4, "STL": 0.2, "BLK": 0.0, "TO": 0.4, "FG%": 17.4, "FT%": 0.0, "3P%": 8.3}}}]