[{"team": "UConn Huskies", "score": 77, "home": true, "stats": {"Tristen Newton": {"GP": 38.0, "MIN": 33.0, "PTS": 15.0, "REB": 6.7, "AST": 6.1, "STL": 1.0, "BLK": 0.3, "TO": 2.5, "FG%": 41.4, "FT%": 80.5, "3P%": 31.9}, "Cam Spencer": {"GP": 38.0, "MIN": 32.7, "PTS": 14.4, "REB": 4.7, "AST": 3.7, "STL": 1.4, "BLK": 0.2, "TO": 1.0, "FG%": 48.7, "FT%": 92.0, "3P%": 44.0}, "Alex Karaban": {"GP": 37.0, "MIN": 31.3, "PTS": 13.5, "REB": 4.9, "AST": 1.4, "STL": 0.9, "BLK": 0.8, "TO": 0.9, "FG%": 49.6, "FT%": 87.7, "3P%": 38.2}, "Donovan Clingan": {"GP": 33.0, "MIN": 22.1, "PTS": 12.9, "REB": 7.5, "AST": 1.5, "STL": 0.5, "BLK": 2.5, "TO": 0.8, "FG%": 64.3, "FT%": 57.4, "3P%": 28.6}, "Stephon Castle": {"GP": 32.0, "MIN": 26.6, "PTS": 10.7, "REB": 4.7, "AST": 2.9, "STL": 0.8, "BLK": 0.6, "TO": 1.5, "FG%": 47.0, "FT%": 76.0, "3P%": 26.2}, "Hassan Diarra": {"GP": 38.0, "MIN": 19.4, "PTS": 6.2, "REB": 2.9, "AST": 2.4, "STL": 0.8, "BLK": 0.3, "TO": 1.1, "FG%": 48.8, "FT%": 78.0, "3P%": 35.8}, "Samson Johnson": {"GP": 38.0, "MIN": 16.5, "PTS": 5.4, "REB": 2.8, "AST": 0.5, "STL": 0.4, "BLK": 0.9, "TO": 0.8, "FG%": 72.0, "FT%": 42.9, "3P%": 0.0}, "Solomon Ball": {"GP": 37.0, "MIN": 12.1, "PTS": 3.5, "REB": 1.1, "AST": 0.3, "STL": 0.2, "BLK": 0.0, "TO": 0.4, "FG%": 38.5, "FT%": 69.6, "3P%": 31.9}, "Jaylin Stewart": {"GP": 35.0, "MIN": 9.1, "PTS": 2.6, "REB": 1.3, "AST": 0.3, "STL": 0.1, "BLK": 0.2, "TO": 0.3, "FG%": 47.4, "FT%": 43.8, "3P%": 27.0}, "Apostolos Roumoglou": {"GP": 22.0, "MIN": 2.3, "PTS": 1.0, "REB": 0.5, "AST": 0.2, "STL": 0.1, "BLK": 0.1, "TO": 0.0, "FG%": 58.3, "FT%": 100.0, "3P%": 55.6}, "Jayden Ross": {"GP": 21.0, "MIN": 4.8, "PTS": 0.7, "REB": 0.8, "AST": 0.2, "STL": 0.2, "BLK": 0.0, "TO": 0.1, "FG%": 27.3, "FT%": 40.0, "3P%": 9.1}, "Andrew Hurley": {"GP": 16.0, "MIN": 1.6, "PTS": 0.4, "REB": 0.1, "AST": 0.1, "STL": 0.0, "BLK": 0.0, "TO": 0.1, "FG%": 33.3, "FT%": 50.0, "3P%": 40.0}, "Andre Johnson Jr.": {"GP": 13.0, "MIN": 0.9, "PTS": 0.2, "REB": 0.0, "AST": 0.0, "STL": 0.1, "BLK": 0.0, "TO": 0.0, "FG%": 50.0, "FT%": 0.0, "3P%": 50.0}, "Youssouf Singare": {"GP": 23.0, "MIN": 2.0, "PTS": 0.2, "REB": 0.6, "AST": 0.0, "STL": 0.0, "BLK": 0.0, "TO": 0.0, "FG%": 33.3, "FT%": 100.0, "3P%": 0.0}}}, {"team": "Illinois Fighting Illini", "score": 52, "home": false, "stats": {"Terrence Shannon Jr.": {"GP": 32.0, "MIN": 34.0, "PTS": 23.0, "REB": 4.0, "AST": 2.3, "STL": 1.0, "BLK": 0.9, "TO": 2.0, "FG%": 47.5, "FT%": 80.1, "3P%": 36.2}, "Marcus Domask": {"GP": 38.0, "MIN": 34.6, "PTS": 15.9, "REB": 5.0, "AST": 3.9, "STL": 0.4, "BLK": 0.3, "TO": 2.3, "FG%": 45.3, "FT%": 87.2, "3P%": 29.7}, "Coleman Hawkins": {"GP": 35.0, "MIN": 31.6, "PTS": 12.1, "REB": 6.1, "AST": 2.7, "STL": 1.5, "BLK": 1.1, "TO": 1.6, "FG%": 45.1, "FT%": 79.2, "3P%": 36.9}, "Quincy Guerrier": {"GP": 38.0, "MIN": 24.2, "PTS": 9.6, "REB": 6.1, "AST": 0.3, "STL": 0.3, "BLK": 0.3, "TO": 0.9, "FG%": 47.6, "FT%": 56.9, "3P%": 37.4}, "Ty Rodgers": {"GP": 38.0, "MIN": 22.7, "PTS": 6.2, "REB": 5.3, "AST": 2.0, "STL": 0.4, "BLK": 0.4, "TO": 1.3, "FG%": 52.7, "FT%": 58.5, "3P%": 0.0}, "Dain Dainja": {"GP": 38.0, "MIN": 10.7, "PTS": 6.1, "REB": 3.6, "AST": 0.2, "STL": 0.2, "BLK": 0.6, "TO": 0.7, "FG%": 66.9, "FT%": 47.7, "3P%": 0.0}, "Luke Goode": {"GP": 38.0, "MIN": 20.1, "PTS": 5.7, "REB": 3.6, "AST": 0.6, "STL": 0.3, "BLK": 0.1, "TO": 0.5, "FG%": 39.7, "FT%": 65.2, "3P%": 38.9}, "Justin Harmon": {"GP": 38.0, "MIN": 18.7, "PTS": 5.6, "REB": 2.7, "AST": 1.1, "STL": 0.4, "BLK": 0.2, "TO": 0.7, "FG%": 40.7, "FT%": 91.5, "3P%": 30.6}, "Amani Hansberry": {"GP": 19.0, "MIN": 7.5, "PTS": 2.4, "REB": 2.1, "AST": 0.3, "STL": 0.2, "BLK": 0.2, "TO": 0.1, "FG%": 45.2, "FT%": 66.7, "3P%": 30.8}, "Dra Gibbs-Lawhorn": {"GP": 28.0, "MIN": 7.1, "PTS": 2.4, "REB": 0.9, "AST": 0.4, "STL": 0.1, "BLK": 0.1, "TO": 0.4, "FG%": 34.2, "FT%": 66.7, "3P%": 22.2}, "Niccolo Moretti": {"GP": 18.0, "MIN": 5.9, "PTS": 1.5, "REB": 0.8, "AST": 0.6, "STL": 0.1, "BLK": 0.0, "TO": 0.5, "FG%": 66.7, "FT%": 64.3, "3P%": 66.7}, "Max Williams": {"GP": 10.0, "MIN": 1.5, "PTS": 0.3, "REB": 0.3, "AST": 0.0, "STL": 0.0, "BLK": 0.0, "TO": 0.2, "FG%": 0.0, "FT%": 75.0, "3P%": 0.0}, "AJ Redd": {"GP": 10.0, "MIN": 1.9, "PTS": 0.3, "REB": 0.2, "AST": 0.0, "STL": 0.0, "BLK": 0.0, "TO": 0.2, "FG%": 50.0, "FT%": 25.0, "3P%": 0.0}}}]