[{"team": "UConn Huskies", "score": 91, "home": true, "stats": {"Tristen Newton": {"GP": 35.0, "MIN": 33.1, "PTS": 15.1, "REB": 6.9, "AST": 6.1, "STL": 1.0, "BLK": 0.3, "TO": 2.5, "FG%": 41.6, "FT%": 80.4, "3P%": 33.2}, "Cam Spencer": {"GP": 35.0, "MIN": 32.7, "PTS": 14.5, "REB": 4.5, "AST": 3.6, "STL": 1.4, "BLK": 0.2, "TO": 1.1, "FG%": 48.7, "FT%": 91.5, "3P%": 44.4}, "Alex Karaban": {"GP": 34.0, "MIN": 31.4, "PTS": 13.9, "REB": 4.9, "AST": 1.4, "STL": 0.9, "BLK": 0.8, "TO": 0.9, "FG%": 50.0, "FT%": 89.1, "3P%": 38.9}, "Donovan Clingan": {"GP": 30.0, "MIN": 21.9, "PTS": 12.7, "REB": 7.2, "AST": 1.6, "STL": 0.5, "BLK": 2.2, "TO": 0.8, "FG%": 64.6, "FT%": 56.9, "3P%": 33.3}, "Stephon Castle": {"GP": 29.0, "MIN": 26.8, "PTS": 10.9, "REB": 4.5, "AST": 3.0, "STL": 0.9, "BLK": 0.6, "TO": 1.5, "FG%": 47.1, "FT%": 75.8, "3P%": 28.8}, "Hassan Diarra": {"GP": 35.0, "MIN": 19.2, "PTS": 5.9, "REB": 2.9, "AST": 2.4, "STL": 0.9, "BLK": 0.3, "TO": 1.1, "FG%": 48.0, "FT%": 79.6, "3P%": 36.8}, "Samson Johnson": {"GP": 35.0, "MIN": 16.7, "PTS": 5.4, "REB": 2.9, "AST": 0.5, "STL": 0.5, "BLK": 0.9, "TO": 0.8, "FG%": 71.9, "FT%": 42.9, "3P%": 0.0}, "Solomon Ball": {"GP": 34.0, "MIN": 12.9, "PTS": 3.7, "REB": 1.1, "AST": 0.3, "STL": 0.2, "BLK": 0.0, "TO": 0.4, "FG%": 39.6, "FT%": 69.6, "3P%": 33.3}, "Jaylin Stewart": {"GP": 32.0, "MIN": 9.1, "PTS": 2.7, "REB": 1.3, "AST": 0.3, "STL": 0.1, "BLK": 0.2, "TO": 0.3, "FG%": 46.7, "FT%": 43.8, "3P%": 27.8}, "Apostolos Roumoglou": {"GP": 19.0, "MIN": 2.4, "PTS": 1.1, "REB": 0.6, "AST": 0.2, "STL": 0.1, "BLK": 0.1, "TO": 0.0, "FG%": 54.5, "FT%": 100.0, "3P%": 50.0}, "Jayden Ross": {"GP": 18.0, "MIN": 5.3, "PTS": 0.7, "REB": 0.8, "AST": 0.3, "STL": 0.2, "BLK": 0.0, "TO": 0.1, "FG%": 23.8, "FT%": 66.7, "3P%": 9.1}, "Andrew Hurley": {"GP": 13.0, "MIN": 1.5, "PTS": 0.5, "REB": 0.1, "AST": 0.0, "STL": 0.0, "BLK": 0.0, "TO": 0.1, "FG%": 33.3, "FT%": 50.0, "3P%": 40.0}, "Youssouf Singare": {"GP": 20.0, "MIN": 2.1, "PTS": 0.2, "REB": 0.7, "AST": 0.0, "STL": 0.0, "BLK": 0.1, "TO": 0.1, "FG%": 33.3, "FT%": 100.0, "3P%": 0.0}, "Andre Johnson Jr.": {"GP": 10.0, "MIN": 0.9, "PTS": 0.0, "REB": 0.0, "AST": 0.0, "STL": 0.1, "BLK": 0.0, "TO": 0.0, "FG%": 0.0, "FT%": 0.0, "3P%": 0.0}}}, {"team": "Stetson Hatters", "score": 52, "home": false, "stats": {"Jalen Blackmon": {"GP": 35.0, "MIN": 34.8, "PTS": 21.3, "REB": 2.9, "AST": 1.9, "STL": 0.8, "BLK": 0.1, "TO": 1.9, "FG%": 42.8, "FT%": 90.7, "3P%": 38.1}, "Stephan Swenson": {"GP": 35.0, "MIN": 33.4, "PTS": 13.9, "REB": 4.7, "AST": 5.8, "STL": 1.5, "BLK": 0.1, "TO": 2.7, "FG%": 41.0, "FT%": 81.9, "3P%": 32.4}, "Aubin Gateretse": {"GP": 35.0, "MIN": 24.2, "PTS": 11.6, "REB": 7.6, "AST": 0.8, "STL": 0.5, "BLK": 1.5, "TO": 1.7, "FG%": 71.2, "FT%": 62.0, "3P%": 50.0}, "Alec Oglesby": {"GP": 34.0, "MIN": 33.8, "PTS": 10.7, "REB": 4.4, "AST": 1.2, "STL": 0.6, "BLK": 0.3, "TO": 1.0, "FG%": 42.0, "FT%": 84.7, "3P%": 40.3}, "Josh Smith": {"GP": 14.0, "MIN": 22.6, "PTS": 8.4, "REB": 5.7, "AST": 0.8, "STL": 0.4, "BLK": 0.4, "TO": 0.8, "FG%": 55.7, "FT%": 64.1, "3P%": 33.3}, "Treyton Thompson": {"GP": 35.0, "MIN": 16.6, "PTS": 4.5, "REB": 4.0, "AST": 0.7, "STL": 0.3, "BLK": 0.5, "TO": 0.8, "FG%": 52.9, "FT%": 50.0, "3P%": 33.3}, "Tristan Gross": {"GP": 35.0, "MIN": 19.6, "PTS": 4.0, "REB": 1.9, "AST": 0.7, "STL": 0.4, "BLK": 0.1, "TO": 0.6, "FG%": 42.1, "FT%": 72.7, "3P%": 37.8}, "Cyncier Harrison": {"GP": 23.0, "MIN": 14.3, "PTS": 3.7, "REB": 0.5, "AST": 0.9, "STL": 0.6, "BLK": 0.0, "TO": 0.7, "FG%": 33.3, "FT%": 87.1, "3P%": 29.4}, "Jackson Huxtable": {"GP": 5.0, "MIN": 4.4, "PTS": 3.0, "REB": 0.0, "AST": 0.0, "STL": 0.6, "BLK": 0.2, "TO": 0.0, "FG%": 50.0, "FT%": 0.0, "3P%": 60.0}, "Giancarlo Valdez": {"GP": 21.0, "MIN": 7.6, "PTS": 2.1, "REB": 1.1, "AST": 0.8, "STL": 0.1, "BLK": 0.1, "TO": 0.2, "FG%": 48.1, "FT%": 78.9, "3P%": 33.3}, "Landen Babusiak": {"GP": 3.0, "MIN": 5.0, "PTS": 2.0, "REB": 2.0, "AST": 0.7, "STL": 0.7, "BLK": 0.3, "TO": 0.0, "FG%": 50.0, "FT%": 0.0, "3P%": 0.0}, "Finley Sheridan": {"GP": 16.0, "MIN": 6.1, "PTS": 1.9, "REB": 1.9, "AST": 0.6, "STL": 0.2, "BLK": 0.1, "TO": 0.4, "FG%": 61.9, "FT%": 66.7, "3P%": 28.6}, "Naeem Lewis": {"GP": 20.0, "MIN": 3.9, "PTS": 1.6, "REB": 0.5, "AST": 0.3, "STL": 0.4, "BLK": 0.0, "TO": 0.1, "FG%": 60.0, "FT%": 80.0, "3P%": 50.0}, "Bruce Kanno": {"GP": 11.0, "MIN": 5.5, "PTS": 1.3, "REB": 1.2, "AST": 0.3, "STL": 0.1, "BLK": 0.2, "TO": 0.2, "FG%": 53.8, "FT%": 0.0, "3P%": 0.0}, "Alex Doyle": {"GP": 27.0, "MIN": 9.7, "PTS": 1.3, "REB": 1.4, "AST": 0.4, "STL": 0.1, "BLK": 0.2, "TO": 0.2, "FG%": 25.0, "FT%": 60.0, "3P%": 22.6}, "Isaac Jones": {"GP": 9.0, "MIN": 3.9, "PTS": 1.1, "REB": 0.7, "AST": 0.1, "STL": 0.0, "BLK": 0.0, "TO": 0.2, "FG%": 27.3, "FT%": 100.0, "3P%": 40.0}}}]