[{"team": "Utah State Aggies", "score": 88, "home": true, "stats": {"Great Osobor": {"GP": 34.0, "MIN": 33.7, "PTS": 17.8, "REB": 9.1, "AST": 2.9, "STL": 1.3, "BLK": 1.5, "TO": 2.8, "FG%": 58.3, "FT%": 63.2, "3P%": 25.0}, "Ian Martinez": {"GP": 33.0, "MIN": 30.8, "PTS": 13.4, "REB": 3.7, "AST": 1.8, "STL": 0.9, "BLK": 0.8, "TO": 1.8, "FG%": 47.6, "FT%": 86.8, "3P%": 38.1}, "Darius Brown II": {"GP": 34.0, "MIN": 36.1, "PTS": 12.4, "REB": 4.4, "AST": 6.6, "STL": 1.5, "BLK": 0.2, "TO": 1.9, "FG%": 44.3, "FT%": 86.5, "3P%": 39.5}, "Mason Falslev": {"GP": 33.0, "MIN": 28.0, "PTS": 11.3, "REB": 4.4, "AST": 2.4, "STL": 1.3, "BLK": 0.2, "TO": 1.4, "FG%": 56.6, "FT%": 64.2, "3P%": 29.5}, "Josh Uduje": {"GP": 34.0, "MIN": 24.1, "PTS": 8.5, "REB": 2.6, "AST": 0.9, "STL": 0.8, "BLK": 0.3, "TO": 0.8, "FG%": 42.3, "FT%": 73.5, "3P%": 26.3}, "Isaac Johnson": {"GP": 34.0, "MIN": 15.1, "PTS": 6.8, "REB": 3.1, "AST": 0.8, "STL": 0.3, "BLK": 0.6, "TO": 0.9, "FG%": 48.6, "FT%": 84.6, "3P%": 35.2}, "Max Agbonkpolo": {"GP": 10.0, "MIN": 23.6, "PTS": 5.4, "REB": 3.9, "AST": 0.7, "STL": 1.0, "BLK": 0.2, "TO": 0.9, "FG%": 32.8, "FT%": 70.0, "3P%": 15.6}, "Javon Jackson": {"GP": 27.0, "MIN": 13.9, "PTS": 4.5, "REB": 1.0, "AST": 0.6, "STL": 0.4, "BLK": 0.0, "TO": 0.3, "FG%": 42.6, "FT%": 80.8, "3P%": 38.2}, "Jackson Grant": {"GP": 4.0, "MIN": 7.0, "PTS": 2.8, "REB": 1.5, "AST": 0.3, "STL": 0.0, "BLK": 0.0, "TO": 0.0, "FG%": 37.5, "FT%": 83.3, "3P%": 0.0}, "Kalifa Sakho": {"GP": 32.0, "MIN": 10.2, "PTS": 2.7, "REB": 1.7, "AST": 0.2, "STL": 0.2, "BLK": 0.5, "TO": 0.4, "FG%": 65.4, "FT%": 57.6, "3P%": 0.0}, "Karson Templin": {"GP": 22.0, "MIN": 7.4, "PTS": 2.5, "REB": 1.7, "AST": 0.4, "STL": 0.2, "BLK": 0.3, "TO": 0.1, "FG%": 64.7, "FT%": 61.1, "3P%": 25.0}, "Nigel Burris": {"GP": 19.0, "MIN": 4.8, "PTS": 1.1, "REB": 1.3, "AST": 0.2, "STL": 0.1, "BLK": 0.1, "TO": 0.3, "FG%": 27.3, "FT%": 75.0, "3P%": 0.0}, "Landon Brenchley": {"GP": 12.0, "MIN": 2.8, "PTS": 0.8, "REB": 0.8, "AST": 0.3, "STL": 0.0, "BLK": 0.0, "TO": 0.3, "FG%": 60.0, "FT%": 37.5, "3P%": 0.0}}}, {"team": "TCU Horned Frogs", "score": 72, "home": false, "stats": {"Emanuel Miller": {"GP": 34.0, "MIN": 32.6, "PTS": 15.8, "REB": 6.1, "AST": 2.6, "STL": 1.1, "BLK": 0.4, "TO": 1.5, "FG%": 48.6, "FT%": 81.5, "3P%": 38.3}, "Jameer Nelson Jr.": {"GP": 34.0, "MIN": 24.9, "PTS": 11.2, "REB": 2.6, "AST": 3.3, "STL": 2.1, "BLK": 0.4, "TO": 2.3, "FG%": 43.4, "FT%": 73.8, "3P%": 30.6}, "Micah Peavy": {"GP": 34.0, "MIN": 29.2, "PTS": 10.9, "REB": 4.9, "AST": 2.6, "STL": 1.3, "BLK": 0.2, "TO": 1.7, "FG%": 45.8, "FT%": 60.7, "3P%": 31.0}, "JaKobe Coles": {"GP": 31.0, "MIN": 20.5, "PTS": 10.0, "REB": 3.8, "AST": 1.3, "STL": 0.6, "BLK": 0.4, "TO": 0.9, "FG%": 49.0, "FT%": 77.2, "3P%": 42.2}, "Trevian Tennyson": {"GP": 34.0, "MIN": 24.2, "PTS": 8.4, "REB": 2.2, "AST": 1.9, "STL": 0.9, "BLK": 0.1, "TO": 1.5, "FG%": 41.7, "FT%": 85.3, "3P%": 41.9}, "Avery Anderson III": {"GP": 34.0, "MIN": 22.3, "PTS": 7.8, "REB": 2.3, "AST": 3.3, "STL": 1.4, "BLK": 0.3, "TO": 2.1, "FG%": 40.0, "FT%": 79.7, "3P%": 27.1}, "Chuck O'Bannon Jr.": {"GP": 31.0, "MIN": 14.6, "PTS": 5.5, "REB": 2.6, "AST": 0.8, "STL": 0.4, "BLK": 0.5, "TO": 0.3, "FG%": 42.0, "FT%": 77.6, "3P%": 36.5}, "Ernest Udeh Jr.": {"GP": 29.0, "MIN": 17.3, "PTS": 4.3, "REB": 5.3, "AST": 0.3, "STL": 1.0, "BLK": 0.8, "TO": 0.7, "FG%": 60.9, "FT%": 56.0, "3P%": 0.0}, "Xavier Cork": {"GP": 34.0, "MIN": 12.5, "PTS": 4.2, "REB": 2.5, "AST": 0.6, "STL": 0.1, "BLK": 0.4, "TO": 0.9, "FG%": 61.5, "FT%": 70.6, "3P%": 0.0}, "Essam Mostafa": {"GP": 30.0, "MIN": 9.7, "PTS": 2.8, "REB": 3.2, "AST": 0.4, "STL": 0.3, "BLK": 0.4, "TO": 0.3, "FG%": 51.7, "FT%": 63.6, "3P%": 0.0}, "Tyler Lundblade": {"GP": 6.0, "MIN": 4.5, "PTS": 0.8, "REB": 0.3, "AST": 0.2, "STL": 0.2, "BLK": 0.0, "TO": 0.5, "FG%": 20.0, "FT%": 100.0, "3P%": 20.0}, "Darius Ford": {"GP": 8.0, "MIN": 1.9, "PTS": 0.6, "REB": 0.3, "AST": 0.1, "STL": 0.1, "BLK": 0.0, "TO": 0.3, "FG%": 28.6, "FT%": 0.0, "3P%": 25.0}, "Cole Despie": {"GP": 8.0, "MIN": 1.3, "PTS": 0.3, "REB": 0.0, "AST": 0.1, "STL": 0.0, "BLK": 0.0, "TO": 0.0, "FG%": 0.0, "FT%": 100.0, "3P%": 0.0}, "Trey Stuart": {"GP": 8.0, "MIN": 1.3, "PTS": 0.0, "REB": 0.0, "AST": 0.1, "STL": 0.0, "BLK": 0.0, "TO": 0.0, "FG%": 0.0, "FT%": 0.0, "3P%": 0.0}}}]