[{"team": "Wagner Seahawks", "score": 71, "home": false, "stats": {"Melvin Council Jr.": {"GP": 32.0, "MIN": 35.6, "PTS": 14.8, "REB": 5.7, "AST": 3.5, "STL": 1.4, "BLK": 0.6, "TO": 1.9, "FG%": 39.0, "FT%": 75.7, "3P%": 26.3}, "Tahron Allen": {"GP": 31.0, "MIN": 27.7, "PTS": 10.7, "REB": 5.1, "AST": 1.0, "STL": 0.6, "BLK": 0.2, "TO": 1.3, "FG%": 40.7, "FT%": 70.7, "3P%": 44.8}, "Julian Brown": {"GP": 31.0, "MIN": 30.7, "PTS": 9.7, "REB": 3.0, "AST": 1.7, "STL": 0.5, "BLK": 0.2, "TO": 1.0, "FG%": 35.9, "FT%": 84.6, "3P%": 35.4}, "Zaire Williams": {"GP": 9.0, "MIN": 24.7, "PTS": 9.3, "REB": 2.1, "AST": 1.2, "STL": 1.3, "BLK": 0.0, "TO": 1.1, "FG%": 35.2, "FT%": 63.3, "3P%": 30.0}, "Rahmir Moore": {"GP": 3.0, "MIN": 30.3, "PTS": 8.7, "REB": 3.0, "AST": 2.0, "STL": 1.0, "BLK": 0.3, "TO": 2.7, "FG%": 36.0, "FT%": 87.5, "3P%": 20.0}, "Javier Ezquerra": {"GP": 32.0, "MIN": 34.5, "PTS": 7.1, "REB": 4.0, "AST": 4.4, "STL": 1.3, "BLK": 0.0, "TO": 2.1, "FG%": 33.9, "FT%": 61.9, "3P%": 31.8}, "Keyontae Lewis": {"GP": 32.0, "MIN": 21.3, "PTS": 6.7, "REB": 5.4, "AST": 0.4, "STL": 0.1, "BLK": 0.6, "TO": 0.8, "FG%": 55.5, "FT%": 61.5, "3P%": 0.0}, "Tyje Kelton": {"GP": 32.0, "MIN": 20.6, "PTS": 6.0, "REB": 4.1, "AST": 0.5, "STL": 0.7, "BLK": 0.4, "TO": 0.4, "FG%": 36.2, "FT%": 60.9, "3P%": 34.9}, "Rob Taylor II": {"GP": 8.0, "MIN": 15.9, "PTS": 5.1, "REB": 3.8, "AST": 0.3, "STL": 0.6, "BLK": 0.4, "TO": 0.8, "FG%": 44.4, "FT%": 60.0, "3P%": 0.0}, "Di'Andre Howell-South": {"GP": 11.0, "MIN": 17.5, "PTS": 4.1, "REB": 1.9, "AST": 1.1, "STL": 0.5, "BLK": 0.2, "TO": 0.0, "FG%": 35.4, "FT%": 75.0, "3P%": 14.3}, "Seck Zongo": {"GP": 29.0, "MIN": 15.4, "PTS": 3.5, "REB": 3.3, "AST": 0.6, "STL": 0.6, "BLK": 0.2, "TO": 0.6, "FG%": 49.3, "FT%": 62.5, "3P%": 11.1}, "Damien Mazil": {"GP": 2.0, "MIN": 1.0, "PTS": 1.0, "REB": 0.0, "AST": 0.0, "STL": 0.0, "BLK": 0.0, "TO": 0.0, "FG%": 100.0, "FT%": 0.0, "3P%": 0.0}}}, {"team": "Howard Bison", "score": 68, "home": true, "stats": {"Bryce Harris": {"GP": 35.0, "MIN": 31.7, "PTS": 16.6, "REB": 7.5, "AST": 1.7, "STL": 1.1, "BLK": 1.1, "TO": 1.7, "FG%": 54.7, "FT%": 74.0, "3P%": 37.5}, "Seth Towns": {"GP": 32.0, "MIN": 32.4, "PTS": 14.2, "REB": 6.5, "AST": 2.5, "STL": 1.0, "BLK": 0.4, "TO": 2.0, "FG%": 36.8, "FT%": 84.2, "3P%": 34.7}, "Marcus Dockery": {"GP": 35.0, "MIN": 34.0, "PTS": 13.5, "REB": 3.3, "AST": 1.8, "STL": 0.9, "BLK": 0.1, "TO": 2.1, "FG%": 42.2, "FT%": 82.3, "3P%": 40.6}, "Shy Odom": {"GP": 20.0, "MIN": 21.7, "PTS": 8.4, "REB": 3.3, "AST": 2.3, "STL": 0.5, "BLK": 0.6, "TO": 2.4, "FG%": 45.2, "FT%": 68.3, "3P%": 29.4}, "Dom Campbell": {"GP": 26.0, "MIN": 20.0, "PTS": 7.8, "REB": 4.5, "AST": 1.0, "STL": 0.3, "BLK": 0.5, "TO": 2.1, "FG%": 49.6, "FT%": 66.0, "3P%": 25.0}, "Isiah Warfield": {"GP": 21.0, "MIN": 25.8, "PTS": 7.3, "REB": 3.1, "AST": 3.0, "STL": 0.8, "BLK": 0.1, "TO": 2.1, "FG%": 41.9, "FT%": 87.7, "3P%": 32.7}, "Jelani Williams": {"GP": 9.0, "MIN": 26.3, "PTS": 6.9, "REB": 4.6, "AST": 3.7, "STL": 1.1, "BLK": 0.3, "TO": 1.9, "FG%": 40.3, "FT%": 100.0, "3P%": 23.5}, "Jordan Hairston": {"GP": 34.0, "MIN": 19.2, "PTS": 6.2, "REB": 1.8, "AST": 1.1, "STL": 0.7, "BLK": 0.0, "TO": 1.1, "FG%": 42.2, "FT%": 78.6, "3P%": 39.1}, "Ose Okojie": {"GP": 19.0, "MIN": 19.3, "PTS": 4.0, "REB": 2.9, "AST": 0.8, "STL": 0.8, "BLK": 0.2, "TO": 0.9, "FG%": 42.9, "FT%": 55.1, "3P%": 11.1}, "Joshua Strong": {"GP": 31.0, "MIN": 15.5, "PTS": 3.5, "REB": 1.5, "AST": 1.2, "STL": 0.5, "BLK": 0.0, "TO": 1.2, "FG%": 48.5, "FT%": 72.4, "3P%": 46.8}, "Talin Lewis": {"GP": 8.0, "MIN": 4.9, "PTS": 2.3, "REB": 0.3, "AST": 0.0, "STL": 0.0, "BLK": 0.0, "TO": 0.6, "FG%": 75.0, "FT%": 75.0, "3P%": 100.0}, "AJ Magbegor": {"GP": 20.0, "MIN": 7.1, "PTS": 2.1, "REB": 1.2, "AST": 0.4, "STL": 0.2, "BLK": 0.1, "TO": 0.7, "FG%": 50.0, "FT%": 58.8, "3P%": 0.0}, "Elijah Williams": {"GP": 18.0, "MIN": 6.3, "PTS": 1.6, "REB": 1.1, "AST": 0.3, "STL": 0.1, "BLK": 0.2, "TO": 0.4, "FG%": 59.1, "FT%": 33.3, "3P%": 50.0}, "Ayodele Taiwo": {"GP": 8.0, "MIN": 3.0, "PTS": 1.4, "REB": 1.0, "AST": 0.1, "STL": 0.1, "BLK": 0.1, "TO": 0.3, "FG%": 50.0, "FT%": 50.0, "3P%": 0.0}, "Jordan Atkins": {"GP": 5.0, "MIN": 3.8, "PTS": 0.8, "REB": 0.4, "AST": 0.4, "STL": 0.0, "BLK": 0.0, "TO": 0.0, "FG%": 50.0, "FT%": 100.0, "3P%": 0.0}, "Miles Stewart": {"GP": 24.0, "MIN": 5.2, "PTS": 0.8, "REB": 1.2, "AST": 0.1, "STL": 0.3, "BLK": 0.2, "TO": 0.4, "FG%": 47.4, "FT%": 33.3, "3P%": 0.0}, "Thomas Weaver": {"GP": 15.0, "MIN": 4.5, "PTS": 0.6, "REB": 0.2, "AST": 0.4, "STL": 0.1, "BLK": 0.0, "TO": 0.3, "FG%": 21.4, "FT%": 100.0, "3P%": 12.5}}}]