[{"team": "Washington State Cougars", "score": 66, "home": true, "stats": {"Isaac Jones": {"GP": 34.0, "MIN": 31.9, "PTS": 15.5, "REB": 7.5, "AST": 1.5, "STL": 0.5, "BLK": 1.0, "TO": 1.9, "FG%": 57.8, "FT%": 70.6, "3P%": 7.1}, "Myles Rice": {"GP": 34.0, "MIN": 33.0, "PTS": 14.9, "REB": 3.1, "AST": 3.9, "STL": 1.6, "BLK": 0.2, "TO": 2.6, "FG%": 43.5, "FT%": 81.1, "3P%": 27.3}, "Jaylen Wells": {"GP": 33.0, "MIN": 28.9, "PTS": 12.3, "REB": 4.6, "AST": 1.2, "STL": 0.5, "BLK": 0.2, "TO": 0.6, "FG%": 43.4, "FT%": 81.9, "3P%": 43.3}, "Andrej Jakimovski": {"GP": 34.0, "MIN": 33.6, "PTS": 9.9, "REB": 5.5, "AST": 1.3, "STL": 0.6, "BLK": 0.4, "TO": 1.0, "FG%": 36.6, "FT%": 60.0, "3P%": 33.5}, "Oscar Cluff": {"GP": 34.0, "MIN": 20.4, "PTS": 7.1, "REB": 4.5, "AST": 1.2, "STL": 0.5, "BLK": 0.9, "TO": 1.2, "FG%": 53.8, "FT%": 66.0, "3P%": 100.0}, "Joseph Yesufu": {"GP": 6.0, "MIN": 25.2, "PTS": 6.2, "REB": 2.0, "AST": 1.8, "STL": 1.0, "BLK": 0.0, "TO": 1.0, "FG%": 36.8, "FT%": 50.0, "3P%": 34.8}, "Rueben Chinyelu": {"GP": 34.0, "MIN": 14.0, "PTS": 4.8, "REB": 5.0, "AST": 0.1, "STL": 0.2, "BLK": 1.3, "TO": 1.1, "FG%": 61.4, "FT%": 48.9, "3P%": 0.0}, "Kymany Houinsou": {"GP": 34.0, "MIN": 20.1, "PTS": 4.3, "REB": 3.3, "AST": 2.1, "STL": 0.4, "BLK": 0.7, "TO": 1.1, "FG%": 43.3, "FT%": 60.0, "3P%": 31.3}, "Isaiah Watts": {"GP": 30.0, "MIN": 10.1, "PTS": 3.7, "REB": 0.9, "AST": 0.5, "STL": 0.5, "BLK": 0.2, "TO": 0.3, "FG%": 44.8, "FT%": 61.5, "3P%": 38.5}, "Jabe Mullins": {"GP": 24.0, "MIN": 9.1, "PTS": 1.6, "REB": 0.8, "AST": 0.5, "STL": 0.5, "BLK": 0.1, "TO": 0.1, "FG%": 27.5, "FT%": 100.0, "3P%": 26.5}, "AJ Rohosy": {"GP": 10.0, "MIN": 1.1, "PTS": 0.4, "REB": 0.4, "AST": 0.3, "STL": 0.0, "BLK": 0.0, "TO": 0.0, "FG%": 66.7, "FT%": 0.0, "3P%": 0.0}, "Ben Olesen": {"GP": 1.0, "MIN": 1.0, "PTS": 0.0, "REB": 0.0, "AST": 0.0, "STL": 0.0, "BLK": 0.0, "TO": 0.0, "FG%": 0.0, "FT%": 0.0, "3P%": 0.0}, "Dylan Darling": {"GP": 3.0, "MIN": 3.0, "PTS": 0.0, "REB": 0.3, "AST": 0.0, "STL": 0.0, "BLK": 0.0, "TO": 0.3, "FG%": 0.0, "FT%": 0.0, "3P%": 0.0}}}, {"team": "Drake Bulldogs", "score": 61, "home": false, "stats": {"Tucker DeVries": {"GP": 34.0, "MIN": 35.5, "PTS": 21.6, "REB": 6.7, "AST": 3.7, "STL": 1.6, "BLK": 0.3, "TO": 2.5, "FG%": 44.4, "FT%": 81.3, "3P%": 36.3}, "Atin Wright": {"GP": 35.0, "MIN": 30.7, "PTS": 14.1, "REB": 2.3, "AST": 1.9, "STL": 1.1, "BLK": 0.1, "TO": 1.2, "FG%": 45.8, "FT%": 81.8, "3P%": 40.6}, "Darnell Brodie": {"GP": 34.0, "MIN": 25.2, "PTS": 11.4, "REB": 7.9, "AST": 1.9, "STL": 0.6, "BLK": 0.6, "TO": 1.9, "FG%": 62.5, "FT%": 65.0, "3P%": 0.0}, "Kevin Overton": {"GP": 35.0, "MIN": 30.0, "PTS": 11.3, "REB": 3.3, "AST": 1.1, "STL": 0.6, "BLK": 0.2, "TO": 0.5, "FG%": 44.0, "FT%": 79.5, "3P%": 34.6}, "Conor Enright": {"GP": 33.0, "MIN": 26.1, "PTS": 6.9, "REB": 3.2, "AST": 3.2, "STL": 1.0, "BLK": 0.2, "TO": 1.3, "FG%": 45.3, "FT%": 72.5, "3P%": 43.9}, "Colby Garland": {"GP": 31.0, "MIN": 19.5, "PTS": 5.7, "REB": 2.8, "AST": 2.3, "STL": 0.7, "BLK": 0.0, "TO": 0.9, "FG%": 49.0, "FT%": 81.3, "3P%": 21.9}, "Nate Ferguson": {"GP": 35.0, "MIN": 13.6, "PTS": 3.7, "REB": 2.9, "AST": 0.6, "STL": 0.4, "BLK": 0.1, "TO": 0.1, "FG%": 73.8, "FT%": 56.1, "3P%": 0.0}, "Kyron Gibson": {"GP": 35.0, "MIN": 16.4, "PTS": 3.6, "REB": 1.5, "AST": 1.3, "STL": 0.4, "BLK": 0.1, "TO": 0.3, "FG%": 36.8, "FT%": 87.5, "3P%": 30.3}, "Carlos Rosario": {"GP": 32.0, "MIN": 9.3, "PTS": 2.3, "REB": 1.4, "AST": 0.5, "STL": 0.1, "BLK": 0.0, "TO": 0.3, "FG%": 51.1, "FT%": 66.7, "3P%": 44.4}, "Eric Northweather": {"GP": 19.0, "MIN": 5.5, "PTS": 1.8, "REB": 0.7, "AST": 0.2, "STL": 0.2, "BLK": 0.2, "TO": 0.0, "FG%": 32.4, "FT%": 75.0, "3P%": 34.5}, "Andrew Alia": {"GP": 16.0, "MIN": 2.5, "PTS": 0.9, "REB": 0.3, "AST": 0.1, "STL": 0.1, "BLK": 0.0, "TO": 0.1, "FG%": 55.6, "FT%": 57.1, "3P%": 0.0}, "Brashon Hall": {"GP": 13.0, "MIN": 2.2, "PTS": 0.6, "REB": 0.3, "AST": 0.1, "STL": 0.1, "BLK": 0.1, "TO": 0.2, "FG%": 50.0, "FT%": 0.0, "3P%": 66.7}}}]