[{"team": "Wisconsin Badgers", "score": 76, "home": false, "stats": {"AJ Storr": {"GP": 34.0, "MIN": 28.5, "PTS": 16.7, "REB": 3.9, "AST": 0.9, "STL": 0.5, "BLK": 0.1, "TO": 1.5, "FG%": 44.0, "FT%": 81.4, "3P%": 32.9}, "Steven Crowl": {"GP": 34.0, "MIN": 28.7, "PTS": 11.2, "REB": 7.2, "AST": 2.0, "STL": 0.3, "BLK": 0.4, "TO": 1.6, "FG%": 55.9, "FT%": 74.7, "3P%": 47.1}, "Tyler Wahl": {"GP": 34.0, "MIN": 28.4, "PTS": 10.9, "REB": 5.5, "AST": 1.8, "STL": 1.1, "BLK": 0.6, "TO": 1.6, "FG%": 54.0, "FT%": 66.4, "3P%": 18.8}, "Max Klesmit": {"GP": 34.0, "MIN": 28.6, "PTS": 9.5, "REB": 2.0, "AST": 1.9, "STL": 0.9, "BLK": 0.1, "TO": 1.0, "FG%": 42.8, "FT%": 82.8, "3P%": 37.7}, "Chucky Hepburn": {"GP": 33.0, "MIN": 33.2, "PTS": 8.9, "REB": 3.3, "AST": 3.9, "STL": 2.1, "BLK": 0.1, "TO": 1.2, "FG%": 42.5, "FT%": 71.4, "3P%": 31.8}, "John Blackwell": {"GP": 32.0, "MIN": 18.6, "PTS": 8.4, "REB": 3.3, "AST": 0.6, "STL": 0.5, "BLK": 0.1, "TO": 0.8, "FG%": 46.1, "FT%": 82.2, "3P%": 46.9}, "Connor Essegian": {"GP": 33.0, "MIN": 7.3, "PTS": 3.2, "REB": 0.8, "AST": 0.2, "STL": 0.1, "BLK": 0.0, "TO": 0.4, "FG%": 38.5, "FT%": 90.9, "3P%": 30.3}, "Nolan Winter": {"GP": 34.0, "MIN": 9.6, "PTS": 2.6, "REB": 1.8, "AST": 0.4, "STL": 0.2, "BLK": 0.0, "TO": 0.3, "FG%": 42.9, "FT%": 69.6, "3P%": 30.8}, "Kamari McGee": {"GP": 23.0, "MIN": 8.3, "PTS": 2.0, "REB": 0.8, "AST": 0.5, "STL": 0.6, "BLK": 0.0, "TO": 0.3, "FG%": 54.8, "FT%": 62.5, "3P%": 30.0}, "Carter Gilmore": {"GP": 31.0, "MIN": 9.1, "PTS": 1.7, "REB": 1.4, "AST": 0.5, "STL": 0.1, "BLK": 0.0, "TO": 0.5, "FG%": 47.2, "FT%": 76.2, "3P%": 27.3}, "Markus Ilver": {"GP": 26.0, "MIN": 6.1, "PTS": 1.2, "REB": 1.3, "AST": 0.2, "STL": 0.2, "BLK": 0.1, "TO": 0.2, "FG%": 31.4, "FT%": 66.7, "3P%": 25.0}, "Isaac Lindsey": {"GP": 16.0, "MIN": 3.8, "PTS": 0.6, "REB": 0.4, "AST": 0.2, "STL": 0.1, "BLK": 0.1, "TO": 0.2, "FG%": 30.8, "FT%": 50.0, "3P%": 14.3}, "Chris Hodges": {"GP": 11.0, "MIN": 2.0, "PTS": 0.1, "REB": 0.5, "AST": 0.2, "STL": 0.0, "BLK": 0.3, "TO": 0.0, "FG%": 0.0, "FT%": 25.0, "3P%": 0.0}, "Luke Haertle": {"GP": 11.0, "MIN": 1.0, "PTS": 0.0, "REB": 0.2, "AST": 0.0, "STL": 0.0, "BLK": 0.0, "TO": 0.1, "FG%": 0.0, "FT%": 0.0, "3P%": 0.0}, "Isaac Gard": {"GP": 6.0, "MIN": 0.8, "PTS": 0.0, "REB": 0.0, "AST": 0.0, "STL": 0.0, "BLK": 0.0, "TO": 0.0, "FG%": 0.0, "FT%": 0.0, "3P%": 0.0}}}, {"team": "Purdue Boilermakers", "score": 75, "home": true, "stats": {"Zach Edey": {"GP": 33.0, "MIN": 31.3, "PTS": 24.4, "REB": 11.7, "AST": 2.1, "STL": 0.2, "BLK": 2.2, "TO": 2.2, "FG%": 61.9, "FT%": 71.6, "3P%": 50.0}, "Braden Smith": {"GP": 33.0, "MIN": 33.8, "PTS": 12.5, "REB": 5.8, "AST": 7.3, "STL": 1.6, "BLK": 0.2, "TO": 2.7, "FG%": 45.4, "FT%": 81.3, "3P%": 44.8}, "Lance Jones": {"GP": 33.0, "MIN": 28.5, "PTS": 12.2, "REB": 2.8, "AST": 2.0, "STL": 1.4, "BLK": 0.2, "TO": 1.5, "FG%": 41.3, "FT%": 74.7, "3P%": 35.4}, "Fletcher Loyer": {"GP": 33.0, "MIN": 27.2, "PTS": 10.4, "REB": 2.1, "AST": 1.8, "STL": 0.8, "BLK": 0.0, "TO": 1.2, "FG%": 41.6, "FT%": 85.4, "3P%": 43.9}, "Mason Gillis": {"GP": 33.0, "MIN": 20.9, "PTS": 7.1, "REB": 3.9, "AST": 1.7, "STL": 0.3, "BLK": 0.0, "TO": 0.8, "FG%": 50.3, "FT%": 85.4, "3P%": 48.1}, "Trey Kaufman-Renn": {"GP": 33.0, "MIN": 16.7, "PTS": 6.1, "REB": 4.0, "AST": 0.9, "STL": 0.3, "BLK": 0.3, "TO": 0.7, "FG%": 50.3, "FT%": 55.1, "3P%": 36.4}, "Myles Colvin": {"GP": 25.0, "MIN": 8.7, "PTS": 3.8, "REB": 0.7, "AST": 0.3, "STL": 0.3, "BLK": 0.2, "TO": 0.5, "FG%": 47.9, "FT%": 50.0, "3P%": 44.7}, "Camden Heide": {"GP": 33.0, "MIN": 12.3, "PTS": 3.1, "REB": 2.0, "AST": 0.4, "STL": 0.2, "BLK": 0.3, "TO": 0.2, "FG%": 56.3, "FT%": 70.0, "3P%": 46.9}, "Will Berg": {"GP": 12.0, "MIN": 4.2, "PTS": 2.7, "REB": 1.8, "AST": 0.0, "STL": 0.0, "BLK": 0.0, "TO": 0.4, "FG%": 73.7, "FT%": 36.4, "3P%": 0.0}, "Caleb Furst": {"GP": 33.0, "MIN": 9.4, "PTS": 2.4, "REB": 2.6, "AST": 0.5, "STL": 0.2, "BLK": 0.2, "TO": 0.5, "FG%": 44.8, "FT%": 67.6, "3P%": 27.3}, "Brian Waddell": {"GP": 12.0, "MIN": 4.3, "PTS": 0.9, "REB": 0.6, "AST": 0.3, "STL": 0.0, "BLK": 0.1, "TO": 0.1, "FG%": 33.3, "FT%": 42.9, "3P%": 0.0}, "Sam King": {"GP": 5.0, "MIN": 1.8, "PTS": 0.8, "REB": 0.6, "AST": 0.2, "STL": 0.2, "BLK": 0.4, "TO": 0.2, "FG%": 0.0, "FT%": 66.7, "3P%": 0.0}, "Ethan Morton": {"GP": 32.0, "MIN": 11.4, "PTS": 0.8, "REB": 1.0, "AST": 1.2, "STL": 0.5, "BLK": 0.2, "TO": 0.3, "FG%": 23.5, "FT%": 57.1, "3P%": 21.1}, "Carson Barrett": {"GP": 10.0, "MIN": 1.7, "PTS": 0.3, "REB": 0.6, "AST": 0.2, "STL": 0.0, "BLK": 0.0, "TO": 0.1, "FG%": 100.0, "FT%": 0.0, "3P%": 100.0}, "Chase Martin": {"GP": 10.0, "MIN": 1.8, "PTS": 0.2, "REB": 0.4, "AST": 0.2, "STL": 0.1, "BLK": 0.0, "TO": 0.3, "FG%": 14.3, "FT%": 0.0, "3P%": 0.0}, "Josh Furst": {"GP": 1.0, "MIN": 1.0, "PTS": 0.0, "REB": 1.0, "AST": 0.0, "STL": 0.0, "BLK": 0.0, "TO": 0.0, "FG%": 0.0, "FT%": 0.0, "3P%": 0.0}, "Jace Rayl": {"GP": 1.0, "MIN": 1.0, "PTS": 0.0, "REB": 0.0, "AST": 0.0, "STL": 0.0, "BLK": 0.0, "TO": 0.0, "FG%": 0.0, "FT%": 0.0, "3P%": 0.0}}}]