[{"team": "Yale Bulldogs", "score": 78, "home": false, "stats": {"Danny Wolf": {"GP": 31.0, "MIN": 30.8, "PTS": 14.3, "REB": 9.7, "AST": 2.3, "STL": 1.0, "BLK": 1.4, "TO": 2.3, "FG%": 47.7, "FT%": 71.6, "3P%": 33.3}, "John Poulakidas": {"GP": 32.0, "MIN": 31.1, "PTS": 13.5, "REB": 2.4, "AST": 1.9, "STL": 0.5, "BLK": 0.4, "TO": 0.9, "FG%": 45.3, "FT%": 75.4, "3P%": 40.5}, "Matt Knowling": {"GP": 27.0, "MIN": 28.1, "PTS": 11.6, "REB": 5.0, "AST": 2.6, "STL": 0.4, "BLK": 0.3, "TO": 0.9, "FG%": 56.5, "FT%": 62.0, "3P%": 14.3}, "Bez Mbeng": {"GP": 32.0, "MIN": 32.4, "PTS": 11.1, "REB": 4.1, "AST": 4.1, "STL": 1.9, "BLK": 0.3, "TO": 1.8, "FG%": 42.3, "FT%": 68.6, "3P%": 24.6}, "August Mahoney": {"GP": 32.0, "MIN": 27.0, "PTS": 10.4, "REB": 2.5, "AST": 1.3, "STL": 0.6, "BLK": 0.1, "TO": 0.9, "FG%": 48.4, "FT%": 85.0, "3P%": 45.8}, "Nick Townsend": {"GP": 32.0, "MIN": 18.0, "PTS": 6.2, "REB": 4.0, "AST": 1.1, "STL": 0.4, "BLK": 0.1, "TO": 0.7, "FG%": 44.8, "FT%": 79.6, "3P%": 30.8}, "Casey Simmons": {"GP": 31.0, "MIN": 13.5, "PTS": 3.6, "REB": 2.0, "AST": 0.3, "STL": 0.5, "BLK": 0.2, "TO": 0.5, "FG%": 51.7, "FT%": 56.7, "3P%": 23.5}, "Luke Kolaja": {"GP": 2.0, "MIN": 5.0, "PTS": 3.0, "REB": 0.0, "AST": 0.0, "STL": 0.0, "BLK": 0.0, "TO": 0.5, "FG%": 75.0, "FT%": 0.0, "3P%": 0.0}, "Yassine Gharram": {"GP": 32.0, "MIN": 14.0, "PTS": 2.6, "REB": 2.2, "AST": 1.3, "STL": 0.3, "BLK": 0.1, "TO": 0.7, "FG%": 39.5, "FT%": 59.3, "3P%": 15.8}, "Samson Aletan": {"GP": 20.0, "MIN": 7.3, "PTS": 2.2, "REB": 1.5, "AST": 0.2, "STL": 0.2, "BLK": 0.6, "TO": 0.4, "FG%": 64.0, "FT%": 63.2, "3P%": 0.0}, "Jack Molloy": {"GP": 17.0, "MIN": 6.1, "PTS": 1.8, "REB": 1.5, "AST": 0.1, "STL": 0.1, "BLK": 0.1, "TO": 0.2, "FG%": 37.5, "FT%": 100.0, "3P%": 28.6}, "Devon Arlington": {"GP": 7.0, "MIN": 3.1, "PTS": 1.6, "REB": 0.3, "AST": 0.1, "STL": 0.3, "BLK": 0.0, "TO": 0.3, "FG%": 45.5, "FT%": 0.0, "3P%": 33.3}, "Trevor Mullin": {"GP": 9.0, "MIN": 3.9, "PTS": 1.4, "REB": 0.4, "AST": 0.1, "STL": 0.2, "BLK": 0.0, "TO": 0.1, "FG%": 25.0, "FT%": 75.0, "3P%": 28.6}, "Teo Rice": {"GP": 10.0, "MIN": 4.4, "PTS": 1.3, "REB": 1.0, "AST": 0.5, "STL": 0.3, "BLK": 0.1, "TO": 0.2, "FG%": 35.3, "FT%": 0.0, "3P%": 14.3}, "Yussif Basa-Ama": {"GP": 13.0, "MIN": 4.2, "PTS": 1.2, "REB": 1.2, "AST": 0.4, "STL": 0.2, "BLK": 0.1, "TO": 0.0, "FG%": 50.0, "FT%": 50.0, "3P%": 0.0}, "Emir Buyukhanli": {"GP": 7.0, "MIN": 5.0, "PTS": 0.9, "REB": 1.0, "AST": 0.1, "STL": 0.6, "BLK": 0.0, "TO": 0.3, "FG%": 37.5, "FT%": 0.0, "3P%": 0.0}}}, {"team": "Auburn Tigers", "score": 76, "home": true, "stats": {"Johni Broome": {"GP": 35.0, "MIN": 24.7, "PTS": 16.5, "REB": 8.5, "AST": 2.2, "STL": 0.9, "BLK": 2.2, "TO": 1.6, "FG%": 54.8, "FT%": 61.5, "3P%": 35.4}, "Jaylin Williams": {"GP": 34.0, "MIN": 24.1, "PTS": 12.4, "REB": 4.4, "AST": 1.9, "STL": 0.7, "BLK": 0.7, "TO": 1.1, "FG%": 57.4, "FT%": 83.2, "3P%": 39.5}, "Chad Baker-Mazara": {"GP": 35.0, "MIN": 21.6, "PTS": 10.0, "REB": 3.7, "AST": 2.2, "STL": 1.0, "BLK": 0.5, "TO": 1.1, "FG%": 45.2, "FT%": 87.6, "3P%": 41.8}, "Denver Jones": {"GP": 35.0, "MIN": 21.9, "PTS": 9.1, "REB": 1.9, "AST": 1.3, "STL": 0.7, "BLK": 0.1, "TO": 0.9, "FG%": 44.2, "FT%": 86.3, "3P%": 41.8}, "Aden Holloway": {"GP": 35.0, "MIN": 20.2, "PTS": 7.3, "REB": 1.5, "AST": 2.7, "STL": 0.5, "BLK": 0.0, "TO": 0.9, "FG%": 31.8, "FT%": 77.4, "3P%": 30.2}, "K.D. Johnson": {"GP": 35.0, "MIN": 17.7, "PTS": 7.1, "REB": 1.8, "AST": 1.3, "STL": 1.1, "BLK": 0.2, "TO": 0.9, "FG%": 37.8, "FT%": 77.4, "3P%": 27.1}, "Tre Donaldson": {"GP": 35.0, "MIN": 19.2, "PTS": 6.7, "REB": 2.4, "AST": 3.2, "STL": 0.8, "BLK": 0.0, "TO": 1.3, "FG%": 47.1, "FT%": 78.4, "3P%": 41.2}, "Dylan Cardwell": {"GP": 35.0, "MIN": 14.7, "PTS": 5.3, "REB": 3.7, "AST": 1.2, "STL": 0.6, "BLK": 1.6, "TO": 0.8, "FG%": 70.9, "FT%": 58.7, "3P%": 40.0}, "Chaney Johnson": {"GP": 35.0, "MIN": 15.4, "PTS": 4.7, "REB": 3.4, "AST": 0.8, "STL": 0.5, "BLK": 0.5, "TO": 0.9, "FG%": 50.0, "FT%": 74.4, "3P%": 27.3}, "Chris Moore": {"GP": 34.0, "MIN": 14.1, "PTS": 2.5, "REB": 1.8, "AST": 0.8, "STL": 0.4, "BLK": 0.3, "TO": 0.5, "FG%": 47.7, "FT%": 77.3, "3P%": 26.1}, "Lior Berman": {"GP": 28.0, "MIN": 6.5, "PTS": 1.7, "REB": 1.1, "AST": 0.3, "STL": 0.1, "BLK": 0.0, "TO": 0.2, "FG%": 44.4, "FT%": 66.7, "3P%": 35.3}, "Blake Muschalek": {"GP": 15.0, "MIN": 1.4, "PTS": 0.5, "REB": 0.1, "AST": 0.1, "STL": 0.1, "BLK": 0.0, "TO": 0.1, "FG%": 0.0, "FT%": 61.5, "3P%": 0.0}, "Addarin Scott": {"GP": 15.0, "MIN": 1.4, "PTS": 0.4, "REB": 0.4, "AST": 0.1, "STL": 0.1, "BLK": 0.2, "TO": 0.1, "FG%": 66.7, "FT%": 100.0, "3P%": 0.0}, "Jalen Harper": {"GP": 13.0, "MIN": 1.2, "PTS": 0.3, "REB": 0.0, "AST": 0.1, "STL": 0.0, "BLK": 0.0, "TO": 0.0, "FG%": 20.0, "FT%": 0.0, "3P%": 0.0}, "Carter Sobera": {"GP": 15.0, "MIN": 1.3, "PTS": 0.0, "REB": 0.3, "AST": 0.0, "STL": 0.0, "BLK": 0.0, "TO": 0.0, "FG%": 0.0, "FT%": 0.0, "3P%": 0.0}, "Presley Patterson": {"GP": 3.0, "MIN": 1.0, "PTS": 0.0, "REB": 0.7, "AST": 0.0, "STL": 0.0, "BLK": 0.0, "TO": 0.3, "FG%": 0.0, "FT%": 0.0, "3P%": 0.0}, "Haston Alexander": {"GP": 1.0, "MIN": 1.0, "PTS": 0.0, "REB": 1.0, "AST": 0.0, "STL": 0.0, "BLK": 0.0, "TO": 0.0, "FG%": 0.0, "FT%": 0.0, "3P%": 0.0}}}]